X,Y,FID,CASE_ID,ACCIDENT_YEAR,PROCDATE,JURIS,COLLISION_DATE,COLLISION_TIME,OFFICER_ID,REPORTING_DISTRICT,DAY_OF_WEEK,SHIFT,POPULATION,CNTY_CITY_LOC,SPECIAL_COND,BEAT_TYPE,CHP_BEAT_TYPE,CITY_DIVISION_LAPD,CHP_BEAT_CLASS,BEATNUMB,PRIMARY_RD,SECONDARY_RD,DISTANCE,DIRECTION,INTERSECTION,WEATHER_1,WEATHER_2,STATE_HWY_IND,CALTRANS_COUNTY,CALTRANS_DISTRICT,STATE_ROUTE,ROUTE_SUFFIX,POSTMILE_PREFIX,POSTMILE,LOCATION_TYPE,RAMP_INTERSECTION,SIDE_OF_HWY,TOW_AWAY,COLLISION_SEVERITY,NUMBER_KILLED,NUMBER_INJURED,PARTY_COUNT,PRIMARY_COLL_FACTOR,PCF_CODE_VIOL,PCF_VIOL_CATEGORY,PCF_VIOLATION,PCF_VIOL_SUBSECTION,HIT_AND_RUN,TYPE_OF_COLLISION,MVIW,PED_ACTION,ROAD_SURFACE,ROAD_COND_1,ROAD_COND_2,LIGHTING,CONTROL_DEVICE,CHP_ROAD_TYPE,PEDESTRIAN_ACCIDENT,BICYCLE_ACCIDENT,MOTORCYCLE_ACCIDENT,TRUCK_ACCIDENT,NOT_PRIVATE_PROPERTY,ALCOHOL_INVOLVED,STWD_VEHTYPE_AT_FAULT,CHP_VEHTYPE_AT_FAULT,COUNT_SEVERE_INJ,COUNT_VISIBLE_INJ,COUNT_COMPLAIN_PAIN,COUNT_PED_KILLED,COUNT_PED_INJURED,COUNT_BICYCLIST_KILLED,COUNT_BICYCLIST_INJURED,COUNT_MC_KILLED,COUNT_MC_INJURED,PRIMARY_RAMP,SECONDARY_RAMP,LATITUDE,LONGITUDE,TIMECAT,MONTH_,CITY,COUNTY,STATE,POINT_X,POINT_Y,Match_addr,m_primaryrd,m_secondrd
-118.2950021,34.09086227,6074,4148479,2009,11/5/2009 0:00,1942,3/7/2009,1245,24432,201,6,5,7,1942,0,0,0,B,0,DESK,HELIOTROPE DR,SANTA MONICA,2,N,N,A,-,N,,0,0,,,0,,,,N,4,0,1,2,A,-,-,0,,N,D,B,A,A,H,-,A,A,0,,Y,,,Y,,L,4,0,0,1,0,0,0,1,0,0,-,-,0,0,1500,3,LOS ANGELES,LOS ANGELES,CA,-118.2950021,34.09086227,"N HELIOTROPE DR & SANTA MONICA BLVD, LOS ANGELES, CA, 90029",N HELIOTROPE DR,SANTA MONICA BLVD
-118.3266691,34.09465027,6232,4149475,2009,11/12/2009 0:00,1942,3/7/2009,1400,24812,666,6,5,7,1942,0,0,0,F,0,6TL7,VINE ST,FOUNTAIN AV,100,N,N,A,-,N,,0,0,,,0,,,,N,3,0,1,2,D,-,0,0,,N,H,G,A,A,H,-,A,D,0,,Y,,,Y,,-,-,0,1,0,0,0,0,1,0,0,-,-,0,0,1500,3,LOS ANGELES,LOS ANGELES,CA,-118.3266691,34.09465027,"VINE ST & FOUNTAIN AVE, LOS ANGELES, CA, 90028",VINE ST,FOUNTAIN AVE
-118.2945126,34.03813171,7112,4166493,2009,11/9/2009 0:00,1942,3/7/2009,1600,33494,2097,6,5,7,1942,0,0,0,,0,34MQ8,20TH ST,BUDLONG AV,525,E,N,A,-,N,,0,0,,,0,,,,N,4,0,1,2,A,-,9,21804,A,N,D,G,A,A,H,-,A,D,0,,Y,,,Y,,L,4,0,0,1,0,0,0,1,0,0,-,-,0,0,1800,3,LOS ANGELES,LOS ANGELES,CA,-118.2945126,34.03813171,"W 20TH ST & S BUDLONG AVE, LOS ANGELES, CA, 90007",W 20TH ST,S BUDLONG AVE
-118.3182523,34.01086807,7493,4170652,2009,11/3/2009 0:00,1942,3/7/2009,2215,39437,374,6,5,7,1942,0,0,0,C,0,3A99,ARLINGTON AV,MARTIN LUTHER KING JR BL,20,N,N,A,-,N,,0,0,,,0,,,,N,3,0,1,2,A,-,11,21954,A,F,C,G,A,A,H,-,C,D,0,,Y,,,Y,,-,-,0,1,0,0,0,0,1,0,0,-,-,0,0,2400,3,LOS ANGELES,LOS ANGELES,CA,-118.3182523,34.01086807,"ARLINGTON AVE & W MARTIN LUTHER KING JR BLVD, LOS ANGELES, CA, 90008",ARLINGTON AVE,W MARTIN LUTHER KING JR BLVD
-118.2368527,34.0594635,5741,4146424,2009,10/31/2009 0:00,1942,3/8/2009,1640,33007,111,7,5,7,1942,0,0,0,A,0,4TL4,ORD ST,ALAMEDA ST,10,W,N,A,-,N,,0,0,,,0,,,,N,4,0,1,2,A,-,5,21202,A,N,D,G,A,A,H,-,A,A,0,,Y,,,Y,,L,4,0,0,1,0,0,0,1,0,0,-,-,0,0,1800,3,LOS ANGELES,LOS ANGELES,CA,-118.2368527,34.0594635,"ORD ST & N ALAMEDA ST, LOS ANGELES, CA, 90012",ORD ST,N ALAMEDA ST
-118.359896,34.04374695,6737,4161889,2009,10/30/2009 0:00,1942,3/8/2009,1915,37613,773,7,5,7,1942,0,0,0,G,0,8T35,VENICE BL,CARMONA AV,5,E,N,A,-,N,,0,0,,,0,,,,N,4,0,1,2,A,-,17,21200,,N,D,G,A,A,H,-,A,A,0,,Y,,,Y,Y,L,4,0,0,1,0,0,0,1,0,0,-,-,0,0,2100,3,LOS ANGELES,LOS ANGELES,CA,-118.359896,34.04374695,"VENICE BLVD & CARMONA AVE, LOS ANGELES, CA, 90019",VENICE BLVD,CARMONA AVE
-118.3305021,34.02561188,7499,4170664,2009,10/23/2009 0:00,1942,3/8/2009,1920,38957,334,7,5,7,1942,0,0,0,C,0,18T23,EDGEHILL DR,JEFFERSON ST,3,N,N,A,-,N,,0,0,,,0,,,,N,4,0,1,2,A,-,5,21650,,F,-,G,A,A,H,-,C,D,0,,Y,,,Y,Y,L,4,0,0,1,0,0,0,1,0,0,-,-,0,0,2100,3,LOS ANGELES,LOS ANGELES,CA,-118.3305021,34.02561188,"EDGEHILL DR & W JEFFERSON BLVD, LOS ANGELES, CA, 90018",EDGEHILL DR,W JEFFERSON BLVD
-118.3977029,34.21541977,6159,4149238,2009,11/2/2009 0:00,1942,3/9/2009,1700,38264,,1,5,7,1942,0,0,0,,0,1693,VANTAGE AV,STRATHERN ST,100,S,N,A,-,N,,0,0,,,0,,,,N,3,0,1,2,D,-,0,0,,F,B,G,A,A,H,-,A,D,0,,Y,,,Y,,-,-,0,1,0,0,0,0,1,0,0,-,-,0,0,1800,3,LOS ANGELES,LOS ANGELES,CA,-118.3977029,34.21541977,"VANTAGE AVE & STRATHERN ST, LOS ANGELES, CA, 91605",VANTAGE AVE,STRATHERN ST
-118.47544,33.99494171,7154,4166598,2009,11/6/2009 0:00,1942,3/9/2009,2120,36337,1413,1,5,7,1942,0,0,0,N,0,14A25,SUNSET AV,HAMPTON DR,0,,Y,A,-,N,,0,0,,,0,,,,N,3,0,1,2,A,-,3,22350,,F,D,G,A,A,H,-,C,A,0,,Y,,,Y,,-,-,0,1,0,0,0,0,1,0,0,-,-,0,0,2400,3,LOS ANGELES,LOS ANGELES,CA,-118.47544,33.99494171,"SUNSET AVE & HAMPTON DR, LOS ANGELES, CA, 90291",SUNSET AVE,HAMPTON DR
-118.3001921,34.01633072,7505,4170676,2009,10/23/2009 0:00,1942,3/9/2009,1145,38794,,1,5,7,1942,0,0,0,,0,377,NORMANDIE AV,ROLLAND CURTIS PL,30,S,N,A,-,N,,0,0,,,0,,,,N,4,0,1,2,A,-,6,21750,,N,-,G,A,A,H,-,A,D,0,,Y,,,Y,,-,-,0,0,1,0,0,0,1,0,0,-,-,0,0,1200,3,LOS ANGELES,LOS ANGELES,CA,-118.3001921,34.01633072,"S NORMANDIE AVE & ROLLAND CURTIS PL, LOS ANGELES, CA, 90037",S NORMANDIE AVE,ROLLAND CURTIS PL
0,0,7508,4170684,2009,10/27/2009 0:00,1942,3/9/2009,2110,37411,327,1,5,7,1942,0,0,0,,0,3L90,HOOVER ST,29TH ST,2,W,N,A,-,N,,0,0,,,0,,,,N,4,0,1,2,A,-,-,0,,F,-,G,A,A,H,-,C,A,0,,Y,,,Y,,-,-,0,0,1,0,0,0,1,0,0,-,-,0,0,2400,3,LOS ANGELES,LOS ANGELES,CA,0,0,,,
-118.47611,34.05162811,12165,4234638,2009,11/3/2009 0:00,1942,3/9/2009,1740,38844,831,1,5,7,1942,0,0,0,H,0,8X56,SAN VICENTE BL,GRETNA GREEN WY,0,,Y,A,-,N,,0,0,,,0,,,,N,2,0,1,2,A,-,9,21802,A,N,D,G,A,A,H,-,A,A,0,,Y,,,Y,,L,4,1,0,0,0,0,0,1,0,0,-,-,0,0,1800,3,LOS ANGELES,LOS ANGELES,CA,-118.47611,34.05162811,"SAN VICENTE BLVD & GRETNA GREEN WAY, LOS ANGELES, CA, 90049",SAN VICENTE BLVD,GRETNA GREEN WAY
-118.2058568,34.01997757,3665,4122977,2009,11/5/2009 0:00,1942,3/10/2009,1900,37443,497,2,5,7,1942,0,0,0,,0,4A6,LORENA AV,HUNTER AV,10,N,N,A,-,N,,0,0,,,0,,,,N,4,0,1,2,D,-,0,0,,F,D,G,A,A,H,-,B,D,0,,Y,,,Y,Y,-,-,0,0,1,0,0,0,1,0,0,-,-,0,0,2100,3,LOS ANGELES,LOS ANGELES,CA,-118.2058568,34.01997757,"S LORENA ST & HUNTER ST, LOS ANGELES",S LORENA ST,HUNTER ST
0,0,6139,4149211,2009,10/29/2009 0:00,1942,3/10/2009,1045,38687,1549,2,5,7,1942,0,0,0,O,0,16T23,CUMPSTON ST,LANKERSHIM BL,10,,N,A,-,N,,0,0,,,0,,,,N,4,0,1,2,A,-,5,21650,,N,D,G,A,A,H,-,A,A,0,,Y,,,Y,,L,4,0,0,1,0,0,0,1,0,0,-,-,0,0,1200,3,LOS ANGELES,LOS ANGELES,CA,0,0,,,
-118.5262751,34.20105362,6288,4149545,2009,11/12/2009 0:00,1942,3/10/2009,1225,33779,1025,2,5,7,1942,0,0,0,J,0,9TL54,SHERMAN WY,HESPERIA AV,13,W,N,A,-,N,,0,0,,,0,,,,N,3,0,1,2,A,-,5,21650,1,N,D,G,A,A,H,-,A,A,0,,Y,,,Y,,L,4,0,1,0,0,0,0,1,0,0,-,-,0,0,1500,3,LOS ANGELES,LOS ANGELES,CA,-118.5262751,34.20105362,"SHERMAN WAY & HESPERIA AVE, LOS ANGELES, CA, 91335",SHERMAN WAY,HESPERIA AVE
0,0,6729,4161861,2009,10/30/2009 0:00,1942,3/10/2009,1820,35199,727,2,5,7,1942,0,0,0,G,0,8TL26,MANSFIELD AV,1ST ST,140,,N,A,-,N,,0,0,,,0,,,,N,3,0,1,2,A,-,21,22106,,N,H,G,A,A,H,-,A,D,0,,Y,,,Y,,A,1,0,1,0,0,0,0,1,0,0,-,-,0,0,2100,3,LOS ANGELES,LOS ANGELES,CA,0,0,,,
-118.2391095,33.94322205,6955,4165155,2009,10/24/2009 0:00,1942,3/10/2009,1745,38876,1827,2,5,7,1942,0,0,0,R,0,12T73,WILMINGTON AV,103RD ST,35,N,N,A,-,N,,0,0,,,0,,,,N,4,0,1,2,A,-,5,21650,1,N,A,G,A,A,H,-,A,D,0,,Y,,,Y,,L,4,0,0,1,0,0,0,1,0,0,-,-,0,0,1800,3,LOS ANGELES,LOS ANGELES,CA,-118.2391095,33.94322205,"WILMINGTON AVE & E 103RD ST, LOS ANGELES, CA, 90002",WILMINGTON AVE,E 103RD ST
-118.40854,34.02640915,7260,4167615,2009,10/26/2009 0:00,1942,3/10/2009,1800,33828,1406,2,5,7,1942,0,0,0,N,0,14X12,MOTOR AV,PALMS BL,0,,Y,A,-,N,,0,0,,,0,,,,N,4,0,1,2,A,-,9,21801,A,N,H,G,A,A,H,-,A,A,0,,Y,,,Y,,A,1,0,0,1,0,0,0,1,0,0,-,-,0,0,2100,3,LOS ANGELES,LOS ANGELES,CA,-118.40854,34.02640915,"MOTOR AVE & PALMS BLVD, LOS ANGELES, CA, 90034",MOTOR AVE,PALMS BLVD
-118.25673,34.0404,6918,4164605,2009,11/16/2009 0:00,1942,3/11/2009,805,38285,185,3,5,7,1942,0,0,0,A,0,11TL21,OLYMPIC,MAIN,0,,Y,-,-,N,,0,0,,,0,,,,N,4,0,1,2,A,-,5,21650,1,N,D,G,A,-,-,-,-,A,0,,Y,,,Y,,-,-,0,0,1,0,0,0,1,0,0,-,-,0,0,900,3,LOS ANGELES,LOS ANGELES,CA,-118.25673,34.0404,"E OLYMPIC BLVD & S MAIN ST, LOS ANGELES, CA, 90015",E OLYMPIC BLVD,S MAIN ST
-118.4313,34.00497055,7102,4166413,2009,11/6/2009 0:00,1942,3/11/2009,955,39122,1446,3,5,7,1942,0,0,0,N,0,14A11,GRAND VIEW BL,VENICE BL,0,,Y,B,-,N,,0,0,,,0,,,,N,3,0,1,2,A,-,5,21650,,N,H,G,A,A,H,-,A,D,0,,Y,,,Y,,L,4,0,1,0,0,0,0,1,0,0,-,-,0,0,1200,3,LOS ANGELES,LOS ANGELES,CA,-118.4313,34.00497055,"GRAND VIEW BLVD & VENICE BLVD, LOS ANGELES, CA, 90066",GRAND VIEW BLVD,VENICE BLVD
-118.4322139,34.00187302,7160,4166614,2009,1/4/2010 0:00,1942,3/11/2009,1115,33742,1445,3,5,7,1942,0,0,0,N,0,1115,CENTINELA AV,BARBARA AV,150,N,N,B,-,N,,0,0,,,0,,,,N,3,0,1,2,A,-,7,21658,A,N,B,G,A,A,H,-,A,A,0,,Y,,,Y,,-,-,0,1,0,0,0,0,1,0,0,-,-,0,0,1200,3,LOS ANGELES,LOS ANGELES,CA,-118.4322139,34.00187302,"S CENTINELA AVE & BARBARA AVE, LOS ANGELES, CA, 90066",S CENTINELA AVE,BARBARA AVE
-118.45307,34.16485977,6404,4158696,2009,11/5/2009 0:00,1942,3/12/2009,750,36755,963,4,5,7,1942,0,0,0,I,0,9TL53,MAGNOLIA BL,CEDROS AV,0,,Y,A,-,N,,0,0,,,0,,,,Y,3,0,1,2,A,-,5,21650,1,N,D,G,A,A,C,-,A,D,0,,Y,,,Y,,L,4,0,1,0,0,0,0,1,0,0,-,-,0,0,900,3,LOS ANGELES,LOS ANGELES,CA,-118.45307,34.16485977,"MAGNOLIA BLVD & CEDROS AVE, LOS ANGELES, CA, 91403",MAGNOLIA BLVD,CEDROS AVE
-118.2658211,34.0515213,6569,4159890,2009,11/4/2009 0:00,1942,3/12/2009,830,36238,249,4,5,7,1942,0,0,0,B,0,4TL45,LUCAS AV,7TH ST,7,N,N,A,-,N,,0,0,,,0,,,,N,4,0,1,2,A,-,5,21650,1,N,D,G,A,A,H,-,A,D,0,,Y,,,Y,,L,4,0,0,1,0,0,0,1,0,0,-,-,0,0,900,3,LOS ANGELES,LOS ANGELES,CA,-118.2658211,34.0515213,"LUCAS AVE & W 7TH ST, LOS ANGELES, CA, 90017",LUCAS AVE,W 7TH ST
-118.4746903,34.32237625,6747,4162092,2009,10/31/2009 0:00,1942,3/12/2009,630,36477,1901,4,5,7,1942,0,0,0,,0,15TL47,FOOTHILL BL,EXCELSIOR AV,462,E,N,A,-,N,,0,0,,,0,,,,N,4,0,1,2,A,-,3,22350,,N,H,G,A,A,H,-,C,D,0,,Y,,,Y,,A,1,0,0,1,0,0,0,1,0,0,-,-,0,0,900,3,LOS ANGELES,LOS ANGELES,CA,-118.4746903,34.32237625,"FOOTHILL BLVD & EXCELSIOR ST, LOS ANGELES, CA, 91342",FOOTHILL BLVD,EXCELSIOR ST
-118.2455992,34.0418396,6926,4164621,2009,11/16/2009 0:00,1942,3/12/2009,1320,25521,157,4,5,7,1942,0,0,0,A,0,FB56,SAN PEDRO ST,5TH ST,1000,S,N,A,-,N,,0,0,,,0,,,,N,3,0,1,2,A,-,17,22517,,N,B,G,A,A,H,-,A,D,0,,Y,,,Y,,A,7,0,1,0,0,0,0,1,0,0,-,-,0,0,1500,3,LOS ANGELES,LOS ANGELES,CA,-118.2455992,34.0418396,"S SAN PEDRO ST & E 5TH ST, LOS ANGELES, CA, 90013",S SAN PEDRO ST,E 5TH ST
-118.32009,34.0907516,7133,4166534,2009,11/9/2009 0:00,1942,3/12/2009,1215,38489,677,4,5,7,1942,0,0,0,F,0,6TL7,SANTA MONICA BL,GORDON ST,0,,Y,A,-,N,,0,0,,,0,,,,N,3,0,1,2,A,-,5,21650,1,N,D,G,A,A,H,-,A,A,0,,Y,,,Y,,L,4,0,1,0,0,0,0,1,0,0,-,-,0,0,1500,3,LOS ANGELES,LOS ANGELES,CA,-118.32009,34.0907516,"SANTA MONICA BLVD & GORDON ST, LOS ANGELES, CA, 90038",SANTA MONICA BLVD,GORDON ST
-118.4938,34.23567963,7254,4167606,2009,10/26/2009 0:00,1942,3/12/2009,1910,37953,17,4,5,7,1942,0,0,0,Q,0,DESK,HAYVENHURST AV,NORDHOFF ST,0,,Y,A,-,N,,0,0,,,0,,,,N,4,0,1,2,D,-,0,0,,F,G,G,A,A,H,-,B,A,0,,Y,,,Y,,-,-,0,0,1,0,0,0,1,0,0,-,-,0,0,2100,3,LOS ANGELES,LOS ANGELES,CA,-118.4938,34.23567963,"HAYVENHURST AVE & NORDHOFF ST, LOS ANGELES, CA, 91343",HAYVENHURST AVE,NORDHOFF ST
-118.2564953,34.00363159,6497,4159672,2009,10/31/2009 0:00,1942,3/13/2009,802,38181,1364,5,5,7,1942,0,0,0,M,0,11TL21,CENTRAL AV,VERNON AV,110,S,N,-,-,N,,0,0,,,0,,,,N,3,0,1,2,A,-,5,21202,A,N,D,G,A,-,-,-,-,D,0,,Y,,,Y,,-,-,0,1,0,0,0,0,1,0,0,-,-,0,0,900,3,LOS ANGELES,LOS ANGELES,CA,-118.2564953,34.00363159,"S CENTRAL AVE & E VERNON AVE, LOS ANGELES, CA, 90011",S CENTRAL AVE,E VERNON AVE
-118.5361,34.23912048,6685,4161522,2009,11/6/2009 0:00,1942,3/13/2009,100,39068,1785,5,5,7,1942,0,0,0,Q,0,17X54,RESEDA BL,PRAIRIE ST,0,,Y,A,-,N,,0,0,,,0,,,,N,4,0,1,2,A,-,10,21950,A,N,D,G,A,A,H,-,C,A,0,,Y,,,Y,,A,7,0,0,1,0,0,0,1,0,0,-,-,0,0,300,3,LOS ANGELES,LOS ANGELES,CA,-118.5361,34.23912048,"RESEDA BLVD & PRAIRIE ST, LOS ANGELES, CA, 91324",RESEDA BLVD,PRAIRIE ST
-118.26119,34.03712082,6979,4166003,2009,11/4/2009 0:00,1942,3/13/2009,1905,38233,185,5,5,7,1942,0,0,0,A,0,2T15,BROADWAY,PICO BL,0,,Y,A,-,N,,0,0,,,0,,,,N,4,0,1,2,A,-,3,22350,,N,D,G,A,A,H,-,C,D,0,,Y,,,Y,,L,4,0,0,1,0,0,0,1,0,0,-,-,0,0,2100,3,LOS ANGELES,LOS ANGELES,CA,-118.26119,34.03712082,"S BROADWAY & W PICO BLVD, LOS ANGELES, CA, 90015",S BROADWAY,W PICO BLVD
-118.24663,34.0523796,7162,4166620,2009,11/3/2009 0:00,1942,3/13/2009,1600,37218,123,5,5,7,1942,0,0,0,A,0,2T28,BROADWAY,2ND ST,0,,Y,A,-,N,,0,0,,,0,,,,N,3,0,1,2,A,-,9,21801,A,F,D,G,A,A,H,-,A,A,0,,Y,,,Y,,-,99,0,1,0,0,0,0,1,0,0,-,-,0,0,1800,3,LOS ANGELES,LOS ANGELES,CA,-118.24663,34.0523796,"S BROADWAY & W 2ND ST, LOS ANGELES, CA, 90012",S BROADWAY,W 2ND ST
-118.4600262,34.03202438,10625,4214961,2009,11/7/2009 0:00,1942,3/14/2009,1700,37595,881,6,5,7,1942,0,0,0,H,0,7TL72,CENTINELA AV,OLYMPIC BL,350,N,N,A,-,N,,0,0,,,0,,,,N,3,0,1,2,A,-,6,21750,,N,H,G,A,A,H,-,A,D,0,,Y,,,Y,,A,7,0,1,0,0,0,0,1,0,0,-,-,0,0,1800,3,LOS ANGELES,LOS ANGELES,CA,-118.4600262,34.03202438,"CENTINELA AVE & OLYMPIC BLVD, SANTA MONICA, CA, 90404",CENTINELA AVE,OLYMPIC BLVD
-118.45125,34.27191925,6697,4161539,2009,11/2/2009 0:00,1942,3/15/2009,1530,33122,1943,7,5,7,1942,0,0,0,,0,19TL76,SHARP AV,CHATSWORTH DR,0,,Y,A,-,N,,0,0,,,0,,,,N,4,0,1,2,A,-,5,21202,A,F,D,G,A,A,H,-,A,A,0,,Y,,,Y,,L,4,0,0,1,0,0,0,1,0,0,-,-,0,0,1800,3,LOS ANGELES,LOS ANGELES,CA,-118.45125,34.27191925,"SHARP AVE & CHATSWORTH DR, LOS ANGELES, CA, 91345",SHARP AVE,CHATSWORTH DR
-118.5881734,34.25723648,6758,4162151,2009,10/31/2009 0:00,1942,3/15/2009,1355,38273,1752,7,5,7,1942,0,0,0,Q,0,19TL78,DEVONSHIRE ST,DE SOTO AV,127,E,N,A,-,N,,0,0,,,0,,,,N,4,0,1,2,A,-,8,22107,,N,H,G,A,A,H,-,A,D,0,,Y,,,Y,,A,1,0,0,1,0,0,0,1,0,0,-,-,0,0,1500,3,LOS ANGELES,LOS ANGELES,CA,-118.5881734,34.25723648,"DEVONSHIRE ST & DE SOTO AVE, LOS ANGELES, CA, 91311",DEVONSHIRE ST,DE SOTO AVE
-118.4947858,34.05117416,7712,4172169,2009,10/23/2009 0:00,1942,3/15/2009,1130,24517,824,7,5,7,1942,0,0,0,H,0,8TL35,ALLENFORD AV,PONTOON PL,200,S,N,A,-,N,,0,0,,,0,,,,N,3,0,1,2,A,-,6,21755,,N,B,G,A,A,G,-,A,D,0,,Y,,,Y,,L,4,0,1,0,0,0,0,1,0,0,-,-,0,0,1200,3,LOS ANGELES,LOS ANGELES,CA,-118.4947858,34.05117416,"ALLENFORD AVE & PONTOON PL, LOS ANGELES, CA, 90049",ALLENFORD AVE,PONTOON PL
-118.5265531,34.235466,6756,4162143,2009,10/31/2009 0:00,1942,3/16/2009,1815,38356,1785,1,5,7,1942,0,0,0,Q,0,16TL22,NORDHOFF ST,LINDLEY AV,245,E,N,A,-,N,,0,0,,,0,,,,N,3,0,1,2,A,-,5,21202,A,N,H,G,A,A,H,-,A,A,0,,Y,,,Y,,L,4,0,1,0,0,0,0,1,0,0,-,-,0,0,2100,3,LOS ANGELES,LOS ANGELES,CA,-118.5265531,34.235466,"NORDHOFF ST & LINDLEY AVE, LOS ANGELES, CA, 91325",NORDHOFF ST,LINDLEY AVE
-118.38161,34.05435181,7222,4167553,2009,10/26/2009 0:00,1942,3/16/2009,1310,37705,859,1,5,7,1942,0,0,0,H,0,20TL56,PICO BL,SHENANDOAH ST,0,,N,A,-,N,,0,0,,,0,,,,N,2,0,1,2,A,-,12,21453,A,N,H,G,A,A,H,-,A,A,0,,Y,,,Y,,-,-,1,0,0,0,0,0,1,0,0,-,-,0,0,1500,3,LOS ANGELES,LOS ANGELES,CA,-118.38161,34.05435181,"W PICO BLVD & S SHENANDOAH ST, LOS ANGELES, CA, 90035",W PICO BLVD,S SHENANDOAH ST
-118.4323613,34.02738953,7249,4167600,2009,10/26/2009 0:00,1942,3/16/2009,1740,37595,1402,1,5,7,1942,0,0,0,N,0,14TL52,SAWTELLE AV,NATIONA BL,500,N,N,A,-,N,,0,0,,,0,,,,N,3,0,1,2,A,-,6,21750,,N,E,G,A,A,H,-,A,D,0,,Y,,,Y,,L,4,0,1,0,0,0,0,1,0,0,-,-,0,0,1800,3,LOS ANGELES,LOS ANGELES,CA,-118.4323613,34.02738953,"SAWTELLE BLVD & NATIONAL BLVD, LOS ANGELES, CA, 90064",SAWTELLE BLVD,NATIONAL BLVD
-118.4323613,34.02738953,7982,4172466,2009,12/4/2009 0:00,1942,3/16/2009,1741,37595,1402,1,5,7,1942,0,0,0,N,0,14TL52,SAWTELLE AV,NATIONA BL,500,N,N,A,-,N,,0,0,,,0,,,,N,2,0,1,2,C,-,18,0,,N,H,G,A,A,H,-,A,D,0,,Y,,,Y,,-,-,1,0,0,0,0,0,1,0,0,-,-,0,0,1800,3,LOS ANGELES,LOS ANGELES,CA,-118.4323613,34.02738953,"SAWTELLE BLVD & NATIONAL BLVD, LOS ANGELES, CA, 90064",SAWTELLE BLVD,NATIONAL BLVD
-118.42224,34.01924133,7985,4172470,2009,11/24/2009 0:00,1942,3/16/2009,1645,37595,1437,1,5,7,1942,0,0,0,N,0,14TL52,PALMS BL,SEPULVEDA BL,0,,Y,A,-,N,,0,0,,,0,,,,N,3,0,1,2,A,-,9,21804,A,N,H,G,A,A,H,-,A,A,0,,Y,,,Y,,L,4,0,1,0,0,0,0,1,0,0,-,-,0,0,1800,3,LOS ANGELES,LOS ANGELES,CA,-118.42224,34.01924133,"PALMS BLVD & S SEPULVEDA BLVD, LOS ANGELES, CA, 90034",PALMS BLVD,S SEPULVEDA BLVD
-118.21261,34.0466919,6904,4164577,2009,11/16/2009 0:00,1942,3/17/2009,1650,34426,464,2,5,7,1942,0,0,0,D,0,1T24,MICHIGAN AV,SAINT LOUIS ST,0,,Y,A,-,N,,0,0,,,0,,,,N,4,0,1,2,A,-,12,22450,,N,D,G,A,A,H,-,A,A,0,,Y,,,Y,,A,7,0,0,1,0,0,0,1,0,0,-,-,0,0,1800,3,LOS ANGELES,LOS ANGELES,CA,-118.21261,34.04669189,"MICHIGAN AVE & N SAINT LOUIS ST, LOS ANGELES, CA, 90033",MICHIGAN AVE,N SAINT LOUIS ST
-118.53171,34.21562958,7060,4166261,2009,11/6/2009 0:00,1942,3/17/2009,625,36681,1004,2,5,7,1942,0,0,0,J,0,21TL65,ETIWANDA AV,STRATHERN ST,0,,Y,A,-,N,,0,0,,,0,,,,N,4,0,1,2,A,-,9,21802,A,N,H,G,A,A,H,-,B,A,0,,Y,,,Y,,-,-,0,0,1,0,0,0,1,0,0,-,-,0,0,900,3,LOS ANGELES,LOS ANGELES,CA,-118.53171,34.21562958,"ETIWANDA AVE & STRATHERN ST, LOS ANGELES, CA, 91335",ETIWANDA AVE,STRATHERN ST
0,0,7064,4166269,2009,11/9/2009 0:00,1942,3/17/2009,935,38687,1025,2,5,7,1942,0,0,0,J,0,16T23,ROSEDELL DR,SHERMAN WY,158,S,N,A,-,N,,0,0,,,0,,,,N,4,0,1,2,A,-,5,21650,1,N,H,G,A,A,H,-,A,D,0,,Y,,,Y,,L,4,0,0,1,0,0,0,1,0,0,-,-,0,0,1200,3,LOS ANGELES,LOS ANGELES,CA,0,0,,,
-118.36152,34.15763855,7261,4167616,2009,10/26/2009 0:00,1942,3/17/2009,2115,39493,1557,2,5,7,1942,0,0,0,O,0,15A43,CAHUENGA BL,CAMARILLO ST,0,,Y,A,-,N,,0,0,,,0,,,,N,4,0,1,2,A,-,10,21950,A,N,G,G,A,A,H,-,C,A,0,,Y,,,Y,,A,1,0,0,1,0,0,0,1,0,0,-,-,0,0,2400,3,LOS ANGELES,LOS ANGELES,CA,-118.36152,34.15763855,"CAHUENGA BLVD & CAMARILLO ST, LOS ANGELES, CA, 91601",CAHUENGA BLVD,CAMARILLO ST
-118.45747,34.22829056,7874,4172346,2009,10/31/2009 0:00,1942,3/17/2009,1145,38273,1984,2,5,7,1942,0,0,0,,0,19TL78,KESTER AV,PARTHENIA ST,0,,Y,A,-,N,,0,0,,,0,,,,N,4,0,1,2,A,-,8,22107,,N,D,G,A,A,H,-,A,A,0,,Y,,,Y,,A,7,0,0,1,0,0,0,1,0,0,-,-,0,0,1200,3,LOS ANGELES,LOS ANGELES,CA,-118.45747,34.22829056,"KESTER AVE & PARTHENIA ST, LOS ANGELES, CA, 91402",KESTER AVE,PARTHENIA ST
-118.2837829,34.0096474,9347,4199712,2009,11/5/2009 0:00,1942,3/17/2009,655,38025,398,2,5,7,1942,0,0,0,C,0,3TL5,41ST ST,FIGUEROA ST,313,W,N,A,-,N,,0,0,,,0,,,,N,3,0,1,2,B,-,22,0,,N,D,G,A,A,H,-,A,D,0,,Y,,,Y,,L,4,0,1,0,0,0,0,1,0,0,-,-,0,0,900,3,LOS ANGELES,LOS ANGELES,CA,-118.2837829,34.0096474,"W 41ST ST & S FIGUEROA ST, LOS ANGELES, CA",W 41ST ST,S FIGUEROA ST