X,Y,FID,CASE_ID,ACCIDENT_YEAR,PROCDATE,JURIS,COLLISION_DATE,COLLISION_TIME,OFFICER_ID,REPORTING_DISTRICT,DAY_OF_WEEK,SHIFT,POPULATION,CNTY_CITY_LOC,SPECIAL_COND,BEAT_TYPE,CHP_BEAT_TYPE,CITY_DIVISION_LAPD,CHP_BEAT_CLASS,BEATNUMB,PRIMARY_RD,SECONDARY_RD,DISTANCE,DIRECTION,INTERSECTION,WEATHER_1,WEATHER_2,STATE_HWY_IND,CALTRANS_COUNTY,CALTRANS_DISTRICT,STATE_ROUTE,ROUTE_SUFFIX,POSTMILE_PREFIX,POSTMILE,LOCATION_TYPE,RAMP_INTERSECTION,SIDE_OF_HWY,TOW_AWAY,COLLISION_SEVERITY,NUMBER_KILLED,NUMBER_INJURED,PARTY_COUNT,PRIMARY_COLL_FACTOR,PCF_CODE_VIOL,PCF_VIOL_CATEGORY,PCF_VIOLATION,PCF_VIOL_SUBSECTION,HIT_AND_RUN,TYPE_OF_COLLISION,MVIW,PED_ACTION,ROAD_SURFACE,ROAD_COND_1,ROAD_COND_2,LIGHTING,CONTROL_DEVICE,CHP_ROAD_TYPE,PEDESTRIAN_ACCIDENT,BICYCLE_ACCIDENT,MOTORCYCLE_ACCIDENT,TRUCK_ACCIDENT,NOT_PRIVATE_PROPERTY,ALCOHOL_INVOLVED,STWD_VEHTYPE_AT_FAULT,CHP_VEHTYPE_AT_FAULT,COUNT_SEVERE_INJ,COUNT_VISIBLE_INJ,COUNT_COMPLAIN_PAIN,COUNT_PED_KILLED,COUNT_PED_INJURED,COUNT_BICYCLIST_KILLED,COUNT_BICYCLIST_INJURED,COUNT_MC_KILLED,COUNT_MC_INJURED,PRIMARY_RAMP,SECONDARY_RAMP,LATITUDE,LONGITUDE,TIMECAT,MONTH_,CITY,COUNTY,STATE,POINT_X,POINT_Y,Match_addr,m_primaryrd,m_secondrd
-118.59064,34.2082901,10145,4210266,2009,12/4/2009 0:00,1942,4/5/2009,1150,32469,2126,7,5,7,1942,0,0,0,,0,21A,SATICOY ST,INDEPENDENCE AV,0,,Y,A,-,N,,0,0,,,0,,,,N,4,0,1,2,A,-,9,21804,A,N,D,G,A,A,H,-,A,D,0,,Y,,,Y,,L,4,0,0,1,0,0,0,1,0,0,-,-,0,0,1200,4,LOS ANGELES,LOS ANGELES,CA,-118.59064,34.2082901,"SATICOY ST & INDEPENDENCE AVE, LOS ANGELES, CA, 91304",SATICOY ST,INDEPENDENCE AVE
-118.2915543,34.00987244,12039,4234296,2009,11/25/2009 0:00,1942,4/5/2009,2000,36911,396,7,5,7,1942,0,0,0,C,0,TTL21,VERMONT AV,40TH PL,34,S,N,A,-,N,,0,0,,,0,,,,N,4,0,1,2,A,-,5,21651,A,N,D,G,A,A,H,-,C,D,0,,Y,,,Y,,L,4,0,0,1,0,0,0,1,0,0,-,-,0,0,2100,4,LOS ANGELES,LOS ANGELES,CA,-118.2915543,34.00987244,"S VERMONT AVE & W 40TH PL, LOS ANGELES, CA, 90037",S VERMONT AVE,W 40TH PL
-118.4043075,34.02090836,14584,4270461,2009,12/8/2009 0:00,1942,4/5/2009,1400,37595,1407,7,5,7,1942,0,0,0,N,0,8TL26,MOTOR AV,VENICE BL,178,N,N,A,-,N,,0,0,,,0,,,,N,3,0,1,2,A,-,5,21650,1,N,H,G,A,A,H,-,A,D,0,,Y,,,Y,,L,4,0,1,0,0,0,0,1,0,0,-,-,0,0,1500,4,LOS ANGELES,LOS ANGELES,CA,-118.4043074,34.02090836,"MOTOR AVE & VENICE BLVD, LOS ANGELES, CA, 90034",MOTOR AVE,VENICE BLVD
-118.45308,34.18465042,9390,4200270,2009,12/3/2009 0:00,1942,4/6/2009,1535,32690,933,1,5,7,1942,0,0,0,I,0,17TL14,SYLVAN ST,CEDROS AV,0,,N,A,-,N,,0,0,,,0,,,,N,4,0,1,2,A,-,5,21650,1,F,D,G,A,A,H,-,A,A,0,,Y,,,Y,,L,4,0,0,1,0,0,0,1,0,0,-,-,0,0,1800,4,LOS ANGELES,LOS ANGELES,CA,-118.45308,34.18465042,"SYLVAN ST & CEDROS AVE, LOS ANGELES, CA, 91411",SYLVAN ST,CEDROS AVE
0,0,10156,4210310,2009,12/4/2009 0:00,1942,4/6/2009,1750,36657,2102,1,5,7,1942,0,0,0,,0,21X2,VALLEY CIR,LOS ROSAS ST,20,E,N,A,-,N,,0,0,,,0,,,,N,3,0,1,2,A,-,4,21703,,N,C,G,A,A,H,-,A,A,0,,Y,,,Y,,L,4,0,1,0,0,0,0,1,0,0,-,-,0,0,1800,4,LOS ANGELES,LOS ANGELES,CA,0,0,,,
-118.3614782,34.07996368,9296,4196662,2009,12/3/2009 0:00,1942,4/7/2009,2220,37849,711,2,5,7,1942,0,0,0,G,0,7TL23,FAIRFAX AV,ROSEWOOD AV,70,S,N,C,-,N,,0,0,,,0,,,,N,3,0,1,2,A,-,4,21703,,F,C,G,A,B,H,-,C,D,0,,Y,,,Y,,-,99,0,1,0,0,0,0,1,0,0,-,-,0,0,2400,4,LOS ANGELES,LOS ANGELES,CA,-118.3614782,34.07996368,"N FAIRFAX AVE & ROSEWOOD AVE, LOS ANGELES, CA, 90036",N FAIRFAX AVE,ROSEWOOD AVE
-118.30798,34.07986832,9536,4200880,2009,12/10/2009 0:00,1942,4/7/2009,1530,35199,2004,2,5,7,1942,0,0,0,,0,7TL38,MAPLEWOOD AV,OXFORD AV,0,,Y,A,-,N,,0,0,,,0,,,,N,3,0,1,2,A,-,9,21801,A,N,D,G,A,A,H,-,A,A,0,,Y,,,Y,,A,1,0,1,0,0,0,0,1,0,0,-,-,0,0,1800,4,LOS ANGELES,LOS ANGELES,CA,-118.30798,34.07986832,"MAPLEWOOD AVE & N OXFORD AVE, LOS ANGELES, CA, 90004",MAPLEWOOD AVE,N OXFORD AVE
-118.20985,34.09286881,9236,4196494,2009,12/5/2009 0:00,1942,4/8/2009,2230,36238,1179,3,5,7,1942,0,0,0,K,0,2TL15,FIGUEROA ST,AVENUE 41,0,,Y,A,-,N,,0,0,,,0,,,,N,4,0,1,2,A,-,5,21650,,M,D,G,A,A,H,-,C,D,0,,Y,,,Y,,L,4,0,0,1,0,0,0,1,0,0,-,-,0,0,2400,4,LOS ANGELES,LOS ANGELES,CA,-118.20985,34.0928688,"N FIGUEROA ST & E AVE 41, LOS ANGELES, CA, 90065",N FIGUEROA ST,E AVE 41
-118.251526,34.04052734,9245,4196507,2009,12/12/2009 0:00,1942,4/8/2009,1155,31816,176,3,5,7,1942,0,0,0,Q,0,13TL55,MAPLE AV,8TH ST,155,S,N,A,-,N,,0,0,,,0,,,,N,3,0,1,2,A,-,17,22517,,N,B,G,A,A,H,-,A,D,0,,Y,,,Y,,A,1,0,1,0,0,0,0,1,0,0,-,-,0,0,1200,4,LOS ANGELES,LOS ANGELES,CA,-118.251526,34.04052734,"MAPLE AVE & E 8TH ST, LOS ANGELES, CA, 90014",MAPLE AVE,E 8TH ST
-118.2538849,34.0502319,9262,4196531,2009,12/12/2009 0:00,1942,4/8/2009,1330,37952,152,3,5,7,1942,0,0,0,A,0,4TL41,GRAND AV,5TH ST,25,N,N,A,-,N,,0,0,,,0,,,,N,3,0,1,2,A,-,12,21453,A,N,D,G,A,A,H,-,A,A,0,,Y,,,Y,,L,4,0,1,0,0,0,0,1,0,0,-,-,0,0,1500,4,LOS ANGELES,LOS ANGELES,CA,-118.2538849,34.0502319,"S GRAND AVE (CENTRAL) & W 5TH ST, LOS ANGELES, CA",S GRAND AVE (CENTRAL),W 5TH ST
-118.33522,34.08346176,9289,4196649,2009,12/3/2009 0:00,1942,4/8/2009,1730,39384,706,3,5,7,1942,0,0,0,G,0,7A84,MELROSE AV,CHEROKEE AV,0,,Y,A,-,N,,0,0,,,0,,,,N,3,0,1,2,A,-,9,21801,A,N,D,G,A,A,H,-,A,D,0,,Y,,,Y,,-,-,0,1,0,0,0,0,1,0,0,-,-,0,0,1800,4,LOS ANGELES,LOS ANGELES,CA,-118.33522,34.08346176,"MELROSE AVE & N CHEROKEE AVE, LOS ANGELES, CA, 90038",MELROSE AVE,N CHEROKEE AVE
-118.36344,34.06312943,9311,4196690,2009,12/3/2009 0:00,1942,4/8/2009,1525,33742,742,3,5,7,1942,0,0,0,G,0,7TL23,WILSHIRE BL,SAN DIEGO CT,0,,Y,A,-,N,,0,0,,,0,,,,N,3,0,1,2,A,-,9,21801,B,N,D,G,A,A,H,-,A,A,0,,Y,,,Y,,L,4,0,1,0,0,0,0,1,0,0,-,-,0,0,1800,4,LOS ANGELES,LOS ANGELES,CA,-118.36344,34.06312943,"WILSHIRE BLVD & SAN DIEGO WAY, LOS ANGELES, CA, 90048",WILSHIRE BLVD,SAN DIEGO WAY
-118.4689,34.18664932,9437,4200373,2009,12/5/2009 0:00,1942,4/8/2009,935,24159,931,3,5,7,1942,0,0,0,I,0,9TL57,VICTORY BL,LANGDON AV,0,,Y,A,-,N,,0,0,,,0,,,,N,4,0,1,2,A,-,5,21202,A,N,D,G,A,A,H,-,A,A,0,,Y,,,Y,,L,4,0,0,1,0,0,0,1,0,0,-,-,0,0,1200,4,LOS ANGELES,LOS ANGELES,CA,-118.4689,34.18664932,"VICTORY BLVD & LANGDON AVE, LOS ANGELES, CA, 91406",VICTORY BLVD,LANGDON AVE
-118.3068521,33.95309067,9764,4203021,2009,12/3/2009 0:00,1942,4/8/2009,1410,27820,1273,3,5,7,1942,0,0,0,L,0,12MQ67,HARVARD BL,92ND ST,145,N,N,A,-,N,,0,0,,,0,,,,N,4,0,1,2,A,-,9,21801,A,N,A,G,A,A,H,-,A,D,0,,Y,,,Y,,-,-,0,0,1,0,0,0,1,0,0,-,-,0,0,1500,4,LOS ANGELES,LOS ANGELES,CA,-118.3068521,33.95309067,"S HARVARD BLVD & W 92ND ST, LOS ANGELES, CA, 90047",S HARVARD BLVD,W 92ND ST
-118.2562711,34.03574753,9261,4196530,2009,12/5/2009 0:00,1942,4/9/2009,1345,37506,1303,4,5,7,1942,0,0,0,M,0,13T53,MAPLE ST,12TH ST,50,N,N,A,-,N,,0,0,,,0,,,,N,4,0,1,2,C,-,18,0,,N,H,G,A,A,H,-,A,D,0,,Y,,,Y,,-,-,0,0,1,0,0,0,1,0,0,-,-,0,0,1500,4,LOS ANGELES,LOS ANGELES,CA,-118.2562711,34.03574753,"MAPLE AVE & E 12TH ST, LOS ANGELES, CA, 90015",MAPLE AVE,E 12TH ST
-118.29334,34.10540009,9283,4196629,2009,12/5/2009 0:00,1942,4/9/2009,1545,37806,1141,4,5,7,1942,0,0,0,K,0,11TL32,FRANKLIN AV,NEW HAMPSHIRE AV,0,,Y,A,-,N,,0,0,,,0,,,,Y,4,0,1,2,A,-,9,21801,A,N,D,G,A,A,H,-,A,D,0,,Y,,,Y,,A,1,0,0,1,0,0,0,1,0,0,-,-,0,0,1800,4,LOS ANGELES,LOS ANGELES,CA,-118.29334,34.10540009,"FRANKLIN AVE & N NEW HAMPSHIRE AVE, LOS ANGELES, CA, 90027",FRANKLIN AVE,N NEW HAMPSHIRE AVE
-118.3182158,34.00367355,11893,4232487,2009,12/5/2009 0:00,1942,4/9/2009,1550,37913,353,4,5,7,1942,0,0,0,C,0,12TL45,ARLINGTON AV,VERNON AV,8,S,N,A,-,N,,0,0,,,0,,,,N,3,0,1,2,A,-,8,22100,,N,D,G,A,A,H,-,A,A,0,,Y,,,Y,,L,4,0,1,0,0,0,0,1,0,0,-,-,0,0,1800,4,LOS ANGELES,LOS ANGELES,CA,-118.3182158,34.00367355,"ARLINGTON AVE & W VERNON AVE, LOS ANGELES, CA, 90008",ARLINGTON AVE,W VERNON AVE
-118.284,34.03599167,11895,4232491,2009,12/5/2009 0:00,1942,4/9/2009,1625,37913,308,4,5,7,1942,0,0,0,C,0,18TL39,HOOVER ST,22ND ST,0,,Y,A,-,N,,0,0,,,0,,,,N,3,0,1,3,A,-,3,22350,,F,B,E,A,A,H,-,A,A,0,,Y,,,Y,,-,99,0,1,0,0,0,0,1,0,0,-,-,0,0,1800,4,LOS ANGELES,LOS ANGELES,CA,-118.284,34.03599167,"S HOOVER ST & W 22ND ST, LOS ANGELES, CA, 90007",S HOOVER ST,W 22ND ST
-118.372054,34.0525,9292,4196654,2009,12/3/2009 0:00,1942,4/10/2009,1700,37903,762,5,5,7,1942,0,0,0,G,0,20TL59,PICO BL,CRESCENT HEIGHTS BL,15,E,N,A,-,N,,0,0,,,0,,,,N,3,0,1,2,A,-,5,21650,,N,D,G,A,A,H,-,A,A,0,,Y,,,Y,,L,4,0,1,0,0,0,0,1,0,0,-,-,0,0,1800,4,LOS ANGELES,LOS ANGELES,CA,-118.372054,34.0525,"W PICO BLVD & S CRESCENT HEIGHTS BLVD, LOS ANGELES, CA, 90035",W PICO BLVD,S CRESCENT HEIGHTS BLVD
-118.4807,34.235569,10060,4209254,2009,12/14/2009 0:00,1942,4/10/2009,1900,38051,1795,5,5,7,1942,0,0,0,Q,0,17X98,NORDHOFF ST,GLORIA AV,0,,Y,A,-,N,,0,0,,,0,,,,Y,3,0,1,2,A,-,11,21456,B,N,E,G,A,A,H,-,A,A,0,,Y,,,Y,,L,4,0,1,0,0,0,0,1,0,0,-,-,0,0,2100,4,LOS ANGELES,LOS ANGELES,CA,-118.4807,34.235569,"NORDHOFF ST & GLORIA AVE, LOS ANGELES, CA, 91343",NORDHOFF ST,GLORIA AVE
-118.2870803,34.0649147,10678,4215487,2009,11/21/2009 0:00,1942,4/10/2009,1650,30947,2029,5,5,7,1942,0,0,0,,0,7TL72,VIRGIL AV,5TH ST,95,S,N,A,-,N,,0,0,,,0,,,,N,3,0,1,2,A,-,5,21650,1,N,H,G,A,A,H,-,A,D,0,,Y,,,Y,,L,4,0,1,0,0,0,0,1,0,0,-,-,0,0,1800,4,LOS ANGELES,LOS ANGELES,CA,-118.2870803,34.0649147,"S VIRGIL AVE & W 5TH ST, LOS ANGELES, CA, 90020",S VIRGIL AVE,W 5TH ST
-118.4577336,33.98479843,11034,4216999,2009,12/19/2009 0:00,1942,4/10/2009,1235,39122,1441,5,5,7,1942,0,0,0,N,0,14A11,WASHINGTON BL,WILSON AV,100,W,N,B,-,N,,0,0,,,0,,,,N,3,0,1,2,A,-,5,21650,1,N,D,G,A,A,H,-,A,A,0,,Y,,,Y,,L,4,0,1,0,0,0,0,1,0,0,-,-,0,0,1500,4,LOS ANGELES,LOS ANGELES,CA,-118.4577336,33.98479843,"WASHINGTON BLVD & WILSON AVE, LOS ANGELES, CA, 90292",WASHINGTON BLVD,WILSON AVE
-118.3580989,34.03074646,11916,4232574,2009,11/30/2009 0:00,1942,4/10/2009,1940,39409,312,5,5,7,1942,0,0,0,C,0,3A18,CLOVERDALE AV,WESTHAVEN ST,150,N,N,A,-,N,,0,0,,,0,,,,N,4,0,1,2,A,-,9,21804,,N,D,B,A,A,H,-,C,D,0,,Y,,,Y,,-,-,0,0,1,0,0,0,1,0,0,-,-,0,0,2100,4,LOS ANGELES,LOS ANGELES,CA,-118.3580989,34.03074646,"S CLOVERDALE AVE & WESTHAVEN ST, LOS ANGELES, CA, 90016",S CLOVERDALE AVE,WESTHAVEN ST
-118.36897,34.07426071,9290,4196650,2009,12/3/2009 0:00,1942,4/11/2009,1940,25495,723,6,5,7,1942,0,0,0,G,0,7TL23,HARPER AV,1ST ST,0,,Y,A,-,N,,0,0,,,0,,,,N,3,0,1,2,A,-,9,21802,A,N,D,G,A,A,H,-,C,A,0,,Y,,,Y,,A,1,0,1,0,0,0,0,1,0,0,-,-,0,0,2100,4,LOS ANGELES,LOS ANGELES,CA,-118.36897,34.07426071,"N HARPER AVE & W 1ST ST, LOS ANGELES, CA, 90048",N HARPER AVE,W 1ST ST
-118.45962,34.15269852,9912,4206279,2009,12/12/2009 0:00,1942,4/11/2009,905,38560,971,6,5,7,1942,0,0,0,I,0,9A5,VENTURA BL,LEMONA AV,0,,Y,B,-,N,,0,0,,,0,,,,N,4,0,1,2,D,-,0,0,,N,B,G,A,A,H,-,A,D,0,,Y,,,Y,,-,-,0,0,1,0,0,0,1,0,0,-,-,0,0,1200,4,LOS ANGELES,LOS ANGELES,CA,-118.45962,34.15269852,"VENTURA BLVD & LEMONA AVE, LOS ANGELES, CA, 91403",VENTURA BLVD,LEMONA AVE
-118.3003,33.97457123,11272,4221880,2009,11/21/2009 0:00,1942,4/11/2009,950,37740,1245,6,5,7,1942,0,0,0,L,0,12TL45,NORMANDIE AV,FLORENCE AV,0,,Y,A,-,N,,0,0,,,0,,,,N,3,0,1,2,A,-,5,21650,1,N,D,G,A,A,H,-,A,A,0,,Y,,,Y,,L,4,0,1,0,0,0,0,1,0,0,-,-,0,0,1200,4,LOS ANGELES,LOS ANGELES,CA,-118.3003,33.97457123,"S NORMANDIE AVE & W FLORENCE AVE, LOS ANGELES, CA, 90044",S NORMANDIE AVE,W FLORENCE AVE
-118.2397723,34.0143356,12273,4236974,2009,12/8/2009 0:00,1942,4/11/2009,1215,37611,1347,6,5,7,1942,0,0,0,M,0,4TL4,ALAMEDA ST,24TH ST,175,S,N,B,-,N,,0,0,,,0,,,,N,2,0,1,2,A,-,3,22350,,F,B,G,A,A,H,-,A,D,0,,Y,,,Y,,-,99,1,0,0,0,0,0,1,0,0,-,-,0,0,1500,4,LOS ANGELES,LOS ANGELES,CA,-118.2397723,34.0143356,"S ALAMEDA ST & E 24TH ST, LOS ANGELES, CA",S ALAMEDA ST,E 24TH ST
0,0,10721,4215570,2009,11/21/2009 0:00,1942,4/12/2009,255,38111,645,7,5,7,1942,0,0,0,F,0,34EC1,HOLLYWOOD BL,HIGHLAND AV,10,N,N,A,-,N,,0,0,,,0,,,,N,2,0,1,2,A,-,12,21453,A,N,D,G,A,A,H,-,C,A,0,,Y,,,Y,,L,4,1,0,0,0,0,0,1,0,0,-,-,0,0,300,4,LOS ANGELES,LOS ANGELES,CA,0,0,,,
-118.2749,34.02762985,11652,4227049,2009,12/1/2009 0:00,1942,4/12/2009,940,38556,319,7,5,7,1942,0,0,0,C,0,3A57,ADAMS BL,FIGUEROA BL,0,,Y,A,-,N,,0,0,,,0,,,,N,4,0,1,2,A,-,10,21950,A,N,G,G,A,A,H,-,A,A,0,,Y,,,Y,,-,-,0,0,1,0,0,0,1,0,0,-,-,0,0,1200,4,LOS ANGELES,LOS ANGELES,CA,-118.2749,34.02762985,"W ADAMS BLVD & FIGUEROA WAY, LOS ANGELES, CA, 90007",W ADAMS BLVD,FIGUEROA WAY
-118.3235507,34.26029587,9427,4200333,2009,12/5/2009 0:00,1942,4/13/2009,1915,35951,1636,1,5,7,1942,0,0,0,P,0,16T23,FOOTHILL BL,SUNLAND BL,400,W,N,A,-,N,,0,0,,,0,,,,N,3,0,1,2,A,-,21,22106,,N,D,G,A,A,H,-,C,D,0,,Y,,,Y,,L,4,0,1,0,0,0,0,1,0,0,-,-,0,0,2100,4,LOS ANGELES,LOS ANGELES,CA,-118.3235507,34.26029587,"FOOTHILL BLVD & SUNLAND BLVD, LOS ANGELES, CA, 91040",FOOTHILL BLVD,SUNLAND BLVD
-118.18088,34.08863831,10373,4212840,2009,8/10/2010 0:00,1942,4/13/2009,2100,32309,408,1,5,7,1942,0,0,0,,0,0A9,RANDOLPH PL,EDISON AV,0,,N,A,-,N,,0,0,,,0,,,,N,3,0,1,1,A,-,3,22350,,N,H,-,A,A,H,-,C,D,0,,Y,,,Y,,L,4,0,1,0,0,0,0,1,0,0,-,-,0,0,2400,4,LOS ANGELES,LOS ANGELES,CA,-118.18088,34.08863831,"RANDOLPH AVE & EDISON ST, LOS ANGELES, CA, 90032",RANDOLPH AVE,EDISON ST
-118.2470848,34.06330109,10463,4212954,2009,12/15/2009 0:00,1942,4/13/2009,1830,39175,219,1,5,7,1942,0,0,0,B,0,2A12,SUNSET BL,BOYLSTON ST,12,E,N,A,-,N,,0,0,,,0,,,,Y,3,0,1,2,A,-,9,21801,A,N,D,G,A,A,-,-,A,D,0,,Y,,,Y,,-,-,0,1,0,0,0,0,1,0,0,-,-,0,0,2100,4,LOS ANGELES,LOS ANGELES,CA,-118.2470848,34.06330109,"W SUNSET BLVD & BOSTON ST, LOS ANGELES, CA, 90012",W SUNSET BLVD,BOSTON ST
-118.575072,34.20832443,10602,4213799,2009,12/15/2009 0:00,1942,4/13/2009,1410,36508,2128,1,5,7,1942,0,0,0,,0,21X56,SATICOY ST,OSO AV,100,E,N,A,-,N,,0,0,,,0,,,,N,4,0,1,2,A,-,5,21650,1,N,-,G,A,A,C,-,A,B,0,,Y,,,Y,,L,4,0,0,1,0,0,0,1,0,0,-,-,0,0,1500,4,LOS ANGELES,LOS ANGELES,CA,-118.575072,34.20832443,"SATICOY ST & OSO AVE, LOS ANGELES, CA, 91306",SATICOY ST,OSO AVE
-118.36038,34.07609177,10922,4216815,2009,12/15/2009 0:00,1942,4/13/2009,1750,36940,724,1,5,7,1942,0,0,0,,0,20A58,BEVERLY BL,ORANGE GROVE AV,0,,Y,A,-,N,,0,0,,,0,,,,N,3,0,1,2,A,-,9,21801,A,N,D,G,A,A,H,-,A,D,0,,Y,,,Y,,A,1,0,1,0,0,0,0,1,0,0,-,-,0,0,1800,4,LOS ANGELES,LOS ANGELES,CA,-118.36038,34.07609177,"BEVERLY BLVD & N ORANGE GROVE AVE, LOS ANGELES, CA, 90036",BEVERLY BLVD,N ORANGE GROVE AVE
-118.3665182,34.1648941,10185,4210813,2009,12/4/2009 0:00,1942,4/14/2009,2010,38380,1557,2,5,7,1942,0,0,0,O,0,15T43,MAGNOLIA BL,HARMONY AV,20,W,N,A,-,N,,0,0,,,0,,,,N,3,0,1,2,A,-,5,21202,A,N,D,G,A,A,H,-,C,A,0,,Y,,,Y,,L,4,0,1,0,0,0,0,1,0,0,-,-,0,0,2100,4,LOS ANGELES,LOS ANGELES,CA,-118.3665182,34.1648941,"MAGNOLIA BLVD & HARMONY DR, LOS ANGELES, CA, 91601",MAGNOLIA BLVD,HARMONY DR
-118.2827111,33.97066879,10242,4211876,2009,12/17/2009 0:00,1942,4/14/2009,1715,27820,1257,2,5,7,1942,0,0,0,L,0,12MQ67,FIGUEROA ST,76TH ST,38,S,N,A,-,N,,0,0,,,0,,,,N,4,0,1,2,A,-,8,22107,,N,C,G,A,A,H,-,A,A,0,,Y,,,Y,,L,4,0,0,1,0,0,0,1,0,0,-,-,0,0,1800,4,LOS ANGELES,LOS ANGELES,CA,-118.2827111,33.97066879,"S FIGUEROA ST & W 76TH ST, LOS ANGELES, CA, 90003",S FIGUEROA ST,W 76TH ST
-118.2923725,34.10178375,10348,4212803,2009,12/16/2009 0:00,1942,4/14/2009,620,38296,1151,2,5,7,1942,0,0,0,K,0,2TL15,PROSPECT AV,VERMONT AV,173,W,N,A,-,N,,0,0,,,0,,,,N,4,0,1,2,A,-,9,21801,A,N,A,G,A,A,H,-,B,D,0,,Y,,,Y,,A,7,0,0,1,0,0,0,1,0,0,-,-,0,0,900,4,LOS ANGELES,LOS ANGELES,CA,-118.2923725,34.10178375,"PROSPECT AVE & N VERMONT AVE, LOS ANGELES, CA, 90027",PROSPECT AVE,N VERMONT AVE
-118.2812072,34.04959869,10436,4212918,2009,12/15/2009 0:00,1942,4/14/2009,805,38838,281,2,5,7,1942,0,0,0,,0,2A39,ALVARADO ST,11TH ST,270,S,N,A,-,N,,0,0,,,0,,,,N,3,0,1,2,A,-,5,21202,A,N,G,G,A,A,H,-,A,D,0,,Y,,,Y,,L,4,0,1,0,0,0,0,1,0,0,-,-,0,0,900,4,LOS ANGELES,LOS ANGELES,CA,-118.2812072,34.04959869,"S ALVARADO ST & W 11TH ST, LOS ANGELES, CA, 90006",S ALVARADO ST,W 11TH ST
-118.2410613,34.0652504,9969,4207466,2009,11/24/2009 0:00,1942,4/15/2009,1900,37611,111,3,5,7,1942,0,0,0,A,0,4TL4,COLLEGE ST,ADOBE ST,40,E,N,A,-,N,,0,0,,,0,,,,N,3,0,1,2,A,-,12,22450,A,N,A,G,A,A,H,-,A,A,0,,Y,,,Y,,L,4,0,1,0,0,0,0,1,0,0,-,-,0,0,2100,4,LOS ANGELES,LOS ANGELES,CA,-118.2410613,34.0652504,"W COLLEGE ST & ADOBE ST, LOS ANGELES, CA, 90012",W COLLEGE ST,ADOBE ST
-118.59753,34.20465851,10154,4210302,2009,12/4/2009 0:00,1942,4/15/2009,1410,38771,2136,3,5,7,1942,0,0,0,,0,9T53,VALERIO ST,CANOGA AV,0,,Y,A,-,N,,0,0,,,0,,,,N,4,0,1,2,A,-,9,21804,A,N,D,G,A,A,H,-,A,A,0,,Y,,,Y,,L,4,0,0,1,0,0,0,1,0,0,-,-,0,0,1500,4,LOS ANGELES,LOS ANGELES,CA,-118.59753,34.20465851,"VALERIO ST & CANOGA AVE, LOS ANGELES, CA, 91303",VALERIO ST,CANOGA AVE
-118.30027,34.0345306,11617,4227004,2009,12/1/2009 0:00,1942,4/15/2009,1940,39628,316,3,5,7,1942,0,0,0,C,0,20A54,NORMANDIE AV,24TH ST,0,,Y,A,-,N,,0,0,,,0,,,,N,3,0,1,2,A,-,12,22450,,F,D,G,A,A,H,-,B,A,0,,Y,,,Y,Y,-,99,0,1,0,0,0,0,1,0,0,-,-,0,0,2100,4,LOS ANGELES,LOS ANGELES,CA,-118.30027,34.0345306,"S NORMANDIE AVE & W 24TH ST, LOS ANGELES, CA, 90007",S NORMANDIE AVE,W 24TH ST
0,0,9780,4204896,2009,12/3/2009 0:00,1942,4/16/2009,1720,38647,1589,4,5,7,1942,0,0,0,O,0,16X12,FOREST LAWN DR,FOREST LAWN DR,0,,N,A,-,N,,0,0,,,0,,,,N,3,0,1,2,C,-,18,0,,N,B,G,E,A,-,-,A,D,0,Y,Y,,,Y,,-,-,0,1,0,0,0,0,1,0,0,-,-,0,0,1800,4,LOS ANGELES,LOS ANGELES,CA,0,0,,,
-118.59072,34.23059845,10043,4209209,2009,12/14/2009 0:00,1942,4/16/2009,1515,38475,1781,4,5,7,1942,0,0,0,Q,0,19TL72,INDEPENDENCE AV,GRESHAM ST,0,,Y,A,-,N,,0,0,,,0,,,,N,3,0,1,2,A,-,12,22450,,N,D,G,A,A,H,-,A,A,0,,Y,,,Y,,L,4,0,1,0,0,0,0,1,0,0,-,-,0,0,1800,4,LOS ANGELES,LOS ANGELES,CA,-118.59072,34.23059845,"INDEPENDENCE AVE & GRESHAM ST, LOS ANGELES, CA, 91304",INDEPENDENCE AVE,GRESHAM ST
-118.567729,34.19643402,10100,4209336,2009,12/9/2009 0:00,1942,4/16/2009,1930,37787,2149,4,5,7,1942,0,0,0,,0,17T15,LUBAO AV,HART ST,365,S,N,A,-,N,,0,0,,,0,,,,N,3,0,1,2,A,-,9,21804,A,N,D,G,A,A,H,-,A,D,0,,Y,,,Y,,L,4,0,1,0,0,0,0,1,0,0,-,-,0,0,2100,4,LOS ANGELES,LOS ANGELES,CA,-118.567729,34.19643402,"LUBAO AVE & HART ST, LOS ANGELES, CA, 91306",LUBAO AVE,HART ST
-118.6430344,34.17794037,10142,4210219,2009,12/15/2009 0:00,1942,4/16/2009,735,38887,2161,4,5,7,1942,0,0,0,,0,19T77,PLATT AV,CALIFA ST,35,N,N,A,-,N,,0,0,,,0,,,,N,3,0,1,2,A,-,9,21804,A,F,B,G,A,A,H,-,A,A,0,,Y,,,Y,,L,4,0,1,0,0,0,0,1,0,0,-,-,0,0,900,4,LOS ANGELES,LOS ANGELES,CA,-118.6430344,34.17794037,"PLATT AVE & CALIFA ST, LOS ANGELES, CA, 91367",PLATT AVE,CALIFA ST
-118.46765,34.22826004,10186,4210814,2009,12/7/2009 0:00,1942,4/16/2009,1450,38918,1081,4,5,7,1942,0,0,0,J,0,19A43,SEPULVEDA PL,PARTHENIA,0,,Y,A,-,N,,0,0,,,0,,,,N,4,0,1,2,B,-,22,0,,N,G,G,A,A,H,-,A,A,0,,Y,,,Y,,-,-,0,0,1,0,0,0,1,0,0,-,-,0,0,1500,4,LOS ANGELES,LOS ANGELES,CA,-118.46765,34.22826004,"SEPULVEDA BLVD & PARTHENIA ST, LOS ANGELES, CA, 91343",SEPULVEDA BLVD,PARTHENIA ST