X,Y,FID,CASE_ID,ACCIDENT_YEAR,PROCDATE,JURIS,COLLISION_DATE,COLLISION_TIME,OFFICER_ID,REPORTING_DISTRICT,DAY_OF_WEEK,SHIFT,POPULATION,CNTY_CITY_LOC,SPECIAL_COND,BEAT_TYPE,CHP_BEAT_TYPE,CITY_DIVISION_LAPD,CHP_BEAT_CLASS,BEATNUMB,PRIMARY_RD,SECONDARY_RD,DISTANCE,DIRECTION,INTERSECTION,WEATHER_1,WEATHER_2,STATE_HWY_IND,CALTRANS_COUNTY,CALTRANS_DISTRICT,STATE_ROUTE,ROUTE_SUFFIX,POSTMILE_PREFIX,POSTMILE,LOCATION_TYPE,RAMP_INTERSECTION,SIDE_OF_HWY,TOW_AWAY,COLLISION_SEVERITY,NUMBER_KILLED,NUMBER_INJURED,PARTY_COUNT,PRIMARY_COLL_FACTOR,PCF_CODE_VIOL,PCF_VIOL_CATEGORY,PCF_VIOLATION,PCF_VIOL_SUBSECTION,HIT_AND_RUN,TYPE_OF_COLLISION,MVIW,PED_ACTION,ROAD_SURFACE,ROAD_COND_1,ROAD_COND_2,LIGHTING,CONTROL_DEVICE,CHP_ROAD_TYPE,PEDESTRIAN_ACCIDENT,BICYCLE_ACCIDENT,MOTORCYCLE_ACCIDENT,TRUCK_ACCIDENT,NOT_PRIVATE_PROPERTY,ALCOHOL_INVOLVED,STWD_VEHTYPE_AT_FAULT,CHP_VEHTYPE_AT_FAULT,COUNT_SEVERE_INJ,COUNT_VISIBLE_INJ,COUNT_COMPLAIN_PAIN,COUNT_PED_KILLED,COUNT_PED_INJURED,COUNT_BICYCLIST_KILLED,COUNT_BICYCLIST_INJURED,COUNT_MC_KILLED,COUNT_MC_INJURED,PRIMARY_RAMP,SECONDARY_RAMP,LATITUDE,LONGITUDE,TIMECAT,MONTH_,CITY,COUNTY,STATE,POINT_X,POINT_Y,Match_addr,m_primaryrd,m_secondrd
0,0,16407,4293896,2009,1/26/2010 0:00,1942,5/20/2009,845,36851,668,3,5,7,1942,0,0,0,F,0,6TL7,WILTON PL,FOUNTAIN AV,360,W,N,A,-,N,,0,0,,,0,,,,N,3,0,1,2,A,-,8,22107,,N,H,G,A,A,H,-,A,D,0,,Y,,,Y,,A,8,0,1,0,0,0,0,1,0,0,-,-,0,0,900,5,LOS ANGELES,LOS ANGELES,CA,0,0,,,
-118.3092024,34.09387589,16427,4293916,2009,1/26/2010 0:00,1942,5/20/2009,1300,36810,668,3,5,7,1942,0,0,0,,0,6TL2,LA MIRADA AV,WESTERN AV,6,E,N,A,-,N,,0,0,,,0,,,,N,4,0,1,2,A,-,5,21650,1,N,H,G,A,A,H,-,A,A,0,,Y,,,Y,,L,4,0,0,1,0,0,0,1,0,0,-,-,0,0,1500,5,LOS ANGELES,LOS ANGELES,CA,-118.3092024,34.09387589,"LA MIRADA AVE & N WESTERN AVE, LOS ANGELES, CA, 90029",LA MIRADA AVE,N WESTERN AVE
-118.2735086,34.08307266,14002,4261824,2009,1/21/2010 0:00,1942,5/21/2009,1915,33977,205,4,5,7,1942,0,0,0,B,0,2TL25,SUNSET BL,PARKMAN AV,60,W,N,A,-,N,,0,0,,,0,,,,N,3,0,1,2,A,-,8,22107,,N,-,G,A,A,H,-,A,D,0,,Y,,,Y,,A,1,0,1,0,0,0,0,1,0,0,-,-,0,0,2100,5,LOS ANGELES,LOS ANGELES,CA,-118.2735086,34.08307266,"W SUNSET BLVD & PARKMAN AVE, LOS ANGELES, CA, 90026",W SUNSET BLVD,PARKMAN AVE
-118.26416,34.03342056,17320,4311456,2009,1/28/2010 0:00,1942,5/21/2009,1810,39524,195,4,5,7,1942,0,0,0,A,0,7A84,BROADWAY,17TH ST,0,,Y,A,-,N,,0,0,,,0,,,,N,3,0,1,2,A,-,21,22106,,F,B,G,A,A,H,-,A,D,0,,Y,,,Y,,-,-,0,1,0,0,0,0,1,0,0,-,-,0,0,2100,5,LOS ANGELES,LOS ANGELES,CA,-118.26416,34.03342056,"S BROADWAY & W 17TH ST, LOS ANGELES, CA, 90015",S BROADWAY,W 17TH ST
-118.35274,34.15219879,14159,4264704,2009,1/19/2010 0:00,1942,5/22/2009,1700,34078,1569,5,5,7,1942,0,0,0,O,0,2ITL62,FORMAN AV,RIVERSIDE DR,0,,Y,A,-,N,,0,0,,,0,,,,Y,2,0,1,2,A,-,12,21453,A,N,D,G,A,A,H,-,A,A,0,,Y,,,Y,,L,4,1,0,0,0,0,0,1,0,0,-,-,0,0,1800,5,LOS ANGELES,LOS ANGELES,CA,-118.35274,34.15219879,"FORMAN AVE & RIVERSIDE DR, LOS ANGELES, CA, 91602",FORMAN AVE,RIVERSIDE DR
-118.4724619,34.20111466,13756,4260347,2009,1/5/2010 0:00,1942,5/23/2009,1925,38035,911,6,5,7,1942,0,0,0,I,0,9T59,SHERMAN WY,FIRMAMENT AV,9,W,N,A,-,N,,0,0,,,0,,,,N,4,0,1,2,A,-,-,0,,N,D,G,A,A,H,-,A,A,0,,Y,,,Y,,A,1,0,0,1,0,0,0,1,0,0,-,-,0,0,2100,5,LOS ANGELES,LOS ANGELES,CA,-118.4724619,34.20111465,"SHERMAN WAY & FIRMAMENT AVE, LOS ANGELES, CA, 91406",SHERMAN WAY,FIRMAMENT AVE
-118.5185919,34.16249847,13852,4260689,2009,1/25/2010 0:00,1942,5/23/2009,1510,35230,1077,6,5,7,1942,0,0,0,J,0,19TL74,WHITE OAK AV,VENTURA BL,20,N,N,A,-,N,,0,0,,,0,,,,N,3,0,1,2,A,-,8,22107,,N,D,G,A,A,H,-,A,A,0,,Y,,,Y,,A,1,0,1,0,0,0,0,1,0,0,-,-,0,0,1800,5,LOS ANGELES,LOS ANGELES,CA,-118.5185919,34.16249847,"WHITE OAK AVE & VENTURA BLVD, LOS ANGELES, CA, 91316",WHITE OAK AVE,VENTURA BLVD
-118.302,34.05767822,15292,4278458,2009,1/9/2010 0:00,1942,5/23/2009,1510,30452,2034,6,5,7,1942,0,0,0,,0,6TL2,8TH ST,ARDMORE AV,0,,Y,A,-,N,,0,0,,,0,,,,N,3,0,1,2,A,-,9,21802,A,F,H,G,A,A,H,-,A,A,0,,Y,,,Y,,-,-,0,1,0,0,0,0,1,0,0,-,-,0,0,1800,5,LOS ANGELES,LOS ANGELES,CA,-118.302,34.05767822,"W 8TH ST & S ARDMORE AVE, LOS ANGELES, CA, 90005",W 8TH ST,S ARDMORE AVE
-118.30463,34.09193039,15706,4285526,2009,1/13/2010 0:00,1942,5/23/2009,1515,30452,669,6,5,7,1942,0,0,0,,0,6TL2,HOBART BL,VIRGINIA AV,0,,Y,A,-,N,,0,0,,,0,,,,N,4,0,1,2,A,-,9,21802,A,N,H,G,A,A,H,-,A,A,0,,Y,,,Y,,-,-,0,0,1,0,0,0,1,0,0,-,-,0,0,1800,5,LOS ANGELES,LOS ANGELES,CA,-118.30463,34.09193039,"N HOBART BLVD & VIRGINIA AVE, LOS ANGELES, CA, 90029",N HOBART BLVD,VIRGINIA AVE
-118.3092654,34.0980835,15708,4285530,2009,2/8/2010 0:00,1942,5/23/2009,1400,24812,668,6,5,7,1942,0,0,0,F,0,6TL7,SUNSET BL,WESTERN AV,1,W,N,A,-,N,,0,0,,,0,,,,N,4,0,1,2,A,-,9,21804,A,N,H,G,A,A,H,-,A,D,0,,Y,,,Y,,L,4,0,0,1,0,0,0,1,0,0,-,-,0,0,1500,5,LOS ANGELES,LOS ANGELES,CA,-118.3092654,34.0980835,"W SUNSET BLVD & N WESTERN AVE, LOS ANGELES, CA, 90027",W SUNSET BLVD,N WESTERN AVE
-118.2959769,34.04907608,15284,4278447,2009,1/8/2010 0:00,1942,5/24/2009,315,33757,2056,7,5,7,1942,0,0,0,,0,14T47,12TH ST,DEWEY AV,50,W,N,A,-,N,,0,0,,,0,,,,N,3,0,1,2,A,-,3,22350,,N,B,G,A,A,H,-,C,D,0,,Y,,,Y,,L,4,0,1,0,0,0,0,1,0,0,-,-,0,0,600,5,LOS ANGELES,LOS ANGELES,CA,-118.2959769,34.04907608,"W 12TH ST & DEWEY AVE, LOS ANGELES, CA, 90006",W 12TH ST,DEWEY AVE
-118.38306,34.03221893,21383,4354454,2009,3/3/2010 0:00,1942,5/24/2009,855,CALCOTE,899,7,5,7,1942,0,0,0,H,0,6TL7,VENICE BL,SHERBOURNE DR,0,,Y,A,-,N,,0,0,,,0,,,,N,2,0,1,2,A,-,5,21650,1,F,D,G,A,A,H,-,A,D,0,,Y,,,Y,,L,4,1,0,0,0,0,0,1,0,0,-,-,0,0,900,5,LOS ANGELES,LOS ANGELES,CA,-118.38306,34.03221893,"VENICE BLVD & S SHERBOURNE DR, LOS ANGELES, CA, 90034",VENICE BLVD,S SHERBOURNE DR
-118.5244,34.16445923,13823,4260605,2009,3/1/2010 0:00,1942,5/25/2009,1545,39021,1075,1,5,7,1942,0,0,0,J,0,21T62,NEWCASTLE AV,VENTURA BL,0,,Y,A,-,N,,0,0,,,0,,,,N,4,0,1,2,A,-,21,22106,,N,D,G,A,A,H,-,A,A,0,,Y,,,Y,,A,1,0,0,1,0,0,0,1,0,0,-,-,0,0,1800,5,LOS ANGELES,LOS ANGELES,CA,-118.5244,34.16445923,"NEWCASTLE AVE & VENTURA BLVD, LOS ANGELES, CA, 91316",NEWCASTLE AVE,VENTURA BLVD
-118.4050855,34.01990509,14873,4274023,2009,2/6/2010 0:00,1942,5/25/2009,1910,38489,1407,1,5,7,1942,0,0,0,N,0,14T47,VENICE BL,MENTONE AV,5,W,N,A,-,N,,0,0,,,0,,,,N,3,0,1,2,A,-,12,22450,A,N,D,G,A,A,H,-,A,A,0,,Y,,,Y,,A,1,0,1,0,0,0,0,1,0,0,-,-,0,0,2100,5,LOS ANGELES,LOS ANGELES,CA,-118.4050855,34.01990509,"VENICE BLVD & MENTONE AVE, LOS ANGELES, CA, 90034",VENICE BLVD,MENTONE AVE
-118.3435407,34.04084396,15670,4285476,2009,1/13/2010 0:00,1942,5/25/2009,1755,31573,775,1,5,7,1942,0,0,0,G,0,34MQ09,MASCOT ST,RIMPAU BL,24,W,N,A,-,N,,0,0,,,0,,,,N,3,0,1,2,A,-,5,21650,1,N,B,G,A,A,H,-,A,D,0,,Y,,,Y,,L,4,0,1,0,0,0,0,1,0,0,-,-,0,0,1800,5,LOS ANGELES,LOS ANGELES,CA,-118.3435407,34.04084396,"MASCOT ST & S RIMPAU BLVD, LOS ANGELES, CA, 90019",MASCOT ST,S RIMPAU BLVD
-118.38259,34.02053833,15750,4286263,2009,1/13/2010 0:00,1942,5/25/2009,2030,38498,341,1,5,7,1942,0,0,0,C,0,3A74,HETZLER RD,JEFFERSON BL,0,,Y,A,-,N,,0,0,,,0,,,,N,3,0,1,2,B,-,22,0,,N,A,G,A,A,H,-,A,D,0,,Y,,,Y,,-,-,0,1,0,0,0,0,1,0,0,-,-,0,0,2100,5,LOS ANGELES,LOS ANGELES,CA,-118.38259,34.02053833,"HETZLER RD & JEFFERSON BLVD, LOS ANGELES, CA, 90232",HETZLER RD,JEFFERSON BLVD
-118.32844,34.04468155,16430,4293919,2009,5/17/2010 0:00,1942,5/25/2009,1600,37774,766,1,5,7,1942,0,0,0,G,0,14TL47,CRENSHAW BL,VENICE BL,0,,Y,A,-,N,,0,0,,,0,,,,N,4,0,1,2,A,-,5,21650,1,N,D,G,A,A,H,-,A,A,0,,Y,,,Y,Y,L,4,0,0,1,0,0,0,1,0,0,-,-,0,0,1800,5,LOS ANGELES,LOS ANGELES,CA,-118.32844,34.04468155,"CRENSHAW BLVD & VENICE BLVD, LOS ANGELES, CA, 90019",CRENSHAW BLVD,VENICE BLVD
-118.2020216,34.02824218,13204,4249792,2009,4/27/2010 0:00,1942,5/26/2009,1800,37225,478,2,5,7,1942,0,0,0,D,0,2TL28,WHITTIER BL,RT 5,0,,Y,-,-,Y,LA,7,60,-,R,1.236,R,1,E,N,4,0,1,2,A,-,5,21202,A,F,G,G,A,-,-,-,-,D,0,,Y,,,Y,,-,-,0,0,1,0,0,0,1,0,0,-,EF,0,0,2100,5,LOS ANGELES,LOS ANGELES,CA,-118.2020216,34.02824218,60/SEG EB OFF WHITTIER BL,60/SEG EB OFF WHITTIER BL,
-118.26635,34.0357285,13229,4249835,2009,1/25/2010 0:00,1942,5/26/2009,1510,39010,192,2,5,7,1942,0,0,0,A,0,1T24,VENICE BL,GRAND AV,0,,Y,A,-,N,,0,0,,,0,,,,N,4,0,1,2,A,-,9,21801,A,N,D,G,A,A,H,-,A,A,0,,Y,,,Y,,A,1,0,0,1,0,0,0,1,0,0,-,-,0,0,1800,5,LOS ANGELES,LOS ANGELES,CA,-118.26635,34.0357285,"VENICE BLVD & S GRAND AVE, LOS ANGELES, CA, 90015",VENICE BLVD,S GRAND AVE
0,0,13673,4258024,2009,1/6/2010 0:00,1942,5/26/2009,1745,37506,1139,2,5,7,1942,0,0,0,K,0,11TL32,LA RIBA WY,AVENUE 66,196,W,N,A,-,N,,0,0,,,0,,,,N,3,0,1,2,A,-,9,21804,A,N,D,G,A,A,H,-,A,D,0,,Y,,,Y,,L,4,0,1,0,0,0,0,1,0,0,-,-,0,0,1800,5,LOS ANGELES,LOS ANGELES,CA,0,0,,,
-118.4327522,34.22233963,13801,4260461,2009,1/5/2010 0:00,1942,5/26/2009,1745,34332,1999,2,5,7,1942,0,0,0,,0,19T73,WOODMAN AV,ROSCOE BL,250,N,N,A,-,N,,0,0,,,0,,,,N,4,0,1,2,A,-,5,21650,,N,D,G,A,A,H,-,A,D,0,,Y,,,Y,,L,4,0,0,1,0,0,0,1,0,0,-,-,0,0,1800,5,LOS ANGELES,LOS ANGELES,CA,-118.4327522,34.22233963,"WOODMAN AVE & ROSCOE BLVD, LOS ANGELES, CA, 91402",WOODMAN AVE,ROSCOE BLVD
-118.507142,34.16047287,13819,4260597,2009,1/25/2010 0:00,1942,5/26/2009,1410,34674,1067,2,5,7,1942,0,0,0,J,0,9T58,VENTURA BL,AMESTOY AV,511,W,N,A,-,N,,0,0,,,0,,,,N,4,0,1,2,A,-,5,21650,1,N,H,G,A,A,H,-,A,D,0,,Y,,,Y,,L,4,0,0,1,0,0,0,1,0,0,-,-,0,0,1500,5,LOS ANGELES,LOS ANGELES,CA,-118.507142,34.16047287,"VENTURA BLVD & AMESTOY AVE, LOS ANGELES, CA, 91316",VENTURA BLVD,AMESTOY AVE
-118.50228,34.26477814,14098,4262842,2009,1/21/2010 0:00,1942,5/26/2009,1000,36504,1745,2,5,7,1942,0,0,0,Q,0,17T5W2,CHATSWORTH ST,BALBOA BL,0,,Y,A,-,N,,0,0,,,0,,,,N,4,0,1,2,A,-,5,21202,A,N,A,G,A,A,H,-,A,A,0,,Y,,,Y,,L,4,0,0,1,0,0,0,1,0,0,-,-,0,0,1200,5,LOS ANGELES,LOS ANGELES,CA,-118.50228,34.26477814,"CHATSWORTH ST & BALBOA BLVD, LOS ANGELES, CA, 91344",CHATSWORTH ST,BALBOA BLVD
-118.5329374,34.22076035,14756,4272369,2009,1/20/2010 0:00,1942,5/26/2009,1635,33122,1004,2,5,7,1942,0,0,0,J,0,21TL67,ROSCOE BL,ETIWANDA AV,365,W,N,A,-,N,,0,0,,,0,,,,N,2,0,1,2,A,-,9,21801,A,N,D,G,A,A,H,-,A,A,0,,Y,,,Y,,L,4,1,0,0,0,0,0,1,0,0,-,-,0,0,1800,5,LOS ANGELES,LOS ANGELES,CA,-118.5329374,34.22076035,"ROSCOE BLVD & ETIWANDA AVE, LOS ANGELES, CA, 91335",ROSCOE BLVD,ETIWANDA AVE
-118.3089402,34.0280724,15371,4278625,2009,1/11/2010 0:00,1942,5/26/2009,910,37523,337,2,5,7,1942,0,0,0,C,0,3T5,WESTERN AV,29TH PL,59,S,N,A,-,N,,0,0,,,0,,,,Y,4,0,1,2,A,-,5,21650,1,N,-,G,A,A,H,-,A,D,0,,Y,,,Y,,L,4,0,0,1,0,0,0,1,0,0,-,-,0,0,1200,5,LOS ANGELES,LOS ANGELES,CA,-118.3089402,34.0280724,"S WESTERN AVE & W 29TH PL, LOS ANGELES, CA, 90018",S WESTERN AVE,W 29TH PL
-118.56668,34.22819901,14091,4262814,2009,2/1/2010 0:00,1942,5/27/2009,2030,37800,1782,3,5,7,1942,0,0,0,Q,0,10T35,PARTHENIA ST,OAKDALE AV,0,,Y,A,-,N,,0,0,,,0,,,,Y,2,0,1,2,A,-,7,21658,A,N,D,G,A,A,H,-,C,D,0,,Y,,,Y,,L,4,1,0,0,0,0,0,1,0,0,-,-,0,0,2100,5,LOS ANGELES,LOS ANGELES,CA,-118.56668,34.22819901,"PARTHENIA ST & OAKDALE AVE, LOS ANGELES, CA, 91324",PARTHENIA ST,OAKDALE AVE
-118.42882,34.22164154,15447,4279476,2009,1/9/2010 0:00,1942,5/27/2009,735,39477,1999,3,5,7,1942,0,0,0,,0,,VENTURA CANYON AV,ROSCOE BL,0,,Y,B,-,N,,0,0,,,0,,,,N,4,0,1,2,D,-,0,0,,F,D,G,A,A,H,-,A,A,0,,Y,,,Y,,-,-,0,0,1,0,0,0,1,0,0,-,-,0,0,900,5,LOS ANGELES,LOS ANGELES,CA,-118.42882,34.22164154,"VENTURA CANYON AVE & ROSCOE BLVD, LOS ANGELES, CA, 91402",VENTURA CANYON AVE,ROSCOE BLVD
-118.17581,34.11571121,13945,4261417,2009,3/9/2010 0:00,1942,5/28/2009,2125,33798,1129,4,5,7,1942,0,0,0,K,0,11T21,SAN PASCUAL AV,CRESCENT ST,0,,Y,A,-,N,,0,0,,,0,,,,N,3,0,1,2,A,-,1,23152,A,M,-,G,A,A,H,-,C,A,0,,Y,,,Y,Y,A,7,0,1,0,0,0,0,1,0,0,-,-,0,0,2400,5,LOS ANGELES,LOS ANGELES,CA,-118.17581,34.11571121,"SAN PASCUAL AVE & CRESCENT ST, LOS ANGELES, CA, 90042",SAN PASCUAL AVE,CRESCENT ST
-118.4233973,34.24404671,14122,4264643,2009,4/28/2010 0:00,1942,5/28/2009,915,31844,1969,4,5,7,1942,0,0,0,,0,35EL12,OSBORNE ST,RT 5,2,E,N,A,-,Y,LA,7,5,-,-,37.538,R,4,S,N,4,0,1,2,A,-,5,21650,1,N,D,B,A,A,H,-,A,A,0,,Y,,,Y,,L,4,0,0,1,0,0,0,1,0,0,-,SF,0,0,1200,5,LOS ANGELES,LOS ANGELES,CA,-118.4233973,34.24404671,5/SB OFF TO OSBORNE ST,5/SB OFF TO OSBORNE ST,
-118.5929022,34.22159195,16277,4293142,2009,1/26/2010 0:00,1942,5/28/2009,1405,38413,2107,4,5,7,1942,0,0,0,,0,1405,VARIEL AV,SCHOENBORN ST,105,N,N,A,-,N,,0,0,,,0,,,,N,3,0,1,2,A,-,9,21804,A,N,B,G,A,A,H,-,A,D,0,,Y,,,Y,,L,4,0,1,0,0,0,0,1,0,0,-,-,0,0,1500,5,LOS ANGELES,LOS ANGELES,CA,-118.5929022,34.22159195,"VARIEL AVE & SCHOENBORN ST, LOS ANGELES, CA, 91304",VARIEL AVE,SCHOENBORN ST
-118.4213682,34.26662827,14755,4272365,2009,1/20/2010 0:00,1942,5/29/2009,1730,37787,1623,5,5,7,1942,0,0,0,P,0,15T43,VAN NUYS BL,SUTTER AV,10,W,N,A,-,N,,0,0,,,0,,,,N,3,0,1,2,A,-,5,21650,1,N,D,G,A,A,H,-,A,D,0,,Y,,,Y,,L,4,0,1,0,0,0,0,1,0,0,-,-,0,0,1800,5,LOS ANGELES,LOS ANGELES,CA,-118.4213682,34.26662827,"VAN NUYS BLVD & SUTTER AVE, LOS ANGELES, CA, 91331",VAN NUYS BLVD,SUTTER AVE
0,0,15115,4277012,2009,1/7/2010 0:00,1942,5/29/2009,1000,37774,1428,5,5,7,1942,0,0,0,N,0,14TL47,NATIONAL PL,MALCOLM AV,15,S,N,B,-,N,,0,0,,,0,,,,N,3,0,1,2,A,-,21,22106,,F,H,G,A,A,H,-,A,A,0,,Y,,,Y,,-,99,0,1,0,0,0,0,1,0,0,-,-,0,0,1200,5,LOS ANGELES,LOS ANGELES,CA,0,0,,,
0,0,15355,4278604,2009,1/11/2010 0:00,1942,5/29/2009,1510,35199,2014,5,5,7,1942,0,0,0,,0,14TL52,HARVARD BL,BEVERLY BL,100,S,N,B,-,N,,0,0,,,0,,,,N,4,0,1,2,A,-,5,21650,,N,H,G,A,A,H,-,A,D,0,,Y,,,Y,,L,4,0,0,1,0,0,0,1,0,0,-,-,0,0,1800,5,LOS ANGELES,LOS ANGELES,CA,0,0,,,
-118.24239,34.05149841,13952,4261424,2009,1/21/2010 0:00,1942,5/30/2009,1830,37611,124,6,5,7,1942,0,0,0,A,0,4TL4,LOS ANGELES ST,1ST ST,0,,Y,A,-,N,,0,0,,,0,,,,N,3,0,1,2,A,-,8,22107,,N,A,G,A,A,H,-,A,D,0,,Y,,,Y,,A,1,0,1,0,0,0,0,1,0,0,-,-,0,0,2100,5,LOS ANGELES,LOS ANGELES,CA,-118.24239,34.05149841,"N LOS ANGELES ST & E 1ST ST, LOS ANGELES, CA, 90012",N LOS ANGELES ST,E 1ST ST
-118.5710422,34.21503449,15464,4280110,2009,1/11/2010 0:00,1942,5/30/2009,530,31021,219,6,5,7,1942,0,0,0,,0,,WINNETKA,STRATHERN ST,200,S,N,A,-,N,,0,0,,,0,,,,Y,3,0,1,2,D,-,0,0,,N,-,G,A,A,H,-,A,D,0,,Y,,,Y,,-,-,0,1,0,0,0,0,1,0,0,-,-,0,0,600,5,LOS ANGELES,LOS ANGELES,CA,-118.5710422,34.21503448,"WINNETKA AVE & STRATHERN ST, LOS ANGELES, CA, 91306",WINNETKA AVE,STRATHERN ST
-118.3180189,34.10484314,15730,4285574,2009,1/7/2010 0:00,1942,5/30/2009,2355,37903,638,6,5,7,1942,0,0,0,F,0,2355,BRONSON AV,FRANKLIN AV,150,S,N,A,-,N,,0,0,,,0,,,,N,4,0,1,2,C,-,18,0,,N,H,G,A,A,H,-,C,D,0,,Y,,,Y,,-,-,0,0,1,0,0,0,1,0,0,-,-,0,0,2400,5,LOS ANGELES,LOS ANGELES,CA,-118.3180189,34.10484314,"N BRONSON AVE & FRANKLIN AVE, LOS ANGELES, CA, 90028",N BRONSON AVE,FRANKLIN AVE
-118.5157316,34.03025818,18220,4322147,2009,1/27/2010 0:00,1942,5/30/2009,1230,38111,824,6,5,7,1942,0,0,0,H,0,8TL35,CHANNEL RD,MESA RD,132,W,N,B,-,N,,0,0,,,0,,,,N,3,0,1,2,A,-,17,22517,,N,H,G,A,A,H,-,A,D,0,,Y,,,Y,,A,7,0,1,0,0,0,0,1,0,0,-,-,0,0,1500,5,LOS ANGELES,LOS ANGELES,CA,-118.5157316,34.03025818,"W CHANNEL RD & MESA RD, LOS ANGELES, CA, 90402",W CHANNEL RD,MESA RD
-118.27826,33.96414948,24216,4396079,2009,12/23/2009 0:00,1942,5/30/2009,1035,39901,1266,6,5,7,1942,0,0,0,L,0,12A53,BROADWAY,83RD ST,0,,Y,B,-,N,,0,0,,,0,,,,N,4,0,1,2,A,-,12,21453,A,F,D,G,A,A,H,-,A,A,0,,Y,,,Y,,-,-,0,0,1,0,0,0,1,0,0,-,-,0,0,1200,5,LOS ANGELES,LOS ANGELES,CA,-118.27826,33.96414948,"S BROADWAY & W 83RD ST, LOS ANGELES, CA, 90003",S BROADWAY,W 83RD ST
-118.2800014,34.06258392,13934,4261405,2009,1/20/2010 0:00,1942,5/31/2009,2105,39350,245,7,5,7,1942,0,0,0,,0,2A42,CORONADO ST,OCEAN VIEW AV,20,N,N,A,-,N,,0,0,,,0,,,,N,3,0,1,2,A,-,3,22350,,F,-,G,A,A,H,-,C,D,0,,Y,,,Y,,-,-,0,1,0,0,0,0,1,0,0,-,-,0,0,2400,5,LOS ANGELES,LOS ANGELES,CA,-118.2800014,34.06258392,"S CORONADO ST & OCEAN VIEW AVE, LOS ANGELES, CA, 90057",S CORONADO ST,OCEAN VIEW AVE
-118.43411,34.2216301,14130,4264659,2009,1/20/2010 0:00,1942,5/31/2009,1755,35984,1999,7,5,7,1942,0,0,0,,0,10TL32,ROSCOE BL,MAMMOTH AV,0,,Y,A,-,N,,0,0,,,0,,,,Y,2,0,1,2,A,-,5,21650,1,N,D,G,A,A,H,-,A,D,0,,Y,,,Y,,L,4,1,0,0,0,0,0,1,0,0,-,-,0,0,1800,5,LOS ANGELES,LOS ANGELES,CA,-118.43411,34.2216301,"ROSCOE BLVD & MAMMOTH AVE, LOS ANGELES, CA, 91402",ROSCOE BLVD,MAMMOTH AVE
-118.41347,34.00019836,14892,4274042,2009,1/16/2010 0:00,1942,5/31/2009,1340,35199,1458,7,5,7,1942,0,0,0,N,0,14TL52,CULVER BL,BERRYMAN AV,0,,Y,B,-,N,,0,0,,,0,,,,N,4,0,1,2,A,-,8,22107,,N,D,G,A,A,H,-,A,D,0,,Y,,,Y,,A,7,0,0,1,0,0,0,1,0,0,-,-,0,0,1500,5,LOS ANGELES,LOS ANGELES,CA,-118.41347,34.00019836,"CULVER BLVD & BERRYMAN AVE, LOS ANGELES, CA, 90066",CULVER BLVD,BERRYMAN AVE
-118.34701,34.04779816,16397,4293883,2009,1/25/2010 0:00,1942,5/31/2009,1620,34959,765,7,5,7,1942,0,0,0,G,0,7TL23,PICO BL,ORANGE DR,0,,Y,A,-,N,,0,0,,,0,,,,N,3,0,1,2,A,-,5,21650,1,N,H,G,A,A,H,-,A,A,0,,Y,,,Y,,L,4,0,1,0,0,0,0,1,0,0,-,-,0,0,1800,5,LOS ANGELES,LOS ANGELES,CA,-118.34701,34.04779816,"W PICO BLVD & S ORANGE DR, LOS ANGELES, CA, 90019",W PICO BLVD,S ORANGE DR
-118.5426022,34.20105362,13731,4259736,2009,2/22/2010 0:00,1942,6/1/2009,1500,32114,1012,1,5,7,1942,0,0,0,J,0,15TL45,GEYSER AV,SHERMAN WY,4,S,N,A,-,N,,0,0,,,0,,,,N,3,0,1,2,A,-,9,21802,A,N,D,G,A,-,H,-,A,A,0,,Y,,,Y,,A,1,0,1,0,0,0,0,1,0,0,-,-,0,0,1800,6,LOS ANGELES,LOS ANGELES,CA,-118.5426022,34.20105362,"GEYSER AVE & SHERMAN WAY, LOS ANGELES, CA, 91335",GEYSER AVE,SHERMAN WAY
-118.1997696,34.03730393,13884,4261343,2009,2/17/2010 0:00,1942,6/1/2009,1840,39309,468,1,5,7,1942,0,0,0,D,0,1X38,2ND ST,FRESNO ST,6,N,N,A,-,N,,0,0,,,0,,,,N,3,0,1,2,A,-,21,22106,,N,B,G,A,A,H,-,A,A,0,,Y,,,Y,,L,4,0,1,0,0,0,0,1,0,0,-,-,0,0,2100,6,LOS ANGELES,LOS ANGELES,CA,-118.1997696,34.03730392,"E 2ND ST & S FRESNO ST, LOS ANGELES, CA, 90063",E 2ND ST,S FRESNO ST
-118.2292013,34.0967598,13972,4261736,2009,2/22/2010 0:00,1942,6/1/2009,2300,38285,1147,1,5,7,1942,0,0,0,K,0,4T43,ARVIA ST,CYPRESS AV,200,N,N,A,-,N,,0,0,,,0,,,,N,3,0,1,2,A,-,3,22350,,N,C,E,A,A,H,-,D,D,0,,Y,,,Y,,L,4,0,1,0,0,0,0,1,0,0,-,-,0,0,2400,6,LOS ANGELES,LOS ANGELES,CA,-118.2292013,34.0967598,"ARVIA ST & CYPRESS AVE, LOS ANGELES, CA, 90065",ARVIA ST,CYPRESS AVE
-118.42938,34.02362824,14799,4273857,2009,2/26/2010 0:00,1942,6/1/2009,1010,34959,1425,1,5,7,1942,0,0,0,N,0,,STANWOOD DR,SAWTELLE BL,0,,Y,B,-,N,,0,0,,,0,,,,N,4,0,1,2,A,-,5,21650,1,N,H,G,A,A,H,-,A,A,0,,Y,,,Y,,L,4,0,0,1,0,0,0,1,0,0,-,-,0,0,1200,6,LOS ANGELES,LOS ANGELES,CA,-118.42938,34.02362823,"STANWOOD DR & SAWTELLE BLVD, LOS ANGELES, CA, 90066",STANWOOD DR,SAWTELLE BLVD