X,Y,FID,CASE_ID,ACCIDENT_YEAR,PROCDATE,JURIS,COLLISION_DATE,COLLISION_TIME,OFFICER_ID,REPORTING_DISTRICT,DAY_OF_WEEK,SHIFT,POPULATION,CNTY_CITY_LOC,SPECIAL_COND,BEAT_TYPE,CHP_BEAT_TYPE,CITY_DIVISION_LAPD,CHP_BEAT_CLASS,BEATNUMB,PRIMARY_RD,SECONDARY_RD,DISTANCE,DIRECTION,INTERSECTION,WEATHER_1,WEATHER_2,STATE_HWY_IND,CALTRANS_COUNTY,CALTRANS_DISTRICT,STATE_ROUTE,ROUTE_SUFFIX,POSTMILE_PREFIX,POSTMILE,LOCATION_TYPE,RAMP_INTERSECTION,SIDE_OF_HWY,TOW_AWAY,COLLISION_SEVERITY,NUMBER_KILLED,NUMBER_INJURED,PARTY_COUNT,PRIMARY_COLL_FACTOR,PCF_CODE_VIOL,PCF_VIOL_CATEGORY,PCF_VIOLATION,PCF_VIOL_SUBSECTION,HIT_AND_RUN,TYPE_OF_COLLISION,MVIW,PED_ACTION,ROAD_SURFACE,ROAD_COND_1,ROAD_COND_2,LIGHTING,CONTROL_DEVICE,CHP_ROAD_TYPE,PEDESTRIAN_ACCIDENT,BICYCLE_ACCIDENT,MOTORCYCLE_ACCIDENT,TRUCK_ACCIDENT,NOT_PRIVATE_PROPERTY,ALCOHOL_INVOLVED,STWD_VEHTYPE_AT_FAULT,CHP_VEHTYPE_AT_FAULT,COUNT_SEVERE_INJ,COUNT_VISIBLE_INJ,COUNT_COMPLAIN_PAIN,COUNT_PED_KILLED,COUNT_PED_INJURED,COUNT_BICYCLIST_KILLED,COUNT_BICYCLIST_INJURED,COUNT_MC_KILLED,COUNT_MC_INJURED,PRIMARY_RAMP,SECONDARY_RAMP,LATITUDE,LONGITUDE,TIMECAT,MONTH_,CITY,COUNTY,STATE,POINT_X,POINT_Y,Match_addr,m_primaryrd,m_secondrd
-118.57541,34.2131691,21006,4352049,2009,5/4/2010 0:00,1942,8/12/2009,925,30658,2128,3,5,7,1942,0,0,0,,0,21TL65,OSO AV,ARMINTA ST,0,,Y,A,-,N,,0,0,,,0,,,,N,3,0,1,2,A,-,12,22450,A,N,D,G,A,A,H,-,A,A,0,,Y,,,Y,,-,-,0,1,0,0,0,0,1,0,0,-,-,0,0,1200,8,LOS ANGELES,LOS ANGELES,CA,-118.57541,34.2131691,"OSO AVE & ARMINTA ST, LOS ANGELES, CA, 91306",OSO AVE,ARMINTA ST
-118.3441363,34.06202316,21807,4358856,2009,4/28/2010 0:00,1942,8/12/2009,1030,37595,737,3,5,7,1942,0,0,0,,0,14TL47,LA BREA AV,WILSHIRE BL,85,S,N,A,-,N,,0,0,,,0,,,,N,3,0,1,2,A,-,3,22350,,F,C,G,A,A,H,-,A,A,0,,Y,,,Y,,-,99,0,1,0,0,0,0,1,0,0,-,-,0,0,1200,8,LOS ANGELES,LOS ANGELES,CA,-118.3441363,34.06202316,"S LA BREA AVE & WILSHIRE BLVD, LOS ANGELES, CA, 90036",S LA BREA AVE,WILSHIRE BLVD
-118.28922,34.08358002,22121,4360519,2009,5/3/2010 0:00,1942,8/12/2009,1635,37889,203,3,5,7,1942,0,0,0,B,0,2A92,MADISON AV,MELROSE AV,0,,Y,A,-,N,,0,0,,,0,,,,N,4,0,1,2,A,-,21,22106,,N,B,G,A,A,H,-,A,A,0,,Y,,,Y,,-,-,0,0,1,0,0,0,1,0,0,-,-,0,0,1800,8,LOS ANGELES,LOS ANGELES,CA,-118.28922,34.08358002,"N MADISON AVE & MELROSE AVE, LOS ANGELES, CA, 90004",N MADISON AVE,MELROSE AVE
-118.4611124,33.9826241,22374,4365726,2009,4/29/2010 0:00,1942,8/12/2009,1510,33494,1441,3,5,7,1942,0,0,0,N,0,3YMQ8,VIA MARINA,WASHINGTON BL,10,S,N,A,-,N,,0,0,,,0,,,,N,3,0,1,2,A,-,5,21650,1,F,H,G,A,A,H,-,A,A,0,,Y,,,Y,Y,L,4,0,1,0,0,0,0,1,0,0,-,-,0,0,1800,8,LOS ANGELES,LOS ANGELES,CA,-118.4611124,33.9826241,"VIA MARINA AVE & WASHINGTON BLVD, LOS ANGELES, CA",VIA MARINA AVE,WASHINGTON BLVD
-118.5031653,34.25026321,22390,4365744,2009,4/30/2010 0:00,1942,8/12/2009,1045,39335,1756,3,5,7,1942,0,0,0,Q,0,,LASSEN ST,BALBOA BL,225,W,N,A,-,N,,0,0,,,0,,,,N,4,0,1,2,D,-,0,0,,F,D,G,A,A,H,-,A,D,0,,Y,,,Y,,-,-,0,0,1,0,0,0,1,0,0,-,-,0,0,1200,8,LOS ANGELES,LOS ANGELES,CA,-118.5031653,34.25026321,"LASSEN ST & BALBOA BLVD, LOS ANGELES, CA, 91325",LASSEN ST,BALBOA BLVD
-118.3947445,33.98083496,22808,4373208,2009,5/7/2010 0:00,1942,8/12/2009,1540,30947,1467,3,5,7,1942,0,0,0,N,0,7TL38,SEPULVEDA BL,CENTINELA BL,100,S,N,A,-,N,,0,0,,,0,,,,N,3,0,1,2,A,-,7,21658,A,N,H,G,A,A,H,-,A,A,0,,Y,,,Y,,L,4,0,1,0,0,0,0,1,0,0,-,-,0,0,1800,8,LOS ANGELES,LOS ANGELES,CA,-118.3947445,33.98083496,"SEPULVEDA BLVD & S CENTINELA AVE, CULVER CITY, CA, 90230",SEPULVEDA BLVD,S CENTINELA AVE
-118.3591376,34.04386902,21755,4358804,2009,4/28/2010 0:00,1942,8/13/2009,1250,33494,773,4,5,7,1942,0,0,0,,0,34MQ8,VENICE BL,HAUSER BL,150,W,N,A,-,N,,0,0,,,0,,,,N,4,0,1,2,A,-,7,21658,A,F,H,G,A,A,H,-,A,D,0,,Y,,,Y,Y,A,1,0,0,1,0,0,0,1,0,0,-,-,0,0,1500,8,LOS ANGELES,LOS ANGELES,CA,-118.3591376,34.04386902,"VENICE BLVD & HAUSER BLVD, LOS ANGELES, CA, 90019",VENICE BLVD,HAUSER BLVD
-118.1994251,34.10614014,21743,4358627,2009,4/27/2010 0:00,1942,8/14/2009,15,37782,1149,5,5,7,1942,0,0,0,K,0,1T11,AVENUE 52,FIGUEROA ST,70,E,N,A,-,N,,0,0,,,0,,,,N,3,0,1,2,A,-,17,21200,,F,D,G,A,A,H,-,C,D,0,,Y,,,Y,,L,4,0,1,0,0,0,0,1,0,0,-,-,0,0,300,8,LOS ANGELES,LOS ANGELES,CA,-118.1994251,34.10614014,"AVE 52 & N FIGUEROA ST, LOS ANGELES, CA, 90042",AVE 52,N FIGUEROA ST
-118.5360822,34.22111511,21907,4359385,2009,4/29/2010 0:00,1942,8/14/2009,1235,35836,1794,5,5,7,1942,0,0,0,Q,0,10TL32,RESEDA BL,ROSCOE BL,150,N,N,A,-,N,,0,0,,,0,,,,N,2,0,1,2,A,-,8,22107,,N,B,G,A,A,H,-,A,D,0,,Y,,,Y,,A,1,1,0,0,0,0,0,1,0,0,-,-,0,0,1500,8,LOS ANGELES,LOS ANGELES,CA,-118.5360822,34.22111511,"RESEDA BLVD & ROSCOE BLVD, LOS ANGELES, CA, 91324",RESEDA BLVD,ROSCOE BLVD
-118.58355,34.16699982,22353,4365698,2009,4/29/2010 0:00,1942,8/14/2009,1100,39096,2189,5,5,7,1942,0,0,0,,0,9T57,VENTURA BL,PREMIERE HILLS DR,0,,Y,A,-,N,,0,0,,,0,,,,N,3,0,1,2,A,-,9,21801,A,N,D,G,A,A,H,-,A,A,0,,Y,,,Y,,A,1,0,1,0,0,0,0,1,0,0,-,-,0,0,1200,8,LOS ANGELES,LOS ANGELES,CA,-118.58355,34.16699982,"VENTURA BLVD & PREMIERE HILLS DR, LOS ANGELES, CA, 91364",VENTURA BLVD,PREMIERE HILLS DR
-118.4317583,33.99977875,22655,4371114,2009,5/15/2010 0:00,1942,8/14/2009,2030,37613,1445,5,5,7,1942,0,0,0,N,0,6TL11,MITCHELL AV,WASATCH AV,275,E,N,A,-,N,,0,0,,,0,,,,N,3,0,2,2,A,-,3,22350,,N,H,G,A,A,H,-,D,D,0,,Y,,,Y,,A,1,0,2,0,0,0,0,2,0,0,-,-,0,0,2100,8,LOS ANGELES,LOS ANGELES,CA,-118.4317583,33.99977875,"MITCHELL AVE & WASATCH AVE, LOS ANGELES, CA, 90066",MITCHELL AVE,WASATCH AVE
-118.252,34.0466194,24055,4394728,2009,5/18/2010 0:00,1942,8/14/2009,1810,37700,153,5,5,7,1942,0,0,0,A,0,1A84,6TH ST,BROADWAY,0,,Y,A,-,N,,0,0,,,0,,,,Y,4,0,1,2,A,-,5,21650,1,N,G,G,A,A,H,-,A,A,0,,Y,,,Y,,L,4,0,0,1,0,0,0,1,0,0,-,-,0,0,2100,8,LOS ANGELES,LOS ANGELES,CA,-118.252,34.0466194,"W 6TH ST & S BROADWAY, LOS ANGELES, CA, 90014",W 6TH ST,S BROADWAY
-118.3337042,33.98896408,25248,4410172,2009,5/13/2010 0:00,1942,8/14/2009,1815,38479,1232,5,5,7,1942,0,0,0,L,0,12T73,SLAUSON AV,BRYNHURST AV,113,W,N,A,-,N,,0,0,,,0,,,,N,2,0,1,2,C,-,18,0,,N,D,G,A,A,H,-,A,D,0,,Y,,,Y,,-,-,1,0,0,0,0,0,1,0,0,-,-,0,0,2100,8,LOS ANGELES,LOS ANGELES,CA,-118.3337042,33.98896408,"W SLAUSON AVE & BRYNHURST AVE, LOS ANGELES, CA, 90043",W SLAUSON AVE,BRYNHURST AVE
-118.3002521,34.02692032,25546,4420385,2009,5/14/2010 0:00,1942,8/14/2009,940,38794,337,5,5,7,1942,0,0,0,C,0,12TL41,NORMANDIE AV,30TH ST,140,S,N,A,-,N,,0,0,,,0,,,,N,4,0,1,2,A,-,21,22106,,N,H,G,A,A,H,-,A,D,0,,Y,,,Y,,A,1,0,0,1,0,0,0,1,0,0,-,-,0,0,1200,8,LOS ANGELES,LOS ANGELES,CA,-118.3002521,34.02692032,"S NORMANDIE AVE & W 30TH ST, LOS ANGELES, CA, 90007",S NORMANDIE AVE,W 30TH ST
-118.2770342,34.03663635,25629,4422890,2009,5/15/2010 0:00,1942,8/14/2009,1625,33244,309,5,5,7,1942,0,0,0,,0,12M068,WASHINGTON BL,NORWOOD ST,91,W,N,A,-,N,,0,0,,,0,,,,N,4,0,1,2,A,-,5,21650,1,N,D,G,A,A,H,-,A,D,0,,Y,,,Y,,L,4,0,0,1,0,0,0,1,0,0,-,-,0,0,1800,8,LOS ANGELES,LOS ANGELES,CA,-118.2770342,34.03663635,"W WASHINGTON BLVD & NORWOOD ST, LOS ANGELES, CA, 90015",W WASHINGTON BLVD,NORWOOD ST
-118.30498,34.15584564,22112,4360500,2009,5/3/2010 0:00,1942,8/15/2009,1905,37806,1101,6,5,7,1942,0,0,0,K,0,11TL32,ZOO DR,FOREST LAWN DR,2640,E,N,A,-,N,,0,0,,,0,,,,N,3,0,1,2,A,-,21,22106,,N,D,G,A,A,H,-,A,D,0,,Y,,,Y,,A,1,0,1,0,0,0,0,1,0,0,-,-,0,0,2100,8,LOS ANGELES,LOS ANGELES,CA,-118.30498,34.15584564,"ZOO DR & FOREST LAWN DR, LOS ANGELES, CA, 90027",ZOO DR,FOREST LAWN DR
-118.3090379,34.04318237,22553,4370743,2009,5/10/2010 0:00,1942,8/15/2009,1620,30452,2083,6,5,7,1942,0,0,0,,0,8TL28,WESTERN AV,VENICE BL,140,S,N,A,-,N,,0,0,,,0,,,,N,4,0,1,2,-,-,-,0,,N,H,G,A,A,H,-,A,D,0,,Y,,,Y,,-,-,0,0,1,0,0,0,1,0,0,-,-,0,0,1800,8,LOS ANGELES,LOS ANGELES,CA,-118.3090379,34.04318237,"S WESTERN AVE & VENICE BLVD, LOS ANGELES, CA, 90006",S WESTERN AVE,VENICE BLVD
-118.46355,33.99055862,22657,4371118,2009,5/15/2010 0:00,1942,8/15/2009,1900,26693,1432,6,5,7,1942,0,0,0,N,0,14TL47,ELECTRIC AV,PALMS BL,0,,Y,A,-,N,,0,0,,,0,,,,N,3,0,1,2,A,-,12,22450,A,N,H,G,A,A,H,-,A,A,0,,Y,,,Y,,L,4,0,1,0,0,0,0,1,0,0,-,-,0,0,2100,8,LOS ANGELES,LOS ANGELES,CA,-118.46355,33.99055862,"ELECTRIC AVE & PALMS BLVD, LOS ANGELES, CA, 90291",ELECTRIC AVE,PALMS BLVD
-118.3024352,33.98324585,23348,4384076,2009,5/13/2010 0:00,1942,8/15/2009,1600,33244,1245,6,5,7,1942,0,0,0,L,0,,62ND ST,HALLDALE AV,7,W,N,A,-,N,,0,0,,,0,,,,N,3,0,1,2,A,-,9,21802,A,N,D,G,A,A,H,-,A,A,0,,Y,,,Y,,-,-,0,1,0,0,0,0,1,0,0,-,-,0,0,1800,8,LOS ANGELES,LOS ANGELES,CA,-118.3024352,33.98324585,"W 62ND ST & S HALLDALE AVE, LOS ANGELES, CA, 90047",W 62ND ST,S HALLDALE AVE
-118.3610203,34.1153717,21825,4358874,2009,4/27/2010 0:00,1942,8/16/2009,920,37595,622,7,5,7,1942,0,0,0,F,0,20TL59,NICHOLS CANYON RD,JALMIA DR,400,S,N,A,-,N,,0,0,,,0,,,,Y,3,0,1,3,A,-,5,21650,,N,-,G,A,A,H,-,A,D,0,,Y,,,Y,,A,7,0,1,0,0,0,0,1,0,0,-,-,0,0,1200,8,LOS ANGELES,LOS ANGELES,CA,-118.3610203,34.1153717,"NICHOLS CANYON RD & JALMIA DR, LOS ANGELES, CA, 90046",NICHOLS CANYON RD,JALMIA DR
-118.38829,34.28454971,22383,4365736,2009,4/30/2010 0:00,1942,8/16/2009,1900,38356,1998,7,5,7,1942,0,0,0,,0,9T57,ELDRIDGE AV,LUANDA ST,0,,Y,A,-,N,,0,0,,,0,,,,N,4,0,1,2,A,-,3,22350,,N,D,G,A,A,H,-,A,A,0,,Y,,,Y,,A,1,0,0,1,0,0,0,1,0,0,-,-,0,0,2100,8,LOS ANGELES,LOS ANGELES,CA,-118.38829,34.28454971,"ELDRIDGE AVE & LUANDA ST, LOS ANGELES, CA, 91342",ELDRIDGE AVE,LUANDA ST
-118.4106886,34.03379059,22635,4371077,2009,5/15/2010 0:00,1942,8/16/2009,1400,37770,885,7,5,7,1942,0,0,0,H,0,7TL72,MOTOR AV,MANNING AV,10,E,N,A,-,N,,0,0,,,0,,,,N,3,0,1,2,A,-,5,21650,1,N,H,G,A,A,H,-,A,D,0,,Y,,,Y,,A,1,0,1,0,0,0,0,1,0,0,-,-,0,0,1500,8,LOS ANGELES,LOS ANGELES,CA,-118.4106886,34.03379059,"MOTOR AVE & MANNING AVE, LOS ANGELES, CA, 90064",MOTOR AVE,MANNING AVE
-118.4069992,34.0188026,23671,4385590,2009,5/10/2010 0:00,1942,8/16/2009,1315,37770,1438,7,5,7,1942,0,0,0,N,0,7TL72,VENICE BL,OVERLAND AV,12,E,N,A,-,N,,0,0,,,0,,,,N,3,0,1,2,A,-,8,22107,,F,D,G,A,A,H,-,A,A,0,,Y,,,Y,,-,99,0,1,0,0,0,0,1,0,0,-,-,0,0,1500,8,LOS ANGELES,LOS ANGELES,CA,-118.4069992,34.0188026,"VENICE BLVD & OVERLAND AVE, LOS ANGELES, CA, 90034",VENICE BLVD,OVERLAND AVE
-118.2166,34.13097,22159,4360749,2009,4/29/2010 0:00,1942,8/17/2009,1300,37506,1117,1,5,7,1942,0,0,0,K,0,13TL53,EAGLE ROCK BL,RIDGEVIEW AV,0,,Y,A,-,N,,0,0,,,0,,,,N,4,0,1,2,A,-,5,21650,,N,-,G,A,A,H,-,A,D,0,,Y,,,Y,,L,4,0,0,1,0,0,0,1,0,0,-,-,0,0,1500,8,LOS ANGELES,LOS ANGELES,CA,-118.2166,34.13097,"EAGLE ROCK BLVD & RIDGEVIEW AVE, LOS ANGELES, CA, 90041",EAGLE ROCK BLVD,RIDGEVIEW AVE
-118.3156821,34.0689888,22545,4370731,2009,5/10/2010 0:00,1942,8/17/2009,1120,37715,2021,1,5,7,1942,0,0,0,,0,6T7,VAN NESS AV,3RD ST,9,N,N,A,-,N,,0,0,,,0,,,,N,4,0,1,2,A,-,9,21804,A,N,D,G,A,A,H,-,A,A,0,,Y,,,Y,,L,4,0,0,1,0,0,0,1,0,0,-,-,0,0,1200,8,LOS ANGELES,LOS ANGELES,CA,-118.3156821,34.0689888,"S VAN NESS AVE & W 3RD ST, LOS ANGELES, CA, 90004",S VAN NESS AVE,W 3RD ST
-118.22782,34.12495041,22792,4373129,2009,8/19/2010 0:00,1942,8/17/2009,1555,34368,1112,1,5,7,1942,0,0,0,K,0,11A17,YORK BL,DELEVAN DR,0,,Y,A,-,N,,0,0,,,0,,,,N,4,0,1,2,A,-,12,22450,A,N,A,G,A,A,H,-,A,D,0,,Y,,,Y,,L,4,0,0,1,0,0,0,1,0,0,-,-,0,0,1800,8,LOS ANGELES,LOS ANGELES,CA,-118.22782,34.12495041,"YORK BLVD & DELEVAN DR, LOS ANGELES, CA, 90065",YORK BLVD,DELEVAN DR
-118.24136,34.03982925,23030,4378963,2009,4/19/2010 0:00,1942,8/17/2009,945,31816,158,1,5,7,1942,0,0,0,A,0,,CERES AV,6TH ST,0,,Y,A,-,N,,0,0,,,0,,,,N,4,0,1,2,A,-,5,21650,1,N,D,G,A,A,H,-,A,A,0,,Y,,,Y,,L,4,0,0,1,0,0,0,1,0,0,-,-,0,0,1200,8,LOS ANGELES,LOS ANGELES,CA,-118.24136,34.03982925,"CERES AVE & E 6TH ST, LOS ANGELES, CA, 90013",CERES AVE,E 6TH ST
-118.3898928,34.03290064,23594,4385406,2009,9/30/2010 0:00,1942,8/17/2009,1700,35077,897,1,5,7,1942,0,0,0,H,0,6TL4,RT 10,ROBERTSON BL,0,,Y,B,-,Y,LA,7,10,-,R,8.167,R,1,W,N,4,0,1,2,A,-,5,21650,1,N,H,G,A,A,H,-,A,A,0,,Y,,,Y,,L,4,0,0,1,0,0,0,1,0,0,WF,-,0,0,1800,8,LOS ANGELES,LOS ANGELES,CA,-118.3898928,34.03290064,10/WB OFF ROBERTSON/NATIONAL BLVD,10/WB OFF ROBERTSON/NATIONAL BLVD,
-118.35689,34.04867935,21781,4358830,2009,4/27/2010 0:00,1942,8/18/2009,830,37595,764,2,5,7,1942,0,0,0,G,0,7TL23,HAUSER BL,PICO BL,0,,Y,A,-,N,,0,0,,,0,,,,N,4,0,1,2,A,-,5,21650,1,N,H,G,A,A,H,-,A,-,0,,Y,,,Y,,L,4,0,0,1,0,0,0,1,0,0,-,-,0,0,900,8,LOS ANGELES,LOS ANGELES,CA,-118.35689,34.04867935,"HAUSER BLVD & W PICO BLVD, LOS ANGELES, CA, 90019",HAUSER BLVD,W PICO BLVD
-118.252,34.0466194,22156,4360728,2009,4/30/2010 0:00,1942,8/18/2009,1600,32996,153,2,5,7,1942,0,0,0,A,0,2TL28,BROADWAY,6TH ST,0,,Y,A,-,N,,0,0,,,0,,,,N,4,0,1,2,A,-,3,22350,,N,B,G,A,A,H,-,A,A,0,,Y,,,Y,,L,4,0,0,1,0,0,0,1,0,0,-,-,0,0,1800,8,LOS ANGELES,LOS ANGELES,CA,-118.252,34.0466194,"S BROADWAY & W 6TH ST, LOS ANGELES, CA, 90013",S BROADWAY,W 6TH ST
-118.25939,34.07764053,22166,4360773,2009,4/29/2010 0:00,1942,8/18/2009,1910,34257,218,2,5,7,1942,0,0,0,B,0,4TL4,SUNSET BL,LEMOYNE ST,0,,Y,A,-,N,,0,0,,,0,,,,N,4,0,1,2,A,-,17,21200,,N,-,G,A,A,H,-,A,A,0,,Y,,,Y,,L,4,0,0,1,0,0,0,1,0,0,-,-,0,0,2100,8,LOS ANGELES,LOS ANGELES,CA,-118.25939,34.07764053,"W SUNSET BLVD & LEMOYNE ST, LOS ANGELES, CA, 90026",W SUNSET BLVD,LEMOYNE ST
-118.64269,34.18980026,22454,4366190,2009,5/4/2010 0:00,1942,8/18/2009,1620,36753,2142,2,5,7,1942,0,0,0,,0,21X28,HAYNES ST,PLATT AV,0,,Y,A,-,N,,0,0,,,0,,,,N,4,0,1,2,A,-,5,21650,1,N,G,B,A,A,H,-,A,A,0,,Y,,,Y,,L,4,0,0,1,0,0,0,1,0,0,-,-,0,0,1800,8,LOS ANGELES,LOS ANGELES,CA,-118.64269,34.18980026,"HAYNES ST & PLATT AVE, LOS ANGELES, CA, 91307",HAYNES ST,PLATT AVE
-118.5370863,34.21744537,22462,4366206,2009,5/4/2010 0:00,1942,8/18/2009,1900,37766,1003,2,5,7,1942,0,0,0,J,0,19TL76,LANARK ST,RESEDA BL,295,W,N,A,-,N,,0,0,,,0,,,,N,3,0,1,3,A,-,9,21804,A,N,A,C,A,A,H,-,A,D,0,,Y,,,Y,,L,4,0,1,0,0,0,0,1,0,0,-,-,0,0,2100,8,LOS ANGELES,LOS ANGELES,CA,-118.5370863,34.21744537,"LANARK ST & RESEDA BLVD, LOS ANGELES, CA, 91335",LANARK ST,RESEDA BLVD
-118.438517,34.05152512,23502,4385290,2009,5/14/2010 0:00,1942,8/18/2009,1730,39326,855,2,5,7,1942,0,0,0,H,0,8X98,WESTWOOD BL,MASSACHUSETTS AV,140,S,N,B,-,N,,0,0,,,0,,,,N,3,0,1,2,A,-,8,22107,,N,H,G,A,A,H,-,A,D,0,,Y,,,Y,,A,1,0,1,0,0,0,0,1,0,0,-,-,0,0,1800,8,LOS ANGELES,LOS ANGELES,CA,-118.438517,34.05152512,"WESTWOOD BLVD & MASSACHUSETTS AVE, LOS ANGELES, CA, 90024",WESTWOOD BLVD,MASSACHUSETTS AVE
0,0,23569,4385376,2009,5/11/2010 0:00,1942,8/18/2009,1915,38489,2033,2,5,7,1942,0,0,0,,0,14T47,SAN MARINO OAKS AV,WESTERN AV,8,W,N,A,-,N,,0,0,,,0,,,,N,4,0,1,2,A,-,5,21650,,N,H,G,A,A,H,-,A,A,0,,Y,,,Y,,L,4,0,0,1,0,0,0,1,0,0,-,-,0,0,2100,8,LOS ANGELES,LOS ANGELES,CA,0,0,,,
0,0,23592,4385404,2009,5/11/2010 0:00,1942,8/18/2009,1940,38272,2099,2,5,7,1942,0,0,0,,0,7T71,MORELAND DR,WASHINGTON BL,0,,Y,A,-,N,,0,0,,,0,,,,N,4,0,1,2,A,-,5,21650,,N,H,G,A,A,H,-,A,A,0,,Y,,,Y,,L,4,0,0,1,0,0,0,1,0,0,-,-,0,0,2100,8,LOS ANGELES,LOS ANGELES,CA,0,0,,,
-118.3091443,34.07154465,23832,4389564,2009,4/20/2010 0:00,1942,8/18/2009,1545,37857,2013,2,5,7,1942,0,0,0,,0,8TL28,WESTERN AV,2ND ST,150,N,N,A,-,N,,0,0,,,0,,,,N,3,0,1,2,A,-,3,22350,,N,D,G,A,A,H,-,A,D,0,,Y,,,Y,,L,4,0,1,0,0,0,0,1,0,0,-,-,0,0,1800,8,LOS ANGELES,LOS ANGELES,CA,-118.3091443,34.07154465,"S WESTERN AVE & W 2ND ST, LOS ANGELES, CA, 90004",S WESTERN AVE,W 2ND ST
-118.4109,34.01659012,26737,4436347,2009,5/18/2010 0:00,1942,8/18/2009,1035,39732,1438,2,5,7,1942,0,0,0,N,0,14A27,MIDVALE AV,VENICE BL,0,,Y,B,-,N,,0,0,,,0,,,,N,4,0,1,2,A,-,12,21453,A,N,H,G,A,A,H,-,A,A,0,,Y,,,Y,,-,-,0,0,1,0,0,0,1,0,0,-,-,0,0,1200,8,LOS ANGELES,LOS ANGELES,CA,-118.4109,34.01659012,"MIDVALE AVE & VENICE BLVD, LOS ANGELES, CA, 90034",MIDVALE AVE,VENICE BLVD
-118.4399162,34.15043259,22718,4372486,2009,5/15/2010 0:00,1942,8/19/2009,1800,36128,985,3,5,7,1942,0,0,0,I,0,9X48,MOORPARK ST,HAZELTINE AV,20,E,N,A,-,N,,0,0,,,0,,,,N,3,0,1,2,A,-,17,22517,,F,H,G,A,A,H,-,B,D,0,,Y,,,Y,,A,,0,1,0,0,0,0,1,0,0,-,-,0,0,2100,8,LOS ANGELES,LOS ANGELES,CA,-118.4399162,34.15043259,"MOORPARK ST & HAZELTINE AVE, LOS ANGELES, CA, 91423",MOORPARK ST,HAZELTINE AVE
-118.5011122,34.17093958,22825,4373611,2009,9/21/2010 0:00,9580,8/19/2009,1935,17442,,3,2,7,1942,0,1,2,,2,102,RT 101,BALBOA BL,5,N,N,A,-,Y,LA,7,101,-,-,19.401,R,3,N,N,3,0,1,2,A,-,9,21804,,N,H,G,A,A,H,-,A,A,1,,Y,,,Y,,L,4,0,1,0,0,0,0,1,0,0,-,-,34.17098,-118.50116,2100,8,LOS ANGELES,LOS ANGELES,CA,-118.5011122,34.17093958,101/NB ON BALBOA BLVD,101/NB ON BALBOA BLVD,
-118.33386,34.04629135,23521,4385309,2009,5/14/2010 0:00,1942,8/19/2009,1805,36589,777,3,5,7,1942,0,0,0,G,0,20TL56,VENICE BL,LA FAYETTE RD,0,,Y,A,-,N,,0,0,,,0,,,,N,4,0,1,2,A,-,9,21801,A,N,A,G,A,A,H,-,A,A,0,,Y,,,Y,,A,1,0,0,1,0,0,0,1,0,0,-,-,0,0,2100,8,LOS ANGELES,LOS ANGELES,CA,-118.33386,34.04629135,"VENICE BLVD & LA FAYETTE RD, LOS ANGELES, CA, 90019",VENICE BLVD,LA FAYETTE RD
-118.3386,34.0906982,23658,4385554,2009,9/29/2010 0:00,1942,8/19/2009,1720,36589,665,3,5,7,1942,0,0,0,F,0,20TL56,SANTA MONICA BL,HIGHLAND AV,0,,Y,A,-,Y,LA,7,2,-,-,10.91,H,-,W,N,3,0,1,2,A,-,5,21650,1,N,H,G,A,A,H,-,A,D,0,,Y,,,Y,,L,4,0,1,0,0,0,0,1,0,0,-,-,0,0,1800,8,LOS ANGELES,LOS ANGELES,CA,-118.3386,34.0906982,"SR 2 & N HIGHLAND AVE, LOS ANGELES, CA, 90038",SR 2,N HIGHLAND AVE
-118.3310916,34.09798431,23659,4385558,2009,5/10/2010 0:00,1942,8/19/2009,1355,32212,666,3,5,7,1942,0,0,0,F,0,R5421,SUNSET BL,WILCOX AV,15,W,N,A,-,N,,0,0,,,0,,,,N,4,0,1,2,A,-,7,21658,A,N,H,G,A,A,H,-,A,D,0,,Y,,,Y,,A,1,0,0,1,0,0,0,1,0,0,-,-,0,0,1500,8,LOS ANGELES,LOS ANGELES,CA,-118.3310916,34.09798431,"W SUNSET BLVD & WILCOX AVE, LOS ANGELES, CA, 90028",W SUNSET BLVD,WILCOX AVE
0,0,26762,4436400,2009,5/18/2010 0:00,1942,8/19/2009,1620,39758,1431,3,5,7,1942,0,0,0,N,0,14X68,ABBOT KINNEY BL,VENICE BL,50,,N,A,-,N,,0,0,,,0,,,,N,4,0,1,2,A,-,8,22107,,N,H,G,A,A,H,-,A,D,0,,Y,,,Y,,-,-,0,0,1,0,0,0,1,0,0,-,-,0,0,1800,8,LOS ANGELES,LOS ANGELES,CA,0,0,,,
-118.30892,34.02096939,28087,4450540,2009,5/17/2010 0:00,1942,8/19/2009,1120,39427,356,3,5,7,1942,0,0,0,C,0,3A99,37TH ST,WESTERN AV,0,,N,A,-,N,,0,0,,,0,,,,N,4,0,1,2,D,-,0,0,,N,G,G,A,A,H,-,A,D,0,,Y,,,Y,,-,-,0,0,1,0,0,0,1,0,0,-,-,0,0,1200,8,LOS ANGELES,LOS ANGELES,CA,-118.30892,34.02096939,"W 37TH ST & S WESTERN AVE, LOS ANGELES, CA, 90018",W 37TH ST,S WESTERN AVE
-118.3617177,34.02555084,28102,4450571,2009,5/18/2010 0:00,1942,8/19/2009,2320,38828,311,3,5,7,1942,0,0,0,C,0,3T5,JEFFERSON BL,COCHRAN AV,157,W,N,A,-,N,,0,0,,,0,,,,N,3,0,1,2,A,-,3,22350,,N,B,G,A,A,H,-,C,D,0,,Y,,,Y,,A,8,0,1,0,0,0,0,1,0,0,-,-,0,0,2400,8,LOS ANGELES,LOS ANGELES,CA,-118.3617177,34.02555084,"W JEFFERSON BLVD & S COCHRAN AVE, LOS ANGELES, CA, 90016",W JEFFERSON BLVD,S COCHRAN AVE