X,Y,FID,CASE_ID,ACCIDENT_YEAR,PROCDATE,JURIS,COLLISION_DATE,COLLISION_TIME,OFFICER_ID,REPORTING_DISTRICT,DAY_OF_WEEK,SHIFT,POPULATION,CNTY_CITY_LOC,SPECIAL_COND,BEAT_TYPE,CHP_BEAT_TYPE,CITY_DIVISION_LAPD,CHP_BEAT_CLASS,BEATNUMB,PRIMARY_RD,SECONDARY_RD,DISTANCE,DIRECTION,INTERSECTION,WEATHER_1,WEATHER_2,STATE_HWY_IND,CALTRANS_COUNTY,CALTRANS_DISTRICT,STATE_ROUTE,ROUTE_SUFFIX,POSTMILE_PREFIX,POSTMILE,LOCATION_TYPE,RAMP_INTERSECTION,SIDE_OF_HWY,TOW_AWAY,COLLISION_SEVERITY,NUMBER_KILLED,NUMBER_INJURED,PARTY_COUNT,PRIMARY_COLL_FACTOR,PCF_CODE_VIOL,PCF_VIOL_CATEGORY,PCF_VIOLATION,PCF_VIOL_SUBSECTION,HIT_AND_RUN,TYPE_OF_COLLISION,MVIW,PED_ACTION,ROAD_SURFACE,ROAD_COND_1,ROAD_COND_2,LIGHTING,CONTROL_DEVICE,CHP_ROAD_TYPE,PEDESTRIAN_ACCIDENT,BICYCLE_ACCIDENT,MOTORCYCLE_ACCIDENT,TRUCK_ACCIDENT,NOT_PRIVATE_PROPERTY,ALCOHOL_INVOLVED,STWD_VEHTYPE_AT_FAULT,CHP_VEHTYPE_AT_FAULT,COUNT_SEVERE_INJ,COUNT_VISIBLE_INJ,COUNT_COMPLAIN_PAIN,COUNT_PED_KILLED,COUNT_PED_INJURED,COUNT_BICYCLIST_KILLED,COUNT_BICYCLIST_INJURED,COUNT_MC_KILLED,COUNT_MC_INJURED,PRIMARY_RAMP,SECONDARY_RAMP,LATITUDE,LONGITUDE,TIMECAT,MONTH_,CITY,COUNTY,STATE,POINT_X,POINT_Y,Match_addr,m_primaryrd,m_secondrd
-118.2915521,34.02206039,41290,4632533,2009,10/8/2010 0:00,1942,12/22/2009,1700,39203,358,2,5,7,1942,0,0,0,C,0,12T73,VERMONT AV,36TH PL,5,S,N,A,-,N,,0,0,,,0,,,,N,4,0,1,2,A,-,5,21650,,F,D,G,A,A,H,-,B,A,0,,Y,,,Y,,L,4,0,0,1,0,0,0,1,0,0,-,-,0,0,1800,12,LOS ANGELES,LOS ANGELES,CA,-118.2915521,34.02206039,"S VERMONT AVE & W 36TH PL, LOS ANGELES, CA, 90007",S VERMONT AVE,W 36TH PL
-118.3614448,34.0657196,32832,4521739,2009,9/9/2010 0:00,1942,12/23/2009,1630,31573,734,3,5,7,1942,0,0,0,G,0,34MQ09,LINDENHURST AV,FAIRFAX AV,10,W,N,A,-,N,,0,0,,,0,,,,N,4,0,1,2,A,-,5,21650,1,N,B,G,A,A,H,-,A,D,0,,Y,,,Y,,L,4,0,0,1,0,0,0,1,0,0,-,-,0,0,1800,12,LOS ANGELES,LOS ANGELES,CA,-118.3614448,34.0657196,"LINDENHURST AVE & S FAIRFAX AVE, LOS ANGELES, CA, 90048",LINDENHURST AVE,S FAIRFAX AVE
-118.3396821,34.06217957,32847,4521759,2009,9/9/2010 0:00,1942,12/23/2009,1410,38489,738,3,5,7,1942,0,0,0,G,0,8TL28,CITRUS AV,WILSHIRE BL,2,S,N,A,-,N,,0,0,,,0,,,,N,3,0,1,2,A,-,5,21650,1,N,H,G,A,A,H,-,A,A,0,,Y,,,Y,,L,4,0,1,0,0,0,0,1,0,0,-,-,0,0,1500,12,LOS ANGELES,LOS ANGELES,CA,-118.3396821,34.06217957,"S CITRUS AVE & WILSHIRE BLVD, LOS ANGELES, CA, 90036",S CITRUS AVE,WILSHIRE BLVD
-118.3281294,34.03686905,34786,4546970,2009,10/7/2010 0:00,1942,12/23/2009,635,38111,789,3,5,7,1942,0,0,0,G,0,8TL35,10TH AV,23RD ST,282,N,N,A,-,N,,0,0,,,0,,,,N,4,0,1,2,A,-,17,22517,,N,H,G,A,A,H,-,A,D,0,,Y,,,Y,,A,1,0,0,1,0,0,0,1,0,0,-,-,0,0,900,12,LOS ANGELES,LOS ANGELES,CA,-118.3281294,34.03686905,"10TH AVE & W 23RD ST, LOS ANGELES, CA, 90018",10TH AVE,W 23RD ST
-118.37422,34.07312012,34788,4546974,2009,11/15/2010 0:00,1942,12/23/2009,1810,39976,722,3,5,7,1942,0,0,0,G,0,7A22,3RD ST,CROFT AV,0,,Y,A,-,N,,0,0,,,0,,,,N,4,0,1,2,A,-,9,21801,A,N,H,G,A,A,H,-,C,A,0,,Y,,,Y,,-,-,0,0,1,0,0,0,1,0,0,-,-,0,0,2100,12,LOS ANGELES,LOS ANGELES,CA,-118.37422,34.07312012,"W 3RD ST & S CROFT AVE, LOS ANGELES, CA, 90048",W 3RD ST,S CROFT AVE
-118.3417743,34.10209274,36198,4557195,2009,10/6/2010 0:00,1942,12/23/2009,1840,39173,645,3,5,7,1942,0,0,0,F,0,6X68,ORANGE ST,HOLLYWOOD BL,200,N,N,A,-,N,,0,0,,,0,,,,N,4,0,1,2,B,-,22,0,,N,H,G,A,A,H,-,C,D,0,,Y,,,Y,,-,-,0,0,1,0,0,0,1,0,0,-,-,0,0,2100,12,LOS ANGELES,LOS ANGELES,CA,-118.3417743,34.10209274,"N ORANGE DR & HOLLYWOOD BLVD, LOS ANGELES, CA, 90028",N ORANGE DR,HOLLYWOOD BLVD
-118.25872,34.04969025,36388,4560660,2009,10/12/2010 0:00,1942,12/23/2009,1000,37225,152,3,5,7,1942,0,0,0,A,0,1TL11,WILSHIRE BL,LEBANON ST,0,,Y,A,-,N,,0,0,,,0,,,,N,4,0,1,2,A,-,8,22107,,N,H,G,A,A,H,-,A,D,0,,Y,,,Y,,A,1,0,0,1,0,0,0,1,0,0,-,-,0,0,1200,12,LOS ANGELES,LOS ANGELES,CA,-118.25872,34.04969025,"WILSHIRE BLVD & LEBANON ST, LOS ANGELES, CA, 90017",WILSHIRE BLVD,LEBANON ST
-118.2740704,34.04912186,36869,4566872,2009,10/12/2010 0:00,1942,12/23/2009,910,37225,279,3,5,7,1942,0,0,0,B,0,1TL11,OLYMPIC BL,UNION AV,42,E,N,A,-,N,,0,0,,,0,,,,N,4,0,1,2,A,-,5,21650,1,N,H,G,A,A,H,-,A,A,0,,Y,,,Y,,L,4,0,0,1,0,0,0,1,0,0,-,-,0,0,1200,12,LOS ANGELES,LOS ANGELES,CA,-118.2740704,34.04912186,"W OLYMPIC BLVD & S UNION AVE, LOS ANGELES, CA, 90015",W OLYMPIC BLVD,S UNION AVE
-118.2827319,33.95598984,37100,4568786,2009,10/8/2010 0:00,1942,12/23/2009,1510,38794,1802,3,5,7,1942,0,0,0,R,0,12TL41,FIGUEROA ST,89TH ST,9,S,N,A,-,N,,0,0,,,0,,,,N,3,0,1,2,A,-,9,21801,A,N,H,G,A,A,H,-,A,A,0,,Y,,,Y,,A,8,0,1,0,0,0,0,1,0,0,-,-,0,0,1800,12,LOS ANGELES,LOS ANGELES,CA,-118.2827319,33.95598984,"S FIGUEROA ST & W 89TH ST, LOS ANGELES, CA, 90003",S FIGUEROA ST,W 89TH ST
-118.2990733,34.03272629,41303,4632547,2009,10/8/2010 0:00,1942,12/23/2009,1750,36256,326,3,5,7,1942,0,0,0,C,0,12T41,ADAMS BL,KENWOOD AV,30,E,N,A,-,N,,0,0,,,0,,,,N,4,0,1,2,A,-,11,21954,A,F,H,G,A,A,H,-,C,A,0,,Y,,,Y,,L,4,0,0,1,0,0,0,1,0,0,-,-,0,0,1800,12,LOS ANGELES,LOS ANGELES,CA,-118.2990733,34.03272629,"W ADAMS BLVD & KENWOOD AVE, LOS ANGELES, CA, 90007",W ADAMS BLVD,KENWOOD AVE
-118.3043321,33.78947067,41886,4643186,2009,10/8/2010 0:00,1942,12/23/2009,1115,38639,511,3,5,7,1942,0,0,0,E,0,5TL21,PRESIDENT AV,PACIFIC COAST HWY,10,N,N,A,-,N,,0,0,,,0,,,,N,3,0,1,2,A,-,5,21650,1,N,D,G,A,A,H,-,A,A,0,,Y,,,Y,,L,4,0,1,0,0,0,0,1,0,0,-,-,0,0,1200,12,LOS ANGELES,LOS ANGELES,CA,-118.3043321,33.78947067,"PRESIDENT AVE & PACIFIC COAST HWY, LOS ANGELES, CA, 90710",PRESIDENT AVE,PACIFIC COAST HWY
-118.30794,34.07368851,32865,4521816,2009,9/15/2010 0:00,1942,12/24/2009,1225,39262,2013,4,5,7,1942,0,0,0,,0,7TL23,1ST ST,OXFORD AV,0,,Y,A,-,N,,0,0,,,0,,,,N,4,0,1,2,A,-,5,21650,1,N,D,B,A,A,H,-,A,A,0,,Y,,,Y,,L,4,0,0,1,0,0,0,1,0,0,-,-,0,0,1500,12,LOS ANGELES,LOS ANGELES,CA,-118.30794,34.07368851,"W 1ST ST & N OXFORD AVE, LOS ANGELES, CA, 90004",W 1ST ST,N OXFORD AVE
-118.31013,34.05261993,32870,4521828,2009,9/15/2010 0:00,1942,12/24/2009,925,39262,2062,4,5,7,1942,0,0,0,,0,7TL23,MANHATTAN PL,OLYMPIC BL,0,,Y,A,-,N,,0,0,,,0,,,,N,4,0,1,2,A,-,5,21650,1,N,D,G,A,A,H,-,A,A,0,,Y,,,Y,,L,4,0,0,1,0,0,0,1,0,0,-,-,0,0,1200,12,LOS ANGELES,LOS ANGELES,CA,-118.31013,34.05261993,"S MANHATTAN PL & W OLYMPIC BLVD, LOS ANGELES, CA, 90019",S MANHATTAN PL,W OLYMPIC BLVD
-118.2467143,34.03860092,34103,4540497,2009,9/28/2010 0:00,1942,12/24/2009,1200,37225,1307,4,5,7,1942,0,0,0,M,0,1TL11,AGATHA ST,TOWNE AV,123,W,N,A,-,N,,0,0,,,0,,,,Y,2,0,1,4,A,-,1,23152,A,N,H,G,A,A,H,-,A,D,0,,Y,,,Y,Y,A,1,1,0,0,0,0,0,1,0,0,-,-,0,0,1500,12,LOS ANGELES,LOS ANGELES,CA,-118.2467143,34.03860092,"AGATHA ST & TOWNE AVE, LOS ANGELES, CA, 90021",AGATHA ST,TOWNE AVE
-118.3876328,34.0411,34168,4540842,2009,10/4/2010 0:00,1942,12/24/2009,1440,38489,898,4,5,7,1942,0,0,0,H,0,8TL28,CADILLAC AV,ROBERTSON BL,3,E,N,A,-,N,,0,0,,,0,,,,N,3,0,1,2,A,-,5,21650,1,N,H,G,A,A,H,-,A,A,0,,Y,,,Y,,L,4,0,1,0,0,0,0,1,0,0,-,-,0,0,1500,12,LOS ANGELES,LOS ANGELES,CA,-118.3876328,34.0411,"CADILLAC AVE & S ROBERTSON BLVD, LOS ANGELES, CA, 90034",CADILLAC AVE,S ROBERTSON BLVD
-118.22109,34.14131928,35110,4549016,2009,10/5/2010 0:00,1942,12/26/2009,1330,37806,1113,6,5,7,1942,0,0,0,K,0,11TL32,COLORADO BL,COLLEGE VIEW AV,0,,Y,A,-,N,,0,0,,,0,,,,N,3,0,1,2,A,-,8,22107,,F,B,G,A,A,H,-,A,D,0,,Y,,,Y,,-,99,0,1,0,0,0,0,1,0,0,-,-,0,0,1500,12,LOS ANGELES,LOS ANGELES,CA,-118.22109,34.14131927,"COLORADO BLVD & COLLEGE VIEW AVE, LOS ANGELES, CA, 90041",COLORADO BLVD,COLLEGE VIEW AVE
-118.6334852,34.1549149,35594,4552281,2009,10/4/2010 0:00,1942,12/26/2009,1100,35230,2183,6,5,7,1942,0,0,0,,0,19TL75,MULHOLLAND DR,SPIELBERG DR,560,S,N,A,-,N,,0,0,,,0,,,,N,2,0,1,2,A,-,7,21658,A,N,B,G,A,A,H,-,A,A,0,,Y,,,Y,,-,-,1,0,0,0,0,0,1,0,0,-,-,0,0,1200,12,LOS ANGELES,LOS ANGELES,CA,-118.6334852,34.1549149,"MULHOLLAND DR & SPIELBERG DR, LOS ANGELES, CA",MULHOLLAND DR,SPIELBERG DR
-118.2733693,33.94194412,36745,4564418,2009,10/12/2010 0:00,1942,12/26/2009,1615,38318,1822,6,5,7,1942,0,0,0,R,0,18T39,104TH ST,MAIN ST,162,E,N,A,-,N,,0,0,,,0,,,,Y,4,0,1,2,A,-,17,21200,,N,D,G,A,A,H,-,A,D,0,,Y,,,Y,,L,4,0,0,1,0,0,0,1,0,0,-,-,0,0,1800,12,LOS ANGELES,LOS ANGELES,CA,-118.2733693,33.94194412,"E 104TH ST & S MAIN ST, LOS ANGELES, CA, 90003",E 104TH ST,S MAIN ST
-118.30524,34.0490303,32854,4521788,2009,10/5/2010 0:00,1942,12/27/2009,1735,37770,2063,7,5,7,1942,0,0,0,,0,7TL72,HOBART BL,12TH ST,0,,Y,A,-,N,,0,0,,,0,,,,N,4,0,1,2,A,-,9,21802,A,N,H,G,A,A,H,-,C,A,0,,Y,,,Y,,-,-,0,0,1,0,0,0,1,0,0,-,-,0,0,1800,12,LOS ANGELES,LOS ANGELES,CA,-118.30524,34.0490303,"S HOBART BLVD & W 12TH ST, LOS ANGELES, CA, 90006",S HOBART BLVD,W 12TH ST
-118.5186454,34.22098541,34389,4542396,2009,9/29/2010 0:00,1942,12/27/2009,1420,38183,1006,7,5,7,1942,0,0,0,J,0,10TL34,ROSCOE BL,WHITE OAK AV,4,W,N,A,-,N,,0,0,,,0,,,,N,4,0,1,2,A,-,17,21200,,N,H,G,A,A,H,-,A,A,0,,Y,,,Y,,L,4,0,0,1,0,0,0,1,0,0,-,-,0,0,1500,12,LOS ANGELES,LOS ANGELES,CA,-118.5186454,34.22098541,"ROSCOE BLVD & WHITE OAK AVE, LOS ANGELES, CA, 91325",ROSCOE BLVD,WHITE OAK AVE
-118.5622756,34.20352554,34388,4542388,2009,9/29/2010 0:00,1942,12/28/2009,1245,38183,1011,1,5,7,1942,0,0,0,J,0,10TL34,LEADWELL ST,CORBIN AV,2,E,N,A,-,N,,0,0,,,0,,,,N,3,0,1,2,A,-,17,21200,,N,H,G,A,A,H,-,A,D,0,,Y,,,Y,,L,4,0,1,0,0,0,0,1,0,0,-,-,0,0,1500,12,LOS ANGELES,LOS ANGELES,CA,-118.5622756,34.20352554,"LEADWELL ST & CORBIN AVE, LOS ANGELES, CA, 91335",LEADWELL ST,CORBIN AVE
-118.2564804,34.0472107,35112,4549020,2009,10/5/2010 0:00,1942,12/28/2009,2030,34426,162,1,5,7,1942,0,0,0,A,0,1T24,7TH ST,GRAND AV,50,E,N,A,-,N,,0,0,,,0,,,,N,4,0,1,2,A,-,-,0,,F,D,G,A,A,H,-,C,D,0,,Y,,,Y,,-,-,0,0,1,0,0,0,1,0,0,-,-,0,0,2100,12,LOS ANGELES,LOS ANGELES,CA,-118.2564804,34.0472107,"W 7TH ST & S GRAND AVE (CENTRAL) , LOS ANGELES, CA",W 7TH ST,S GRAND AVE (CENTRAL)
-118.3680192,34.08711624,36189,4557177,2009,10/7/2010 0:00,1942,12/28/2009,1625,37770,701,1,5,7,1942,0,0,0,G,0,7TL72,WILLOUGHBY AV,LA JOLLA AV,10,E,N,A,-,N,,0,0,,,0,,,,N,3,0,1,2,A,-,12,22450,A,N,D,G,A,A,H,-,A,A,0,,Y,,,Y,,L,4,0,1,0,0,0,0,1,0,0,-,-,0,0,1800,12,LOS ANGELES,LOS ANGELES,CA,-118.3680192,34.08711624,"WILLOUGHBY AVE & N LA JOLLA AVE, LOS ANGELES, CA, 90046",WILLOUGHBY AVE,N LA JOLLA AVE
-118.2858892,34.0472641,36197,4557193,2009,10/7/2010 0:00,1942,12/28/2009,1545,31573,2069,1,5,7,1942,0,0,0,,0,34MQ09,PICO BL,ARAPAHOE ST,163,W,N,A,-,N,,0,0,,,0,,,,N,4,0,1,2,A,-,5,21650,,F,B,G,A,A,H,-,A,D,0,,Y,,,Y,,L,4,0,0,1,0,0,0,1,0,0,-,-,0,0,1800,12,LOS ANGELES,LOS ANGELES,CA,-118.2858892,34.0472641,"W PICO BLVD & ARAPAHOE ST, LOS ANGELES, CA, 90006",W PICO BLVD,ARAPAHOE ST
-118.2358692,33.93889618,37122,4568846,2009,10/11/2010 0:00,1942,12/28/2009,1525,37099,1838,1,5,7,1942,0,0,0,R,0,18A35,107TH ST,HICKORY ST,10,E,N,A,-,N,,0,0,,,0,,,,N,4,0,1,2,A,-,9,21802,A,N,D,G,A,A,H,-,A,D,0,,Y,,,Y,,-,-,0,0,1,0,0,0,1,0,0,-,-,0,0,1800,12,LOS ANGELES,LOS ANGELES,CA,-118.2358692,33.93889618,"E 107TH ST & HICKORY ST, LOS ANGELES, CA, 90002",E 107TH ST,HICKORY ST
-118.25538,34.0231781,37155,4569101,2009,10/13/2010 0:00,1942,12/28/2009,1325,31758,1323,1,5,7,1942,0,0,0,M,0,13TL55,22ND ST,GRIFFITH AV,0,,Y,A,-,N,,0,0,,,0,,,,N,4,0,1,2,A,-,12,22450,A,F,D,G,A,A,H,-,A,A,0,,Y,,,Y,,-,-,0,0,1,0,0,0,1,0,0,-,-,0,0,1500,12,LOS ANGELES,LOS ANGELES,CA,-118.25538,34.0231781,"E 22ND ST & GRIFFITH AVE, LOS ANGELES, CA, 90011",E 22ND ST,GRIFFITH AVE
-118.24777,33.99750137,37194,4570000,2009,10/13/2010 0:00,1942,12/28/2009,1725,39062,1367,1,5,7,1942,0,0,0,M,0,4TL4,COMPTON AV,50TH ST,0,,Y,A,-,N,,0,0,,,0,,,,N,3,0,1,2,A,-,5,21650,,N,D,G,A,A,H,-,C,D,0,,Y,,,Y,,L,4,0,1,0,0,0,0,1,0,0,-,-,0,0,1800,12,LOS ANGELES,LOS ANGELES,CA,-118.24777,33.99750137,"COMPTON AVE & E 50TH ST, LOS ANGELES, CA, 90011",COMPTON AVE,E 50TH ST
-118.3616022,34.17214203,42678,4650055,2009,10/11/2010 0:00,1942,12/28/2009,625,34859,1539,1,5,7,1942,0,0,0,O,0,35T90W,CAHUENGA BL,BURBANK BL,6,N,N,A,-,N,,0,0,,,0,,,,N,3,0,1,2,D,-,0,0,,F,D,G,A,A,H,-,A,A,0,,Y,,,Y,,-,-,0,1,0,0,0,0,1,0,0,-,-,0,0,900,12,LOS ANGELES,LOS ANGELES,CA,-118.3616022,34.17214203,"CAHUENGA BLVD & BURBANK BLVD, LOS ANGELES, CA, 91601",CAHUENGA BLVD,BURBANK BLVD
-118.2929,34.05773163,34177,4540861,2009,10/4/2010 0:00,1942,12/29/2009,2320,38408,2046,2,5,7,1942,0,0,0,,0,6T7,NEW HAMPSHIRE AV,8TH ST,0,,Y,A,-,N,,0,0,,,0,,,,N,4,0,1,2,A,-,5,21650,1,N,D,G,A,A,H,-,C,A,0,,Y,,,Y,,L,4,0,0,1,0,0,0,1,0,0,-,-,0,0,2400,12,LOS ANGELES,LOS ANGELES,CA,-118.2929,34.05773163,"S NEW HAMPSHIRE AVE & W 8TH ST, LOS ANGELES, CA, 90005",S NEW HAMPSHIRE AVE,W 8TH ST
-118.26523,33.98321152,37185,4569920,2009,10/12/2010 0:00,1942,12/29/2009,1200,37506,1385,2,5,7,1942,0,0,0,M,0,1TL11,AVALON BL,62ND ST,0,,Y,A,-,N,,0,0,,,0,,,,N,4,0,1,2,A,-,5,21202,A,N,D,G,A,A,H,-,A,A,0,,Y,,,Y,,L,4,0,0,1,0,0,0,1,0,0,-,-,0,0,1500,12,LOS ANGELES,LOS ANGELES,CA,-118.26523,33.98321152,"AVALON BLVD & E 62ND ST, LOS ANGELES, CA, 90001",AVALON BLVD,E 62ND ST
-118.4400965,34.24555588,33680,4536946,2009,9/24/2010 0:00,1942,12/30/2009,1905,37590,1967,3,5,7,1942,0,0,0,,0,21T63,GRUEN ST,ELON AV,10,W,N,B,-,N,,0,0,,,0,,,,N,4,0,1,2,A,-,4,21703,,F,B,G,A,B,H,-,C,A,0,,Y,,,Y,,-,99,0,0,1,0,0,0,1,0,0,-,-,0,0,2100,12,LOS ANGELES,LOS ANGELES,CA,-118.4400965,34.24555588,"GRUEN ST & ELON AVE, LOS ANGELES, CA, 91331",GRUEN ST,ELON AVE
-118.45166,34.22777176,36000,4554824,2009,11/17/2010 0:00,1942,12/30/2009,1150,39224,1985,3,5,7,1942,0,0,0,,0,19T76,TOBIAS AV,PARTHENIA ST,0,,Y,C,-,N,,0,0,,,0,,,,N,4,0,1,2,A,-,12,21453,A,N,B,G,A,B,H,-,A,A,0,,Y,,,Y,,L,4,0,0,1,0,0,0,1,0,0,-,-,0,0,1200,12,LOS ANGELES,LOS ANGELES,CA,-118.45166,34.22777176,"TOBIAS AVE & PARTHENIA ST, LOS ANGELES, CA, 91402",TOBIAS AVE,PARTHENIA ST
-118.27209,34.06388855,37202,4570029,2009,10/12/2010 0:00,1942,12/30/2009,1455,34426,246,3,5,7,1942,0,0,0,B,0,1T24,MIRAMAR ST,ALVARADO ST,0,,Y,C,-,N,,0,0,,,0,,,,N,3,0,1,2,A,-,9,21802,A,N,D,G,A,B,H,-,A,A,0,,Y,,,Y,,D,22,0,1,0,0,0,0,1,0,0,-,-,0,0,1500,12,LOS ANGELES,LOS ANGELES,CA,-118.27209,34.06388855,"MIRAMAR ST & S ALVARADO ST, LOS ANGELES, CA, 90057",MIRAMAR ST,S ALVARADO ST
-118.4198122,34.14613342,33697,4537617,2009,10/7/2010 0:00,1942,12/31/2009,1655,39217,998,4,5,7,1942,0,0,0,I,0,16T22,MERRY ELLEN AV,VENTURA BL,3,N,N,A,-,N,,0,0,,,0,,,,N,4,0,1,2,A,-,5,21650,1,N,A,G,A,A,H,-,C,A,0,,Y,,,Y,,L,4,0,0,1,0,0,0,1,0,0,-,-,0,0,1800,12,LOS ANGELES,LOS ANGELES,CA,-118.4198122,34.14613342,"MARY ELLEN AVE & VENTURA BLVD, LOS ANGELES, CA, 91604",MARY ELLEN AVE,VENTURA BLVD
-118.46331,33.98513031,36168,4557153,2009,10/7/2010 0:00,1942,12/31/2009,815,37715,1441,4,5,7,1942,0,0,0,N,0,8T35,OCEAN AV,HOWLAND AV,0,,Y,A,-,N,,0,0,,,0,,,,Y,3,0,1,2,A,-,12,22450,A,N,H,G,A,A,H,-,A,A,0,,Y,,,Y,,L,4,0,1,0,0,0,0,1,0,0,-,-,0,0,900,12,LOS ANGELES,LOS ANGELES,CA,-118.46331,33.98513031,"OCEAN AVE & HOWLAND AVE, LOS ANGELES, CA, 90291",OCEAN AVE,HOWLAND AVE
-118.2914062,33.9309845,37111,4568818,2009,11/3/2010 0:00,1942,12/31/2009,1145,33978,1841,4,5,7,1942,0,0,0,R,0,5T21,IMPERIAL HWY,VERMONT AV,45,E,N,A,-,N,,0,0,,,0,,,,N,3,0,1,2,A,-,17,21200,,N,D,G,A,A,H,-,A,D,0,,Y,,,Y,,L,4,0,1,0,0,0,0,1,0,0,-,-,0,0,1200,12,LOS ANGELES,LOS ANGELES,CA,-118.2914062,33.9309845,"W IMPERIAL HWY & S VERMONT AVE, LOS ANGELES, CA, 90044",W IMPERIAL HWY,S VERMONT AVE
-118.2008302,34.13949966,39910,4615105,2009,10/7/2010 0:00,1942,12/31/2009,1100,37225,1109,4,5,7,1942,0,0,0,K,0,2TL15,COLORADO BL,TOWNSEND AV,210,E,N,A,-,N,,0,0,,,0,,,,N,3,0,1,2,A,-,5,21650,1,N,G,G,A,A,H,-,A,D,0,,Y,,,Y,,L,4,0,1,0,0,0,0,1,0,0,-,-,0,0,1200,12,LOS ANGELES,LOS ANGELES,CA,-118.2008302,34.13949966,"COLORADO BLVD & TOWNSEND AVE, LOS ANGELES, CA, 90041",COLORADO BLVD,TOWNSEND AVE
-118.4303174,33.97192001,38273,4583588,2010,11/8/2010 0:00,1942,1/1/2010,1630,37770,1444,5,5,7,1942,0,0,0,N,0,8TL28,LINCOLN BL,JEFFERSON AV,10,S,N,A,-,N,,0,0,,,0,,,,N,3,0,1,2,A,-,5,21650,1,N,H,G,A,A,H,-,A,A,0,,Y,,,Y,,L,4,0,1,0,0,0,0,1,0,0,-,-,0,0,1800,1,LOS ANGELES,LOS ANGELES,CA,-118.4303174,33.97192001,"LINCOLN BLVD & W JEFFERSON BLVD, LOS ANGELES, CA, 90066",LINCOLN BLVD,W JEFFERSON BLVD
-118.27084,34.02581024,39586,4609943,2010,10/15/2010 0:00,1942,1/1/2010,1240,39123,1331,5,5,7,1942,0,0,0,M,0,13A27,ADAMS BL,HILL ST,0,,Y,A,-,N,,0,0,,,0,,,,N,3,0,2,2,A,-,8,22107,,N,B,G,A,A,-,-,A,D,0,,Y,,,Y,,L,4,0,2,0,0,0,0,1,0,0,-,-,0,0,1500,1,LOS ANGELES,LOS ANGELES,CA,-118.27084,34.02581024,"W ADAMS BLVD & S HILL ST, LOS ANGELES, CA, 90007",W ADAMS BLVD,S HILL ST
-118.26526,34.0111,39590,4609947,2010,10/15/2010 0:00,1942,1/1/2010,1245,40026,1343,5,5,7,1942,0,0,0,M,0,13A85,AVALON,MARTIN LUTHER KING BL,0,,Y,A,-,N,,0,0,,,0,,,,N,4,0,1,2,A,-,5,21650,1,N,H,G,A,A,H,-,A,A,0,,Y,,,Y,,L,4,0,0,1,0,0,0,1,0,0,-,-,0,0,1500,1,LOS ANGELES,LOS ANGELES,CA,-118.26526,34.0111,"AVALON BLVD & E MARTIN LUTHER KING JR BLVD, LOS ANGELES, CA, 90011",AVALON BLVD,E MARTIN LUTHER KING JR BLVD
-118.2078101,34.0739708,39612,4609971,2010,10/15/2010 0:00,1942,1/1/2010,1550,39062,415,5,5,7,1942,0,0,0,D,0,4T4,EASTLAKE AV,BROADWAY,86,N,N,A,-,N,,0,0,,,0,,,,N,3,0,1,2,A,-,5,21651,A,N,D,G,A,A,H,-,A,D,0,,Y,,,Y,,L,4,0,1,0,0,0,0,1,0,0,-,-,0,0,1800,1,LOS ANGELES,LOS ANGELES,CA,-118.2078101,34.07397079,"EASTLAKE AVE & N BROADWAY, LOS ANGELES, CA, 90031",EASTLAKE AVE,N BROADWAY
-118.30025,34.02552033,43320,4655553,2010,10/22/2010 0:00,1942,1/1/2010,1600,38318,337,5,5,7,1942,0,0,0,C,0,18T39,NORMANDIE AV,JEFFERSON BL,0,,Y,A,-,N,,0,0,,,0,,,,N,4,0,1,2,A,-,3,22350,,F,B,G,A,A,H,-,A,A,0,,Y,,,Y,,A,1,0,0,1,0,0,0,1,0,0,-,-,0,0,1800,1,LOS ANGELES,LOS ANGELES,CA,-118.30025,34.02552032,"NORMANDIE AVE & W JEFFERSON BLVD, LOS ANGELES, CA, 90007",NORMANDIE AVE,W JEFFERSON BLVD
-118.3746941,34.21568298,36638,4562434,2010,11/15/2010 0:00,1942,1/2/2010,740,34674,1687,6,5,7,1942,0,0,0,P,0,19TL77,FAIR AV,STRATHERN ST,5,S,N,A,-,N,,0,0,,,0,,,,N,4,0,1,2,A,-,12,22450,A,N,D,G,A,A,H,-,A,A,0,,Y,,,Y,,A,8,0,0,1,0,0,0,1,0,0,-,-,0,0,900,1,LOS ANGELES,LOS ANGELES,CA,-118.3746941,34.21568298,"FAIR AVE & STRATHERN ST, LOS ANGELES, CA, 91352",FAIR AVE,STRATHERN ST
-118.5357703,34.0358429,37877,4580641,2010,11/5/2010 0:00,1942,1/2/2010,1435,35077,821,6,5,7,1942,0,0,0,,0,6TL2,TEMESCAL CANYON RD,PACIFIC COAST HWY,5,E,N,A,-,N,,0,0,,,0,,,,N,2,0,1,1,C,-,18,0,,N,E,I,A,A,H,-,A,D,0,,Y,,,Y,,-,-,1,0,0,0,0,0,1,0,0,-,-,0,0,1500,1,LOS ANGELES,LOS ANGELES,CA,-118.5357703,34.0358429,"TEMESCAL CANYON RD & PACIFIC COAST HWY, LOS ANGELES, CA, 90272",TEMESCAL CANYON RD,PACIFIC COAST HWY