X,Y,FID,CASE_ID,ACCIDENT_YEAR,PROCDATE,JURIS,COLLISION_DATE,COLLISION_TIME,OFFICER_ID,REPORTING_DISTRICT,DAY_OF_WEEK,SHIFT,POPULATION,CNTY_CITY_LOC,SPECIAL_COND,BEAT_TYPE,CHP_BEAT_TYPE,CITY_DIVISION_LAPD,CHP_BEAT_CLASS,BEATNUMB,PRIMARY_RD,SECONDARY_RD,DISTANCE,DIRECTION,INTERSECTION,WEATHER_1,WEATHER_2,STATE_HWY_IND,CALTRANS_COUNTY,CALTRANS_DISTRICT,STATE_ROUTE,ROUTE_SUFFIX,POSTMILE_PREFIX,POSTMILE,LOCATION_TYPE,RAMP_INTERSECTION,SIDE_OF_HWY,TOW_AWAY,COLLISION_SEVERITY,NUMBER_KILLED,NUMBER_INJURED,PARTY_COUNT,PRIMARY_COLL_FACTOR,PCF_CODE_VIOL,PCF_VIOL_CATEGORY,PCF_VIOLATION,PCF_VIOL_SUBSECTION,HIT_AND_RUN,TYPE_OF_COLLISION,MVIW,PED_ACTION,ROAD_SURFACE,ROAD_COND_1,ROAD_COND_2,LIGHTING,CONTROL_DEVICE,CHP_ROAD_TYPE,PEDESTRIAN_ACCIDENT,BICYCLE_ACCIDENT,MOTORCYCLE_ACCIDENT,TRUCK_ACCIDENT,NOT_PRIVATE_PROPERTY,ALCOHOL_INVOLVED,STWD_VEHTYPE_AT_FAULT,CHP_VEHTYPE_AT_FAULT,COUNT_SEVERE_INJ,COUNT_VISIBLE_INJ,COUNT_COMPLAIN_PAIN,COUNT_PED_KILLED,COUNT_PED_INJURED,COUNT_BICYCLIST_KILLED,COUNT_BICYCLIST_INJURED,COUNT_MC_KILLED,COUNT_MC_INJURED,PRIMARY_RAMP,SECONDARY_RAMP,LATITUDE,LONGITUDE,TIMECAT,MONTH_,CITY,COUNTY,STATE,POINT_X,POINT_Y,Match_addr,m_primaryrd,m_secondrd
-118.3091417,34.08341599,37887,4580661,2010,11/8/2010 0:00,1942,1/2/2010,1700,24812,2002,6,5,7,1942,0,0,0,,0,6TL7,WESTERN AV,MELROSE AV,32,S,N,A,-,N,,0,0,,,0,,,,N,4,0,1,2,A,-,9,21801,A,N,H,G,A,A,H,-,C,D,0,,Y,,,Y,,A,1,0,0,1,0,0,0,1,0,0,-,-,0,0,1800,1,LOS ANGELES,LOS ANGELES,CA,-118.3091417,34.08341599,"N WESTERN AVE & MELROSE AVE, LOS ANGELES, CA, 90004",N WESTERN AVE,MELROSE AVE
-118.26464,33.7910805,43272,4654900,2010,3/15/2011 0:00,1942,1/2/2010,1510,38522,516,6,5,7,1942,0,0,0,E,0,18T39,PACIFIC COAST HWY,MARINE AV,0,,Y,A,-,Y,LA,7,1,-,-,10.6,H,-,S,Y,4,0,1,2,A,-,3,22350,,N,D,G,A,A,H,-,A,D,0,,Y,,,Y,,A,1,0,0,1,0,0,0,1,0,0,-,-,0,0,1800,1,LOS ANGELES,LOS ANGELES,CA,-118.26464,33.7910805,"SR 1 & N MARINE AVE, LOS ANGELES, CA, 90744",SR 1,N MARINE AVE
-118.26087,34.00389862,36491,4561934,2010,12/22/2010 0:00,1942,1/3/2010,1255,30710,1353,7,5,7,1942,0,0,0,M,0,4TL43,MCKINLEY AV,VERNON AV,0,,Y,A,-,N,,0,0,,,0,,,,N,3,0,1,2,A,-,12,21453,A,N,D,G,A,A,H,-,A,A,0,,Y,,,Y,,-,99,0,1,0,0,0,0,1,0,0,-,-,0,0,1500,1,LOS ANGELES,LOS ANGELES,CA,-118.26087,34.00389862,"MCKINLEY AVE & E VERNON AVE, LOS ANGELES, CA, 90011",MCKINLEY AVE,E VERNON AVE
-118.46794,34.0013084,38278,4583596,2010,11/8/2010 0:00,1942,1/3/2010,1350,31573,1415,7,5,7,1942,0,0,0,N,0,34MQ9,LINCOLN BL,ROSE AV,0,,N,A,-,N,,0,0,,,0,,,,N,3,0,1,2,A,-,8,22107,,N,-,G,A,A,H,-,A,D,0,,Y,,,Y,,A,1,0,1,0,0,0,0,1,0,0,-,-,0,0,1500,1,LOS ANGELES,LOS ANGELES,CA,-118.46794,34.0013084,"SR 1 & ROSE AVE, LOS ANGELES, CA, 90291",SR 1,ROSE AVE
-118.5910365,34.2572403,37694,4574050,2010,11/2/2010 0:00,1942,1/4/2010,1215,32896,1752,1,5,7,1942,0,0,0,Q,0,10TL37,DEVONSHIRE ST,INDEPENDENCE AV,80,W,N,A,-,N,,0,0,,,0,,,,N,3,0,1,2,B,-,22,0,,N,B,E,A,A,H,-,A,D,0,,Y,,,Y,,-,-,0,1,0,0,0,0,1,0,0,-,-,0,0,1500,1,LOS ANGELES,LOS ANGELES,CA,-118.5910365,34.2572403,"DEVONSHIRE ST & INDEPENDENCE AVE, LOS ANGELES, CA, 91311",DEVONSHIRE ST,INDEPENDENCE AVE
-118.29166,34.06737137,37901,4580689,2010,11/8/2010 0:00,1942,1/4/2010,840,38762,2026,1,5,7,1942,0,0,0,,0,7T23,VERMONT AV,4TH ST,0,,Y,A,-,N,,0,0,,,0,,,,N,4,0,1,2,A,-,5,21650,1,N,H,G,A,A,H,-,A,A,0,,Y,,,Y,,L,4,0,0,1,0,0,0,1,0,0,-,-,0,0,900,1,LOS ANGELES,LOS ANGELES,CA,-118.29166,34.06737137,"S VERMONT AVE & W 4TH ST, LOS ANGELES, CA, 90020",S VERMONT AVE,W 4TH ST
-118.3090623,34.04990387,37907,4580701,2010,11/8/2010 0:00,1942,1/4/2010,1435,33494,2063,1,5,7,1942,0,0,0,,0,34MQ8,HARRINGTON AV,WESTERN AV,3,E,N,A,-,N,,0,0,,,0,,,,N,4,0,1,2,A,-,5,21650,,N,H,G,A,A,H,-,A,A,0,,Y,,,Y,,L,4,0,0,1,0,0,0,1,0,0,-,-,0,0,1500,1,LOS ANGELES,LOS ANGELES,CA,-118.3090623,34.04990387,"HARRINGTON AVE & S WESTERN AVE, LOS ANGELES, CA, 90006",HARRINGTON AVE,S WESTERN AVE
-118.4673398,34.26118851,38203,4583064,2010,11/8/2010 0:00,1942,1/4/2010,1230,38481,1954,1,5,7,1942,0,0,0,,0,,SEPULVEDA BL,SAN JOSE ST,100,N,N,A,-,N,,0,0,,,0,,,,N,4,0,1,2,D,-,0,0,,N,D,G,A,A,H,-,A,D,0,,Y,,,Y,,-,-,0,0,1,0,0,0,1,0,0,-,-,0,0,1500,1,LOS ANGELES,LOS ANGELES,CA,-118.4673398,34.26118851,"SEPULVEDA BLVD & SAN JOSE ST, LOS ANGELES, CA, 91345",SEPULVEDA BLVD,SAN JOSE ST
-118.2827005,34.0175705,43394,4658139,2010,10/26/2010 0:00,1942,1/4/2010,1355,27820,359,1,5,7,1942,0,0,0,C,0,3MQ8,37TH PL,FIGUEROA ST,4,E,N,A,-,N,,0,0,,,0,,,,N,3,0,1,2,A,-,9,21802,A,N,D,G,A,A,H,-,A,A,0,,Y,,,Y,,A,1,0,1,0,0,0,0,1,0,0,-,-,0,0,1500,1,LOS ANGELES,LOS ANGELES,CA,-118.2827005,34.0175705,"W 37TH PL & S FIGUEROA ST, LOS ANGELES, CA, 90007",W 37TH PL,S FIGUEROA ST
-118.4401957,34.18764496,37969,4581208,2010,11/5/2010 0:00,1942,1/5/2010,1845,38996,926,2,5,7,1942,0,0,0,I,0,10T37,GILMORE ST,HAZELTINE AV,5,W,N,A,-,N,,0,0,,,0,,,,N,4,0,1,2,A,-,5,21650,1,N,D,G,A,A,H,-,D,A,0,,Y,,,Y,,L,4,0,0,1,0,0,0,1,0,0,-,-,0,0,2100,1,LOS ANGELES,LOS ANGELES,CA,-118.4401957,34.18764496,"GILMORE ST & HAZELTINE AVE, LOS ANGELES, CA, 91401",GILMORE ST,HAZELTINE AVE
-118.3947198,33.98072815,38263,4583574,2010,11/8/2010 0:00,1942,1/5/2010,1605,36810,1467,2,5,7,1942,0,0,0,N,0,6TL2,SEPULVEDA BL,CENTINELA AV,140,S,N,A,-,N,,0,0,,,0,,,,N,2,0,1,2,A,-,7,21658,A,N,H,G,A,A,H,-,A,A,0,,Y,,,Y,,L,4,1,0,0,0,0,0,1,0,0,-,-,0,0,1800,1,LOS ANGELES,LOS ANGELES,CA,-118.3947198,33.98072815,"SEPULVEDA BLVD & S CENTINELA AVE, CULVER CITY, CA, 90230",SEPULVEDA BLVD,S CENTINELA AVE
-118.2498239,34.0320282,39571,4609922,2010,10/15/2010 0:00,1942,1/5/2010,1510,33007,1303,2,5,7,1942,0,0,0,M,0,1TL24,12TH ST,STANFORD AV,40,S,N,A,-,N,,0,0,,,0,,,,N,3,0,1,2,A,-,17,22517,,N,A,G,A,A,H,-,A,D,0,,Y,,,Y,,A,1,0,1,0,0,0,0,1,0,0,-,-,0,0,1800,1,LOS ANGELES,LOS ANGELES,CA,-118.2498239,34.0320282,"E 12TH ST & STANFORD AVE, LOS ANGELES, CA, 90021",E 12TH ST,STANFORD AVE
-118.2716948,34.0274048,39630,4609997,2010,10/18/2010 0:00,1942,1/5/2010,1645,33007,1321,2,5,7,1942,0,0,0,M,0,1TL24,25TH ST,GRAND AV,0,,Y,A,-,N,,0,0,,,0,,,,N,4,0,1,2,A,-,5,21650,,N,D,G,A,A,H,-,B,D,0,,Y,,,Y,,L,4,0,0,1,0,0,0,1,0,0,-,-,0,0,1800,1,LOS ANGELES,LOS ANGELES,CA,-118.2716948,34.0274048,"W 25TH ST & S GRAND AVE (CENTRAL) , LOS ANGELES, CA",W 25TH ST,S GRAND AVE (CENTRAL)
-118.5360812,34.20670319,39862,4614233,2010,9/9/2011 0:00,1942,1/5/2010,1635,39971,1012,2,5,7,1942,0,0,0,J,0,10A21,RESEDA BL,COHASSET ST,50,N,N,A,-,N,,0,0,,,0,,,,Y,3,0,1,2,A,-,21,22106,,N,D,G,A,A,H,-,A,D,0,,Y,,,Y,,A,1,0,1,0,0,0,0,1,0,0,-,-,0,0,1800,1,LOS ANGELES,LOS ANGELES,CA,-118.5360812,34.20670319,"RESEDA BLVD & COHASSET ST, LOS ANGELES, CA, 91335",RESEDA BLVD,COHASSET ST
-118.2768321,33.77958679,48267,4727409,2010,10/22/2010 0:00,1942,1/5/2010,1640,37599,514,2,5,7,1942,0,0,0,E,0,562,HAWAIIAN AV,ANAHEIM ST,148,N,N,A,-,N,,0,0,,,0,,,,N,3,0,1,2,A,-,9,21804,A,N,D,G,A,A,H,-,A,A,0,,Y,,,Y,,L,4,0,1,0,0,0,0,1,0,0,-,-,0,0,1800,1,LOS ANGELES,LOS ANGELES,CA,-118.2768321,33.77958679,"HAWAIIAN AVE & W ANAHEIM ST, LOS ANGELES, CA, 90744",HAWAIIAN AVE,W ANAHEIM ST
-118.2532538,34.05660248,36495,4561954,2010,10/26/2010 0:00,1942,1/6/2010,825,37225,132,3,5,7,1942,0,0,0,A,0,2TL15,2ND ST,FIGUEROA ST,58,W,N,A,-,N,,0,0,,,0,,,,N,4,0,1,2,A,-,3,22350,,F,G,G,A,A,H,-,A,D,0,,Y,,,Y,,A,1,0,0,1,0,0,0,1,0,0,-,-,0,0,900,1,LOS ANGELES,LOS ANGELES,CA,-118.2532538,34.05660248,"W 2ND ST & S FIGUEROA ST, LOS ANGELES, CA, 90012",W 2ND ST,S FIGUEROA ST
-118.3790539,34.15761948,36609,4562378,2010,12/8/2010 0:00,1942,1/6/2010,1200,33829,1555,3,5,7,1942,0,0,0,O,0,15TL42,TUJUNGA AV,RIVERSIDE DR,5,S,N,A,-,N,,0,0,,,0,,,,N,3,0,1,2,A,-,9,21801,A,N,D,G,A,A,H,-,A,A,0,,Y,,,Y,,A,7,0,1,0,0,0,0,1,0,0,-,-,0,0,1500,1,LOS ANGELES,LOS ANGELES,CA,-118.3790539,34.15761948,"TUJUNGA AVE & RIVERSIDE DR, LOS ANGELES, CA, 91601",TUJUNGA AVE,RIVERSIDE DR
-118.2830825,34.1068573,36903,4567021,2010,10/21/2010 0:00,1942,1/6/2010,1145,37806,1143,3,5,7,1942,0,0,0,K,0,11TL32,TALMADGE ST,CLARISSA AV,6,S,N,A,-,N,,0,0,,,0,,,,N,3,0,1,2,A,-,12,22450,A,F,D,G,A,A,H,-,A,A,0,,Y,,,Y,,L,4,0,1,0,0,0,0,1,0,0,-,-,0,0,1200,1,LOS ANGELES,LOS ANGELES,CA,-118.2830825,34.1068573,"TALMADGE ST & CLARISSA AVE, LOS ANGELES, CA, 90027",TALMADGE ST,CLARISSA AVE
-118.4085852,34.00062561,37518,4573265,2010,11/2/2010 0:00,1942,1/6/2010,1500,37770,1459,3,5,7,1942,0,0,0,N,0,6TL2,BRADDOCK DR,SAWTELLE BL,13,W,N,A,-,N,,0,0,,,0,,,,N,3,0,1,2,A,-,5,21650,,N,D,G,A,A,H,-,A,A,0,,Y,,,Y,,L,4,0,1,0,0,0,0,1,0,0,-,-,0,0,1800,1,LOS ANGELES,LOS ANGELES,CA,-118.4085852,34.00062561,"BRADDOCK DR & SAWTELLE BLVD, LOS ANGELES, CA, 90230",BRADDOCK DR,SAWTELLE BLVD
-118.4373385,33.95222473,37850,4579377,2010,11/3/2010 0:00,1942,1/6/2010,1330,38489,1494,3,5,7,1942,0,0,0,N,0,8TL28,WESTCHESTER PKWY,PERSHING DR,622,E,N,A,-,N,,0,0,,,0,,,,N,3,0,1,2,A,-,3,22350,,N,C,G,A,A,H,-,A,D,0,,Y,,,Y,,L,4,0,1,0,0,0,0,1,0,0,-,-,0,0,1500,1,LOS ANGELES,LOS ANGELES,CA,-118.4373385,33.95222473,"WESTCHESTER PKY & PERSHING DR, LOS ANGELES, CA, 90045",WESTCHESTER PKY,PERSHING DR
-118.2998222,34.05770493,37899,4580685,2010,11/8/2010 0:00,1942,1/6/2010,635,30452,2045,3,5,7,1942,0,0,0,,0,20TL59,NORMANDIE AV,8TH ST,3,N,N,A,-,N,,0,0,,,0,,,,N,4,0,1,2,A,-,9,21804,A,N,H,G,A,A,H,-,C,D,0,,Y,,,Y,,L,4,0,0,1,0,0,0,1,0,0,-,-,0,0,900,1,LOS ANGELES,LOS ANGELES,CA,-118.2998222,34.05770493,"S NORMANDIE AVE & W 8TH ST, LOS ANGELES, CA, 90005",S NORMANDIE AVE,W 8TH ST
-118.3024457,34.0327034,43343,4655582,2010,10/22/2010 0:00,1942,1/6/2010,1910,37294,316,3,5,7,1942,0,0,0,C,0,18T39,ADAMS BL,CONGRESS AV,5,E,N,A,-,N,,0,0,,,0,,,,N,3,0,1,2,A,-,12,22450,A,F,D,G,A,A,H,-,B,A,0,,Y,,,Y,,-,99,0,1,0,0,0,0,1,0,0,-,-,0,0,2100,1,LOS ANGELES,LOS ANGELES,CA,-118.3024457,34.0327034,"W ADAMS BLVD & S CONGRESS AVE, LOS ANGELES, CA, 90018",W ADAMS BLVD,S CONGRESS AVE
-118.32839,34.03258133,43346,4655585,2010,10/22/2010 0:00,1942,1/6/2010,1005,37733,314,3,5,7,1942,0,0,0,,0,3A1,10TH AV,ADAMS BL,0,,Y,A,-,N,,0,0,,,0,,,,N,3,0,1,2,A,-,9,21801,A,N,H,G,A,A,H,-,A,A,0,,Y,,,Y,,-,-,0,1,0,0,0,0,1,0,0,-,-,0,0,1200,1,LOS ANGELES,LOS ANGELES,CA,-118.32839,34.03258133,"10TH AVE & W ADAMS BLVD, LOS ANGELES, CA, 90018",10TH AVE,W ADAMS BLVD
-118.2679049,34.01958847,46102,4691507,2010,11/15/2010 0:00,1942,1/6/2010,1615,36160,1333,3,5,7,1942,0,0,0,M,0,13TL53,MAPLE ST,31ST ST,5,E,N,A,-,N,,0,0,,,0,,,,Y,3,0,1,2,A,-,12,22450,A,N,D,G,A,A,H,-,A,A,0,,Y,,,Y,,L,4,0,1,0,0,0,0,1,0,0,-,-,0,0,1800,1,LOS ANGELES,LOS ANGELES,CA,-118.2679049,34.01958847,"MAPLE AVE & E 31ST ST, LOS ANGELES, CA, 90011",MAPLE AVE,E 31ST ST
-118.46619,34.17208862,36557,4562232,2010,10/26/2010 0:00,1942,1/7/2010,1600,32242,RD941,4,5,7,1942,0,0,0,,0,9A23,SEPULVEDA BL,BURBANK BL,0,,Y,A,-,N,,0,0,,,0,,,,N,3,0,1,2,A,-,5,21650,1,N,G,G,A,A,H,-,A,A,0,,Y,,,Y,,L,4,0,1,0,0,0,0,1,0,0,-,-,0,0,1800,1,LOS ANGELES,LOS ANGELES,CA,-118.46619,34.17208862,"SEPULVEDA BLVD & BURBANK BLVD, LOS ANGELES, CA, 91411",SEPULVEDA BLVD,BURBANK BLVD
-118.4487418,34.19516754,36654,4562461,2010,11/15/2010 0:00,1942,1/7/2010,1410,31167,943,4,5,7,1942,0,0,0,I,0,35M111,VAN NUYS BL,HARTLAND ST,12,N,N,A,-,N,,0,0,,,0,,,,N,4,0,1,2,A,-,17,21663,,F,D,G,A,A,H,-,A,D,0,,Y,,,Y,,L,4,0,0,1,0,0,0,1,0,0,-,-,0,0,1500,1,LOS ANGELES,LOS ANGELES,CA,-118.4487418,34.19516754,"VAN NUYS BLVD & HARTLAND ST, LOS ANGELES, CA, 91405",VAN NUYS BLVD,HARTLAND ST
-118.2842121,34.0513382,37027,4567195,2010,10/22/2010 0:00,1942,1/7/2010,1335,38111,2069,4,5,7,1942,0,0,0,,0,6TL7,HOOVER ST,11TH ST,194,N,N,A,-,N,,0,0,,,0,,,,N,3,0,1,2,A,-,9,21801,A,N,D,G,A,A,H,-,A,D,0,,Y,,,Y,,A,1,0,1,0,0,0,0,1,0,0,-,-,0,0,1500,1,LOS ANGELES,LOS ANGELES,CA,-118.2842121,34.0513382,"S HOOVER ST & W 11TH ST, LOS ANGELES, CA, 90006",S HOOVER ST,W 11TH ST
-118.4724639,34.20118409,36545,4562216,2010,3/18/2011 0:00,1942,1/8/2010,920,33552,901,5,5,7,1942,0,0,0,I,0,35M75,SHERMAN WY,RT 405,0,,Y,A,-,Y,LA,7,405,-,-,42.416,R,4,N,N,4,0,1,2,A,-,11,21456,,N,D,G,A,A,H,-,A,A,0,,Y,,,Y,,L,4,0,0,1,0,0,0,1,0,0,-,NF,0,0,1200,1,LOS ANGELES,LOS ANGELES,CA,-118.4724639,34.20118409,405/NB OFF WB SHERMAN WAY,405/NB OFF WB SHERMAN WAY,
0,0,36831,4566375,2010,10/19/2010 0:00,1942,1/8/2010,1050,36698,1353,5,5,7,1942,0,0,0,M,0,13TL55,VERNON AV,WASHINGTON AV,150,S,N,A,-,N,,0,0,,,0,,,,N,4,0,1,2,A,-,5,21650,1,N,-,G,A,A,H,-,A,-,0,,Y,,,Y,,L,4,0,0,1,0,0,0,1,0,0,-,-,0,0,1200,1,LOS ANGELES,LOS ANGELES,CA,0,0,,,
-118.3338121,33.97743607,40065,4618321,2010,10/19/2010 0:00,1942,1/8/2010,1705,32565,1251,5,5,7,1942,0,0,0,L,0,12T73,BRYNHURST AV,67TH ST,248,S,N,A,-,N,,0,0,,,0,,,,N,4,0,1,2,A,-,9,21804,A,N,D,G,A,A,H,-,C,D,0,,Y,,,Y,,L,4,0,0,1,0,0,0,1,0,0,-,-,0,0,1800,1,LOS ANGELES,LOS ANGELES,CA,-118.3338121,33.97743607,"BRYNHURST AVE & W 67TH ST, LOS ANGELES, CA, 90043",BRYNHURST AVE,W 67TH ST
-118.2829653,34.06341171,43309,4655531,2010,10/26/2010 0:00,1942,1/8/2010,1640,34426,251,5,5,7,1942,0,0,0,B,0,1T24,LA FAYETTE PARK PL,6TH ST,69,N,N,A,-,N,,0,0,,,0,,,,N,4,0,1,2,A,-,5,21650,1,N,H,G,A,A,H,-,A,D,0,,Y,,,Y,,L,4,0,0,1,0,0,0,1,0,0,-,-,0,0,1800,1,LOS ANGELES,LOS ANGELES,CA,-118.2829653,34.06341171,"S LA FAYETTE PARK PL & W 6TH ST, LOS ANGELES, CA, 90057",S LA FAYETTE PARK PL,W 6TH ST
-118.36154,34.09804153,37754,4576563,2010,11/10/2010 0:00,1942,1/9/2010,1200,24812,632,6,5,7,1942,0,0,0,F,0,6TL7,SUNSET BL,FAIRFAX AV,0,,Y,A,-,N,,0,0,,,0,,,,N,3,0,1,2,A,-,8,22100,A,N,H,G,A,A,H,-,A,D,0,,Y,,,Y,,A,1,0,1,0,0,0,0,1,0,0,-,-,0,0,1500,1,LOS ANGELES,LOS ANGELES,CA,-118.36154,34.09804153,"W SUNSET BLVD & N FAIRFAX AVE, LOS ANGELES, CA, 90046",W SUNSET BLVD,N FAIRFAX AVE
-118.24118,34.03676987,38433,4584587,2010,10/22/2010 0:00,1942,1/9/2010,1350,39359,158,6,5,7,1942,0,0,0,A,0,,CENTRAL AV,7TH ST,0,,Y,A,-,N,,0,0,,,0,,,,N,3,0,1,2,A,-,8,22107,,F,B,G,A,A,H,-,A,A,0,,Y,,,Y,,-,-,0,1,0,0,0,0,1,0,0,-,-,0,0,1500,1,LOS ANGELES,LOS ANGELES,CA,-118.24118,34.03676987,"S CENTRAL AVE & E 7TH ST, LOS ANGELES, CA, 90021",S CENTRAL AVE,E 7TH ST
-118.5497242,34.0394745,39234,4605032,2010,3/29/2011 0:00,1942,1/9/2010,1130,30452,822,6,5,7,1942,0,0,0,H,0,8TL35,PACIFIC COAST HWY,BAY CLUB DR,1175,N,N,A,-,Y,LA,7,1,-,-,38.96,H,-,S,N,4,0,1,2,A,-,4,21703,,N,H,C,A,A,H,-,A,D,0,,Y,,,Y,,L,4,0,0,1,0,0,0,1,0,0,-,-,0,0,1200,1,LOS ANGELES,LOS ANGELES,CA,-118.5497242,34.0394745,"SR 1 & BAY CLUB DR, LOS ANGELES, CA",SR 1,BAY CLUB DR
-118.36295,34.03165054,40656,4628419,2010,10/19/2010 0:00,1942,1/9/2010,1520,36571,311,6,5,7,1942,0,0,0,,0,3TL5,WESTHAVEN DR,HAUSER BL,0,,Y,A,-,N,,0,0,,,0,,,,N,3,0,1,2,A,-,5,21650,1,N,D,G,A,A,H,-,A,A,0,,Y,,,Y,,L,4,0,1,0,0,0,0,1,0,0,-,-,0,0,1800,1,LOS ANGELES,LOS ANGELES,CA,-118.36295,34.03165054,"WESTHAVEN ST & HAUSER BLVD, LOS ANGELES, CA, 90016",WESTHAVEN ST,HAUSER BLVD
-118.62122,34.19374085,36567,4562255,2010,10/27/2010 0:00,1942,1/10/2010,1415,39467,2143,7,5,7,1942,0,0,0,,0,,VANOWEN ST,VICKY AV,0,,Y,A,-,N,,0,0,,,0,,,,Y,3,0,1,2,A,-,9,21804,A,N,D,G,A,A,H,-,A,D,0,,Y,,,Y,,L,4,0,1,0,0,0,0,1,0,0,-,-,0,0,1500,1,LOS ANGELES,LOS ANGELES,CA,-118.62122,34.19374084,"VANOWEN ST & VICKY AVE, LOS ANGELES, CA, 91307",VANOWEN ST,VICKY AVE
-118.3409265,34.1432991,36594,4562325,2010,10/26/2010 0:00,1942,1/10/2010,1010,39281,1589,7,5,7,1942,0,0,0,O,0,16T23,FOREST LAWN DR,BARHAM BL,175,E,N,A,-,N,,0,0,,,0,,,,N,3,0,1,2,A,-,8,22107,,N,H,G,A,A,H,-,A,A,0,,Y,,,Y,,L,4,0,1,0,0,0,0,1,0,0,-,-,0,0,1200,1,LOS ANGELES,LOS ANGELES,CA,-118.3409265,34.1432991,"FOREST LAWN DR & BARHAM BLVD, LOS ANGELES, CA, 90068",FOREST LAWN DR,BARHAM BLVD
-118.26119,34.03712082,40529,4626330,2010,11/2/2010 0:00,1942,1/10/2010,1730,39062,195,7,5,7,1942,0,0,0,A,0,1TL24,BROADWAY,PICO BL,0,,Y,A,-,N,,0,0,,,0,,,,N,3,0,1,2,A,-,12,21453,A,N,D,G,A,A,H,-,C,A,0,,Y,,,Y,,A,1,0,1,0,0,0,0,1,0,0,-,-,0,0,1800,1,LOS ANGELES,LOS ANGELES,CA,-118.26119,34.03712082,"S BROADWAY & W PICO BLVD, LOS ANGELES, CA, 90015",S BROADWAY,W PICO BLVD
-118.5361184,34.21019363,36606,4562373,2010,10/26/2010 0:00,1942,1/11/2010,1740,39096,1004,1,5,7,1942,0,0,0,J,0,10T35,KESWICK ST,RESEDA BL,14,W,N,A,-,N,,0,0,,,0,,,,N,2,0,1,2,A,-,12,22450,A,F,H,G,A,A,H,-,C,A,0,,Y,,,Y,,A,7,1,0,0,0,0,0,1,0,0,-,-,0,0,1800,1,LOS ANGELES,LOS ANGELES,CA,-118.5361184,34.21019363,"KESWICK ST & RESEDA BLVD, LOS ANGELES, CA, 91335",KESWICK ST,RESEDA BLVD
-118.29686,34.05263138,38276,4583592,2010,11/8/2010 0:00,1942,1/11/2010,1430,30947,2055,1,5,7,1942,0,0,0,,0,7TL72,OLYMPIC BL,KENMERE AV,0,,N,A,-,N,,0,0,,,0,,,,N,3,0,1,2,A,-,5,21650,1,N,H,G,A,A,H,-,A,D,0,,Y,,,Y,,L,4,0,1,0,0,0,0,1,0,0,-,-,0,0,1500,1,LOS ANGELES,LOS ANGELES,CA,-118.29686,34.05263138,"W OLYMPIC BLVD & S KENMORE AVE, LOS ANGELES, CA, 90006",W OLYMPIC BLVD,S KENMORE AVE
-118.25606,34.04230118,40532,4626334,2010,10/15/2010 0:00,1942,1/11/2010,830,37482,185,1,5,7,1942,0,0,0,A,0,11TL21,9TH ST,BROADWAY,0,,Y,A,-,N,,0,0,,,0,,,,Y,4,0,1,2,A,-,5,21202,A,N,A,G,A,A,H,-,A,D,0,,Y,,,Y,,L,4,0,0,1,0,0,0,1,0,0,-,-,0,0,900,1,LOS ANGELES,LOS ANGELES,CA,-118.25606,34.04230118,"W 9TH ST & S BROADWAY, LOS ANGELES, CA, 90015",W 9TH ST,S BROADWAY
-118.4399836,34.18278122,36531,4562196,2010,10/26/2010 0:00,1942,1/12/2010,2010,37590,937,2,5,7,1942,0,0,0,I,0,21T63,HAZELTINE AV,DELANO ST,50,N,N,A,-,N,,0,0,,,0,,,,N,4,0,1,2,A,-,17,22517,,N,B,G,A,A,H,-,C,A,0,,Y,,,Y,,A,7,0,0,1,0,0,0,1,0,0,-,-,0,0,2100,1,LOS ANGELES,LOS ANGELES,CA,-118.4399836,34.18278122,"HAZELTINE AVE & DELANO ST, LOS ANGELES, CA, 91401",HAZELTINE AVE,DELANO ST
-118.53606,34.21018982,36577,4562287,2010,10/26/2010 0:00,1942,1/12/2010,1630,36565,1003,2,5,7,1942,0,0,0,J,0,,RESEDA BL,KESWICK ST,0,,Y,A,-,N,,0,0,,,0,,,,N,4,0,1,2,A,-,9,21804,A,N,D,G,A,A,H,-,A,A,0,,Y,,,Y,,L,4,0,0,1,0,0,0,1,0,0,-,-,0,0,1800,1,LOS ANGELES,LOS ANGELES,CA,-118.53606,34.21018982,"RESEDA BLVD & KESWICK ST, LOS ANGELES, CA, 91335",RESEDA BLVD,KESWICK ST
-118.1945142,34.10561752,37368,4572762,2010,10/14/2010 0:00,1942,1/12/2010,2125,40097,1169,2,5,7,1942,0,0,0,K,0,11A37,AVENUE 55,MEDIA DR,180,S,N,A,-,N,,0,0,,,0,,,,N,4,0,1,2,A,-,-,0,,N,H,G,A,A,H,-,D,D,0,,Y,,,Y,,A,1,0,0,1,0,0,0,1,0,0,-,-,0,0,2400,1,LOS ANGELES,LOS ANGELES,CA,-118.1945142,34.10561752,"S AVE 55 & MEDIA DR, LOS ANGELES, CA, 90042",S AVE 55,MEDIA DR
-118.27197,34.0240707,38016,4581916,2010,12/6/2010 0:00,1942,1/12/2010,940,38285,1331,2,5,7,1942,0,0,0,M,0,11TL25,28TH ST,HILL ST,0,,Y,A,-,N,,0,0,,,0,,,,N,4,0,1,2,A,-,9,21802,A,N,D,G,A,A,H,-,A,A,0,,Y,,,Y,,-,-,0,0,1,0,0,0,1,0,0,-,-,0,0,1200,1,LOS ANGELES,LOS ANGELES,CA,-118.27197,34.0240707,"W 28TH ST & S HILL ST, LOS ANGELES, CA, 90007",W 28TH ST,S HILL ST