X,Y,FID,CASE_ID,ACCIDENT_YEAR,PROCDATE,JURIS,COLLISION_DATE,COLLISION_TIME,OFFICER_ID,REPORTING_DISTRICT,DAY_OF_WEEK,SHIFT,POPULATION,CNTY_CITY_LOC,SPECIAL_COND,BEAT_TYPE,CHP_BEAT_TYPE,CITY_DIVISION_LAPD,CHP_BEAT_CLASS,BEATNUMB,PRIMARY_RD,SECONDARY_RD,DISTANCE,DIRECTION,INTERSECTION,WEATHER_1,WEATHER_2,STATE_HWY_IND,CALTRANS_COUNTY,CALTRANS_DISTRICT,STATE_ROUTE,ROUTE_SUFFIX,POSTMILE_PREFIX,POSTMILE,LOCATION_TYPE,RAMP_INTERSECTION,SIDE_OF_HWY,TOW_AWAY,COLLISION_SEVERITY,NUMBER_KILLED,NUMBER_INJURED,PARTY_COUNT,PRIMARY_COLL_FACTOR,PCF_CODE_VIOL,PCF_VIOL_CATEGORY,PCF_VIOLATION,PCF_VIOL_SUBSECTION,HIT_AND_RUN,TYPE_OF_COLLISION,MVIW,PED_ACTION,ROAD_SURFACE,ROAD_COND_1,ROAD_COND_2,LIGHTING,CONTROL_DEVICE,CHP_ROAD_TYPE,PEDESTRIAN_ACCIDENT,BICYCLE_ACCIDENT,MOTORCYCLE_ACCIDENT,TRUCK_ACCIDENT,NOT_PRIVATE_PROPERTY,ALCOHOL_INVOLVED,STWD_VEHTYPE_AT_FAULT,CHP_VEHTYPE_AT_FAULT,COUNT_SEVERE_INJ,COUNT_VISIBLE_INJ,COUNT_COMPLAIN_PAIN,COUNT_PED_KILLED,COUNT_PED_INJURED,COUNT_BICYCLIST_KILLED,COUNT_BICYCLIST_INJURED,COUNT_MC_KILLED,COUNT_MC_INJURED,PRIMARY_RAMP,SECONDARY_RAMP,LATITUDE,LONGITUDE,TIMECAT,MONTH_,CITY,COUNTY,STATE,POINT_X,POINT_Y,Match_addr,m_primaryrd,m_secondrd
-118.4655813,33.97974014,45120,4676185,2010,4/8/2011 0:00,1942,4/13/2010,150,38385,1441,2,5,7,1942,0,0,0,N,0,14T47,WASHINGTON BL,PACIFIC AV,18,E,N,A,-,N,,0,0,,,0,,,,N,2,0,1,2,A,-,4,21703,,F,C,G,A,A,H,-,C,D,0,,Y,,,Y,,-,99,1,0,0,0,0,0,1,0,0,-,-,0,0,300,4,LOS ANGELES,LOS ANGELES,CA,-118.4655813,33.97974014,"WASHINGTON BLVD & PACIFIC AVE, LOS ANGELES, CA, 90292",WASHINGTON BLVD,PACIFIC AVE
-118.343357,34.10235596,45203,4676458,2010,3/30/2011 0:00,1942,4/13/2010,1310,30261,645,2,5,7,1942,0,0,0,F,0,20TL59,SYCAMORE AV,HOLLYWOOD BL,300,N,N,A,-,N,,0,0,,,0,,,,N,4,0,1,2,A,-,5,21650,1,N,D,G,A,A,H,-,A,D,0,,Y,,,Y,,L,4,0,0,1,0,0,0,1,0,0,-,-,0,0,1500,4,LOS ANGELES,LOS ANGELES,CA,-118.343357,34.10235596,"N SYCAMORE AVE & HOLLYWOOD BLVD, LOS ANGELES, CA, 90028",N SYCAMORE AVE,HOLLYWOOD BLVD
-118.37686,34.04450989,45543,4684549,2010,3/29/2011 0:00,1942,4/13/2010,1210,39187,782,2,5,7,1942,0,0,0,G,0,8TL35,LA CIENEGA BL,18TH ST,0,,Y,A,-,N,,0,0,,,0,,,,N,3,0,2,3,A,-,9,21801,A,N,D,G,A,A,H,-,A,A,0,,Y,,,Y,,-,-,0,2,0,0,0,0,2,0,0,-,-,0,0,1500,4,LOS ANGELES,LOS ANGELES,CA,-118.37686,34.04450989,"S LA CIENEGA BLVD & W 18TH ST, LOS ANGELES, CA, 90035",S LA CIENEGA BLVD,W 18TH ST
-118.35274,34.15219879,45928,4686066,2010,3/11/2011 0:00,1942,4/13/2010,1345,36618,1559,2,5,7,1942,0,0,0,O,0,19TL74,FORMAN AV,RIVERSIDE DR,0,,Y,A,-,N,,0,0,,,0,,,,N,3,0,1,2,A,-,5,21650,1,F,B,G,A,A,H,-,A,D,0,,Y,,,Y,,L,4,0,1,0,0,0,0,1,0,0,-,-,0,0,1500,4,LOS ANGELES,LOS ANGELES,CA,-118.35274,34.15219879,"FORMAN AVE & RIVERSIDE DR, LOS ANGELES, CA, 91602",FORMAN AVE,RIVERSIDE DR
-118.5884522,34.19381714,44870,4674806,2010,3/23/2011 0:00,1942,4/14/2010,2035,32555,2157,3,5,7,1942,0,0,0,,0,17T17,DESOTO AV,VANOWEN ST,15,N,N,A,-,N,,0,0,,,0,,,,N,4,0,1,2,A,-,5,21650,1,N,D,G,A,A,H,-,C,A,0,,Y,,,Y,Y,A,1,0,0,1,0,0,0,1,0,0,-,-,0,0,2100,4,LOS ANGELES,LOS ANGELES,CA,-118.5884522,34.19381714,"DE SOTO AVE & VANOWEN ST, LOS ANGELES, CA, 91303",DE SOTO AVE,VANOWEN ST
-118.4704853,34.14791323,48501,4731319,2010,9/15/2011 0:00,1942,4/14/2010,1830,39837,805,3,5,7,1942,0,0,0,H,0,8A52,SEPULVEDA BL,RT 405,9,N,N,A,-,Y,LA,7,405,-,-,38.222,R,4,S,N,3,0,1,2,A,-,9,21801,A,N,D,G,A,A,H,-,A,D,0,,Y,,,Y,,A,1,0,1,0,0,0,0,1,0,0,-,NO,0,0,2100,4,LOS ANGELES,LOS ANGELES,CA,-118.4704853,34.14791323,405/SB ON VALLEY VISTA/SEPULVEDA,405/SB ON VALLEY VISTA/SEPULVEDA,
-118.448199,34.2215271,49658,4750075,2010,4/12/2011 0:00,1942,4/14/2010,1155,34078,1985,3,5,7,1942,0,0,0,,0,9TL54,ROSCOE BL,VAN NUYS BL,180,E,N,A,-,N,,0,0,,,0,,,,N,3,0,1,2,A,-,5,21650,1,N,B,G,A,A,H,-,A,D,0,,Y,,,Y,,L,4,0,1,0,0,0,0,1,0,0,-,-,0,0,1200,4,LOS ANGELES,LOS ANGELES,CA,-118.448199,34.2215271,"ROSCOE BLVD & VAN NUYS BLVD, LOS ANGELES, CA, 91402",ROSCOE BLVD,VAN NUYS BLVD
-118.279816,33.74055481,55711,4834778,2010,4/12/2011 0:00,1942,4/14/2010,1020,33978,558,3,5,7,1942,0,0,0,E,0,5TL21,HARBOR BL,5TH ST,19,N,N,A,-,N,,0,0,,,0,,,,N,3,0,1,2,A,-,8,21717,,N,D,G,A,A,H,-,A,A,0,,Y,,,Y,,A,1,0,1,0,0,0,0,1,0,0,-,-,0,0,1200,4,LOS ANGELES,LOS ANGELES,CA,-118.279816,33.74055481,"S HARBOR BLVD & W 5TH ST, LOS ANGELES, CA, 90731",S HARBOR BLVD,W 5TH ST
-118.2693777,34.10863495,57110,4850422,2010,4/11/2011 0:00,1942,4/14/2010,1435,37506,1132,3,5,7,1942,0,0,0,K,0,11TL25,ROWENA AV,AVENEL ST,46,E,N,A,-,N,,0,0,,,0,,,,N,4,0,1,2,A,-,17,22517,,N,H,G,A,A,H,-,A,D,0,,Y,,,Y,,A,1,0,0,1,0,0,0,1,0,0,-,-,0,0,1500,4,LOS ANGELES,LOS ANGELES,CA,-118.2693777,34.10863495,"ROWENA AVE & AVENEL ST, LOS ANGELES, CA, 90039",ROWENA AVE,AVENEL ST
-118.59749,34.19375992,45410,4679107,2010,3/23/2011 0:00,1942,4/15/2010,1605,39467,2158,4,5,7,1942,0,0,0,,0,16TL22,VANOWEN ST,CANOGA AV,0,,Y,A,-,N,,0,0,,,0,,,,N,3,0,1,2,A,-,5,21650,1,N,D,G,A,A,H,-,A,A,0,,Y,,,Y,,L,4,0,1,0,0,0,0,1,0,0,-,-,0,0,1800,4,LOS ANGELES,LOS ANGELES,CA,-118.59749,34.19375992,"VANOWEN ST & CANOGA AVE, LOS ANGELES, CA, 91303",VANOWEN ST,CANOGA AVE
-118.3417,34.03253937,53459,4809223,2010,4/8/2011 0:00,1942,4/15/2010,650,38503,332,4,5,7,1942,0,0,0,C,0,3TL5,WEST BL,ADAMS BL,0,,Y,A,-,N,,0,0,,,0,,,,N,2,0,1,2,A,-,12,22450,A,M,D,C,A,A,H,-,A,A,0,,Y,,,Y,,-,99,1,0,0,0,0,0,1,0,0,-,-,0,0,900,4,LOS ANGELES,LOS ANGELES,CA,-118.3417,34.03253937,"WEST BLVD & W ADAMS BLVD, LOS ANGELES, CA, 90016",WEST BLVD,W ADAMS BLVD
-118.3363253,34.06492615,45163,4676283,2010,3/29/2011 0:00,1942,4/16/2010,1410,33494,738,5,5,7,1942,0,0,0,G,0,34MQ8,6TH ST,LAS PALMAS AV,180,W,N,A,-,N,,0,0,,,0,,,,N,4,0,1,2,A,-,6,21750,,F,-,G,A,A,H,-,A,D,0,,Y,,,Y,,-,99,0,0,1,0,0,0,1,0,0,-,-,0,0,1500,4,LOS ANGELES,LOS ANGELES,CA,-118.3363253,34.06492615,"W 6TH ST & S LAS PALMAS AVE, LOS ANGELES, CA, 90010",W 6TH ST,S LAS PALMAS AVE
-118.4303078,34.30744171,45340,4679035,2010,3/21/2011 0:00,1942,4/16/2010,1410,38033,1918,5,5,7,1942,0,0,0,,0,19TL76,FOOTHILL BL,HUBBARD ST,2,S,N,A,-,N,,0,0,,,0,,,,N,3,0,1,2,A,-,17,21200,,N,-,G,A,A,H,-,A,A,0,,Y,,,Y,,L,4,0,1,0,0,0,0,1,0,0,-,-,0,0,1500,4,LOS ANGELES,LOS ANGELES,CA,-118.4303078,34.30744171,"FOOTHILL BLVD & HUBBARD ST, LOS ANGELES, CA, 91342",FOOTHILL BLVD,HUBBARD ST
0,0,45477,4683859,2010,3/17/2011 0:00,1942,4/16/2010,745,1512,,5,5,7,1942,0,0,0,,0,2,NORDHOFF ST,PLUMMER ST,0,,N,A,-,N,,0,0,,,0,,,,N,3,0,1,2,A,-,9,21804,A,N,D,G,A,A,H,-,A,A,0,,Y,,,Y,,L,4,0,1,0,0,0,0,1,0,0,-,-,0,0,900,4,LOS ANGELES,LOS ANGELES,CA,0,0,,,
-118.43649,33.9936409,46562,4693937,2010,3/30/2011 0:00,1942,4/16/2010,1015,30261,1453,5,5,7,1942,0,0,0,N,0,20TL59,BEETHOVEN ST,IDA ST,0,,Y,A,-,N,,0,0,,,0,,,,N,3,0,1,2,A,-,12,22450,A,N,D,G,A,A,H,-,A,D,0,,Y,,,Y,,-,-,0,1,0,0,0,0,1,0,0,-,-,0,0,1200,4,LOS ANGELES,LOS ANGELES,CA,-118.43649,33.9936409,"BEETHOVEN ST & IDA AVE, LOS ANGELES, CA, 90066",BEETHOVEN ST,IDA AVE
0,0,51901,4776228,2010,4/15/2011 0:00,1942,4/16/2010,2115,25115,423,5,5,7,1942,0,0,0,D,0,11T21,NORTH MAIN ST,SICHEL ST,60,N,N,A,-,N,,0,0,,,0,,,,N,4,0,1,2,D,-,0,0,,N,A,G,A,A,H,-,C,-,0,,Y,,,Y,,-,-,0,0,1,0,0,0,1,0,0,-,-,0,0,2400,4,LOS ANGELES,LOS ANGELES,CA,0,0,,,
-118.3024692,33.74242401,55705,4834761,2010,4/12/2011 0:00,1942,4/16/2010,1235,33978,551,5,5,7,1942,0,0,0,E,0,5TL21,2ND ST,HANFORD AV,121,W,N,A,-,N,,0,0,,,0,,,,N,3,0,1,2,A,-,9,21804,A,N,D,C,A,A,H,-,A,D,0,,Y,,,Y,,L,4,0,1,0,0,0,0,1,0,0,-,-,0,0,1500,4,LOS ANGELES,LOS ANGELES,CA,-118.3024692,33.74242401,"W 2ND ST & S HANFORD AVE, LOS ANGELES, CA, 90731",W 2ND ST,S HANFORD AVE
-118.54473,34.17449188,44363,4667204,2010,3/16/2011 0:00,1942,4/17/2010,750,34561,1041,6,5,7,1942,0,0,0,J,0,,WILBUR AV,COLLINS ST,0,,Y,A,-,N,,0,0,,,0,,,,Y,3,0,1,2,A,-,8,22107,,N,D,G,A,A,H,-,A,D,0,,Y,,,Y,,A,1,0,1,0,0,0,0,1,0,0,-,-,0,0,900,4,LOS ANGELES,LOS ANGELES,CA,-118.54473,34.17449188,"WILBUR AVE & COLLINS ST, LOS ANGELES, CA, 91356",WILBUR AVE,COLLINS ST
-118.3615217,34.15286743,45399,4679096,2010,9/13/2011 0:00,1942,4/17/2010,1420,35836,1567,6,5,7,1942,0,0,0,O,0,16TL22,CAHUENGA BL,RT 134,0,,Y,A,-,Y,LA,7,134,-,-,0.561,R,4,E,N,3,0,1,2,A,-,21,22106,,F,D,G,A,A,H,-,A,A,0,,Y,,,Y,,-,99,0,1,0,0,0,0,1,0,0,-,EF,0,0,1500,4,LOS ANGELES,LOS ANGELES,CA,-118.3615217,34.15286743,134/EB OFF TO CAHUENGA BLVD,134/EB OFF TO CAHUENGA BLVD,
-118.4055193,33.98468399,46570,4693961,2010,3/30/2011 0:00,1942,4/17/2010,1435,R2138,1465,6,5,7,1942,0,0,0,N,0,34TF34,JUNIETTE ST,INGLEWOOD BL,150,E,N,A,-,N,,0,0,,,0,,,,N,3,0,1,2,A,-,9,21804,A,N,D,G,A,A,H,-,A,D,0,,Y,,,Y,,L,4,0,1,0,0,0,0,1,0,0,-,-,0,0,1500,4,LOS ANGELES,LOS ANGELES,CA,-118.4055193,33.98468399,"JUNIETTE ST & INGLEWOOD BLVD, LOS ANGELES, CA, 90230",JUNIETTE ST,INGLEWOOD BLVD
-118.2703654,33.94103622,48764,4734095,2010,4/12/2011 0:00,1942,4/17/2010,1510,33397,1832,6,5,7,1942,0,0,0,R,0,12TL45,105TH ST,SAN PEDRO ST,235,W,N,A,-,N,,0,0,,,0,,,,N,3,0,1,2,A,-,9,21804,A,F,-,B,A,A,H,-,A,A,0,,Y,,,Y,,L,4,0,1,0,0,0,0,1,0,0,-,-,0,0,1800,4,LOS ANGELES,LOS ANGELES,CA,-118.2703654,33.94103622,"E 105TH ST & S SAN PEDRO ST, LOS ANGELES, CA, 90003",E 105TH ST,S SAN PEDRO ST
-118.2488153,34.06475449,54318,4817827,2010,4/7/2011 0:00,1942,4/18/2010,1615,37806,101,7,5,7,1942,0,0,0,A,0,11T32,SUNSET BL,BEAUDRY AV,210,E,N,A,-,N,,0,0,,,0,,,,N,3,0,1,2,A,-,8,22107,,N,D,G,A,A,H,-,A,D,0,,Y,,,Y,,A,1,0,1,0,0,0,0,1,0,0,-,-,0,0,1800,4,LOS ANGELES,LOS ANGELES,CA,-118.2488153,34.06475449,"W SUNSET BLVD & N BEAUDRY AVE, LOS ANGELES, CA, 90012",W SUNSET BLVD,N BEAUDRY AVE
-118.2903063,33.7396736,54802,4822863,2010,4/11/2011 0:00,1942,4/18/2010,1600,32393,557,7,5,7,1942,0,0,0,E,0,5A12,5TH ST,GRAND AV,50,W,N,A,-,N,,0,0,,,0,,,,N,3,0,1,2,A,-,17,21200,,N,D,G,A,A,-,-,A,D,0,,Y,,,Y,,L,4,0,1,0,0,0,0,1,0,0,-,-,0,0,1800,4,LOS ANGELES,LOS ANGELES,CA,-118.2903063,33.7396736,"W 5TH ST & S GRAND AVE, LOS ANGELES, CA, 90731",W 5TH ST,S GRAND AVE
-118.258178,33.98186493,69416,5010857,2010,4/13/2011 0:00,1942,4/18/2010,1440,33007,1395,7,5,7,1942,0,0,0,M,0,4TL4,GAGE AV,CENTRAL AV,500,W,N,A,-,N,,0,0,,,0,,,,N,3,0,1,2,A,-,5,21650,1,N,H,G,A,A,H,-,A,D,0,,Y,,,Y,,L,4,0,1,0,0,0,0,1,0,0,-,-,0,0,1500,4,LOS ANGELES,LOS ANGELES,CA,-118.258178,33.98186493,"E GAGE AVE & S CENTRAL AVE, LOS ANGELES, CA, 90052",E GAGE AVE,S CENTRAL AVE
-118.5360863,34.22008896,45364,4679061,2010,3/23/2011 0:00,1942,4/19/2010,1350,15TL46,1004,1,5,7,1942,0,0,0,J,0,15TL46,RESEDA BL,ROSCOE BL,225,S,N,A,-,N,,0,0,,,0,,,,N,4,0,1,2,A,-,5,21650,1,N,D,G,A,A,H,-,A,D,0,,Y,,,Y,,L,4,0,0,1,0,0,0,1,0,0,-,-,0,0,1500,4,LOS ANGELES,LOS ANGELES,CA,-118.5360863,34.22008896,"RESEDA BLVD & ROSCOE BLVD, LOS ANGELES, CA, 91324",RESEDA BLVD,ROSCOE BLVD
-118.2726307,34.01224899,45882,4685765,2010,3/9/2011 0:00,1942,4/19/2010,1440,27516,1842,1,5,7,1942,0,0,0,R,0,13T22,MAPLE ST,WOODLAWN AV,142,N,N,A,-,N,,0,0,,,0,,,,N,3,0,1,2,A,-,3,22350,,F,D,G,A,A,H,-,A,D,0,,Y,,,Y,,-,99,0,1,0,0,0,0,1,0,0,-,-,0,0,1500,4,LOS ANGELES,LOS ANGELES,CA,-118.2726307,34.01224899,"MAPLE AVE & WOODLAWN AVE, LOS ANGELES, CA, 90011",MAPLE AVE,WOODLAWN AVE
-118.24834,34.04882813,46201,4691871,2010,3/24/2011 0:00,1942,4/19/2010,5,38204,145,1,5,7,1942,0,0,0,A,0,13T53,4TH ST,SPRING ST,0,,Y,A,-,N,,0,0,,,0,,,,N,3,0,1,2,A,-,12,21453,A,N,B,G,A,A,H,-,C,A,0,,Y,,,Y,,L,4,0,1,0,0,0,0,1,0,0,-,-,0,0,300,4,LOS ANGELES,LOS ANGELES,CA,-118.24834,34.04882813,"W 4TH ST & S SPRING ST, LOS ANGELES, CA, 90013",W 4TH ST,S SPRING ST
-118.431767,33.98892212,46575,4693981,2010,3/30/2011 0:00,1942,4/19/2010,1740,31255,1453,1,5,7,1942,0,0,0,N,0,6TL2,BEETHOVEN ST,SHORT AV,50,N,N,A,-,N,,0,0,,,0,,,,N,3,0,1,2,A,-,6,21750,,F,B,G,A,A,H,-,A,D,0,,Y,,,Y,,-,-,0,1,0,0,0,0,1,0,0,-,-,0,0,1800,4,LOS ANGELES,LOS ANGELES,CA,-118.431767,33.98892212,"BEETHOVEN ST & SHORT AVE, LOS ANGELES, CA, 90066",BEETHOVEN ST,SHORT AVE
-118.4487925,34.22143936,47047,4704576,2010,4/4/2011 0:00,1942,4/19/2010,1540,38857,1994,1,5,7,1942,0,0,0,,0,35T90,VAN NUYS BL,ROSCOE BL,20,S,N,A,-,N,,0,0,,,0,,,,N,4,0,1,2,D,-,0,0,,F,D,G,A,A,H,-,A,D,0,,Y,,,Y,,-,-,0,0,1,0,0,0,1,0,0,-,-,0,0,1800,4,LOS ANGELES,LOS ANGELES,CA,-118.4487925,34.22143936,"VAN NUYS BLVD & ROSCOE BLVD, LOS ANGELES, CA, 91402",VAN NUYS BLVD,ROSCOE BLVD
0,0,48530,4731401,2010,4/6/2011 0:00,1942,4/19/2010,1545,37076,1231,1,5,7,1942,0,0,0,L,0,1245,SLAUSON,BRYNHURST,3,S,N,A,-,N,,0,0,,,0,,,,N,4,0,1,2,A,-,9,21801,A,N,D,G,A,A,H,-,A,D,0,,Y,,,Y,,A,1,0,0,1,0,0,0,1,0,0,-,-,0,0,1800,4,LOS ANGELES,LOS ANGELES,CA,0,0,,,
-118.4165898,34.24409103,49501,4740370,2010,4/14/2011 0:00,1942,4/19/2010,1620,39133,1651,1,5,7,1942,0,0,0,P,0,,LAUREL CANYON BL,MONTAGUE,100,N,N,A,-,N,,0,0,,,0,,,,N,3,0,1,2,D,-,0,0,,F,D,G,A,A,H,-,A,D,0,,Y,,,Y,,-,-,0,1,0,0,0,0,1,0,0,-,-,0,0,1800,4,LOS ANGELES,LOS ANGELES,CA,-118.4165898,34.24409103,"LAUREL CANYON BLVD & MONTAGUE ST, LOS ANGELES, CA, 91331",LAUREL CANYON BLVD,MONTAGUE ST
-118.2983819,34.10177994,71150,5036126,2010,4/13/2011 0:00,1942,4/19/2010,735,37482,1151,1,5,7,1942,0,0,0,K,0,11TL21,ALEXANDRIA AV,HOLLYWOOD BL,5,N,N,A,-,N,,0,0,,,0,,,,N,4,0,1,2,A,-,12,21453,A,N,D,G,A,A,H,-,A,A,0,,Y,,,Y,,A,1,0,0,1,0,0,0,1,0,0,-,-,0,0,900,4,LOS ANGELES,LOS ANGELES,CA,-118.2983819,34.10177994,"N ALEXANDRIA AVE & HOLLYWOOD BLVD, LOS ANGELES, CA, 90027",N ALEXANDRIA AVE,HOLLYWOOD BLVD
-118.2833,34.05936813,46186,4691850,2010,3/24/2011 0:00,1942,4/20/2010,1750,37611,261,2,5,7,1942,0,0,0,B,0,13T22,7TH ST,RAMPART BL,0,,Y,A,-,N,,0,0,,,0,,,,N,4,0,1,2,A,-,12,21453,A,N,D,G,A,A,H,-,A,A,0,,Y,,,Y,,A,1,0,0,1,0,0,0,1,0,0,-,-,0,0,1800,4,LOS ANGELES,LOS ANGELES,CA,-118.2833,34.05936813,"W 7TH ST & S RAMPART BLVD, LOS ANGELES, CA, 90057",W 7TH ST,S RAMPART BLVD
-118.28944,34.07632065,47604,4711544,2010,3/25/2011 0:00,1942,4/20/2010,800,33191,2019,2,5,7,1942,0,0,0,,0,8TL35,MADISON AV,BEVERLY BL,0,,Y,A,-,N,,0,0,,,0,,,,N,3,0,1,2,A,-,12,22450,,F,D,G,A,A,H,-,A,D,0,,Y,,,Y,,-,99,0,1,0,0,0,0,1,0,0,-,-,0,0,900,4,LOS ANGELES,LOS ANGELES,CA,-118.28944,34.07632065,"N MADISON AVE & BEVERLY BLVD, LOS ANGELES, CA, 90004",N MADISON AVE,BEVERLY BLVD
-118.43469,33.99000168,48443,4729114,2010,4/4/2011 0:00,1942,4/20/2010,1240,35945,1453,2,5,7,1942,0,0,0,N,0,14A49,ALLA RD,MAXELLA AV,0,,Y,B,C,N,,0,0,,,0,,,,N,4,0,1,2,A,-,12,22450,A,N,D,G,A,B,H,-,A,A,0,,Y,,,Y,,-,-,0,0,1,0,0,0,1,0,0,-,-,0,0,1500,4,LOS ANGELES,LOS ANGELES,CA,-118.43469,33.99000168,"ALLA RD & MAXELLA AVE, LOS ANGELES, CA, 90066",ALLA RD,MAXELLA AVE
-118.3608692,34.03420639,48497,4731311,2010,4/6/2011 0:00,1942,4/20/2010,1915,37849,783,2,5,7,1942,0,0,0,G,0,7T23,APPLE ST,RIDGELEY DR,10,E,N,A,-,N,,0,0,,,0,,,,N,3,0,1,2,A,-,5,21650,1,N,A,G,A,A,H,-,A,A,0,,Y,,,Y,,L,4,0,1,0,0,0,0,1,0,0,-,-,0,0,2100,4,LOS ANGELES,LOS ANGELES,CA,-118.3608692,34.03420639,"APPLE ST & S RIDGELEY DR, LOS ANGELES, CA, 90016",APPLE ST,S RIDGELEY DR
0,0,49915,4751680,2010,4/15/2011 0:00,1942,4/20/2010,1830,40275,423,2,5,7,1942,0,0,0,D,0,,NORTH MAIN ST,LAKE AV,0,,Y,A,-,N,,0,0,,,0,,,,N,3,0,1,2,A,-,5,21650,,F,D,G,A,A,H,-,A,A,0,,Y,,,Y,,-,99,0,1,0,0,0,0,1,0,0,-,-,0,0,2100,4,LOS ANGELES,LOS ANGELES,CA,0,0,,,
-118.2609881,34.02210999,51089,4763844,2010,4/12/2011 0:00,1942,4/20/2010,1800,39062,1323,2,5,7,1942,0,0,0,M,0,13T22,SAN PEDRO ST,25TH ST,140,S,N,A,-,N,,0,0,,,0,,,,N,3,0,1,2,A,-,5,21650,1,N,D,G,A,A,H,-,A,D,0,,Y,,,Y,,L,4,0,1,0,0,0,0,1,0,0,-,-,0,0,2100,4,LOS ANGELES,LOS ANGELES,CA,-118.2609881,34.02210999,"S SAN PEDRO ST & E 25TH ST, LOS ANGELES, CA, 90011",S SAN PEDRO ST,E 25TH ST
-118.2320176,34.10025787,58840,4867135,2010,4/12/2011 0:00,1942,4/20/2010,2128,38357,1147,2,5,7,1942,0,0,0,K,0,,ISABEL ST,FREDERICK ST,125,E,N,A,-,N,,0,0,,,0,,,,N,4,0,1,1,A,-,3,22350,,N,H,J,A,A,H,-,D,D,0,,Y,,,Y,,L,4,0,0,1,0,0,0,1,0,0,-,-,0,0,2400,4,LOS ANGELES,LOS ANGELES,CA,-118.2320176,34.10025787,"ISABEL ST & FREDERICK ST, LOS ANGELES, CA, 90065",ISABEL ST,FREDERICK ST
-118.40309,34.19393158,45580,4684687,2010,3/22/2011 0:00,1942,4/21/2010,1400,35836,1513,3,5,7,1942,0,0,0,O,0,16TL22,VANOWEN ST,RHODES AV,0,,Y,B,-,N,,0,0,,,0,,,,N,3,0,1,2,A,-,9,21804,,N,D,C,A,A,D,-,A,D,0,,Y,,,Y,,L,4,0,1,0,0,0,0,1,0,0,-,-,0,0,1500,4,LOS ANGELES,LOS ANGELES,CA,-118.40309,34.19393158,"VANOWEN ST & RHODES AVE, LOS ANGELES, CA, 91605",VANOWEN ST,RHODES AVE
-118.34464,34.04787064,45868,4685696,2010,3/14/2011 0:00,1942,4/21/2010,1150,35199,764,3,5,7,1942,0,0,0,G,0,8T83,LA BREA AV,PICO BL,0,,Y,B,-,N,,0,0,,,0,,,,N,3,0,1,2,A,-,5,21650,1,N,D,G,A,A,H,-,A,A,0,,Y,,,Y,,L,4,0,1,0,0,0,0,1,0,0,-,-,0,0,1200,4,LOS ANGELES,LOS ANGELES,CA,-118.34464,34.04787064,"S LA BREA AVE & W PICO BLVD, LOS ANGELES, CA, 90019",S LA BREA AVE,W PICO BLVD
-118.4502745,34.03702545,46579,4693997,2010,3/30/2011 0:00,1942,4/21/2010,1000,39187,881,3,5,7,1942,0,0,0,H,0,14T49,BARRINGTON AV,LA GRANGE AV,4,S,N,A,-,N,,0,0,,,0,,,,N,2,0,1,2,A,-,9,21804,A,N,D,G,A,A,H,-,A,A,0,,Y,,,Y,,L,4,1,0,0,0,0,0,1,0,0,-,-,0,0,1200,4,LOS ANGELES,LOS ANGELES,CA,-118.4502745,34.03702545,"S BARRINGTON AVE & LA GRANGE AVE, LOS ANGELES, CA, 90025",S BARRINGTON AVE,LA GRANGE AVE
0,0,48296,4727936,2010,5/12/2011 0:00,1942,4/21/2010,810,24750,1331,3,5,7,1942,0,0,0,M,0,13A9,JEFFERSON BL,GRANA AV,0,,Y,A,-,N,,0,0,,,0,,,,N,4,0,1,2,A,-,9,21453,B,N,D,G,A,A,H,-,A,A,0,,Y,,,Y,,-,-,0,0,1,0,0,0,1,0,0,-,-,0,0,900,4,LOS ANGELES,LOS ANGELES,CA,0,0,,,
-118.2915621,34.0108,53233,4807325,2010,4/12/2011 0:00,1942,4/21/2010,725,36738,378,3,5,7,1942,0,0,0,C,0,3TL3,VERMONT AV,MARTIN LUTHER KING BL,20,S,N,A,-,N,,0,0,,,0,,,,N,3,0,1,2,A,-,9,21804,A,N,-,G,A,A,H,-,A,A,0,,Y,,,Y,,L,4,0,1,0,0,0,0,1,0,0,-,-,0,0,900,4,LOS ANGELES,LOS ANGELES,CA,-118.2915621,34.0108,"S VERMONT AVE & W MARTIN LUTHER KING JR BLVD, LOS ANGELES, CA, 90037",S VERMONT AVE,W MARTIN LUTHER KING JR BLVD
-118.43328,34.30477905,45594,4684715,2010,3/22/2011 0:00,1942,4/22/2010,645,39281,1918,4,5,7,1942,0,0,0,,0,10T37,DRONFIELD AV,HUBBARD ST,0,,Y,A,-,N,,0,0,,,0,,,,N,4,0,1,2,A,-,9,21801,A,N,D,G,A,A,H,-,A,A,0,,Y,,,Y,,A,1,0,0,1,0,0,0,1,0,0,-,-,0,0,900,4,LOS ANGELES,LOS ANGELES,CA,-118.43328,34.30477905,"DRONFIELD AVE & HUBBARD ST, LOS ANGELES, CA, 91342",DRONFIELD AVE,HUBBARD ST
-118.2857321,34.06895828,46422,4692667,2010,3/30/2011 0:00,1942,4/22/2010,1845,27688,2029,4,5,7,1942,0,0,0,,0,2T20,COMMONWEALTH AV,3RD ST,13,S,N,A,-,N,,0,0,,,0,,,,N,4,0,1,2,A,-,3,22350,,N,D,G,A,A,H,-,A,A,0,,Y,,,Y,,L,4,0,0,1,0,0,0,1,0,0,-,-,0,0,2100,4,LOS ANGELES,LOS ANGELES,CA,-118.2857321,34.06895828,"S COMMONWEALTH AVE & W 3RD ST, LOS ANGELES, CA, 90020",S COMMONWEALTH AVE,W 3RD ST