X,Y,FID,CASE_ID,ACCIDENT_YEAR,PROCDATE,JURIS,COLLISION_DATE,COLLISION_TIME,OFFICER_ID,REPORTING_DISTRICT,DAY_OF_WEEK,SHIFT,POPULATION,CNTY_CITY_LOC,SPECIAL_COND,BEAT_TYPE,CHP_BEAT_TYPE,CITY_DIVISION_LAPD,CHP_BEAT_CLASS,BEATNUMB,PRIMARY_RD,SECONDARY_RD,DISTANCE,DIRECTION,INTERSECTION,WEATHER_1,WEATHER_2,STATE_HWY_IND,CALTRANS_COUNTY,CALTRANS_DISTRICT,STATE_ROUTE,ROUTE_SUFFIX,POSTMILE_PREFIX,POSTMILE,LOCATION_TYPE,RAMP_INTERSECTION,SIDE_OF_HWY,TOW_AWAY,COLLISION_SEVERITY,NUMBER_KILLED,NUMBER_INJURED,PARTY_COUNT,PRIMARY_COLL_FACTOR,PCF_CODE_VIOL,PCF_VIOL_CATEGORY,PCF_VIOLATION,PCF_VIOL_SUBSECTION,HIT_AND_RUN,TYPE_OF_COLLISION,MVIW,PED_ACTION,ROAD_SURFACE,ROAD_COND_1,ROAD_COND_2,LIGHTING,CONTROL_DEVICE,CHP_ROAD_TYPE,PEDESTRIAN_ACCIDENT,BICYCLE_ACCIDENT,MOTORCYCLE_ACCIDENT,TRUCK_ACCIDENT,NOT_PRIVATE_PROPERTY,ALCOHOL_INVOLVED,STWD_VEHTYPE_AT_FAULT,CHP_VEHTYPE_AT_FAULT,COUNT_SEVERE_INJ,COUNT_VISIBLE_INJ,COUNT_COMPLAIN_PAIN,COUNT_PED_KILLED,COUNT_PED_INJURED,COUNT_BICYCLIST_KILLED,COUNT_BICYCLIST_INJURED,COUNT_MC_KILLED,COUNT_MC_INJURED,PRIMARY_RAMP,SECONDARY_RAMP,LATITUDE,LONGITUDE,TIMECAT,MONTH_,CITY,COUNTY,STATE,POINT_X,POINT_Y,Match_addr,m_primaryrd,m_secondrd
-118.4698658,34.0022354,52024,4780342,2010,6/15/2011 0:00,1942,6/2/2010,1045,39354,1415,3,5,7,1942,0,0,0,N,0,7T23,COMMONWEALTH AV,LINCOLN BL,5,E,N,A,-,N,,0,0,,,0,,,,N,4,0,1,2,A,-,5,21650,,N,D,G,A,A,H,-,A,D,0,,Y,,,Y,,L,4,0,0,1,0,0,0,1,0,0,-,-,0,0,1200,6,LOS ANGELES,LOS ANGELES,CA,-118.4698658,34.0022354,"COMMONWEALTH AVE & SR 1, LOS ANGELES, CA, 90291",COMMONWEALTH AVE,SR 1
-118.4550211,34.07031632,54653,4821160,2010,6/21/2011 0:00,1942,6/2/2010,1335,39769,816,3,5,7,1942,0,0,0,,0,8A12,GAYLEY AV,LANDFAIR AV,550,S,N,A,-,N,,0,0,,,0,,,,N,4,0,1,2,A,-,12,21457,A,N,D,G,A,A,H,-,A,A,0,,Y,,,Y,,D,22,0,0,1,0,0,0,1,0,0,-,-,0,0,1500,6,LOS ANGELES,LOS ANGELES,CA,-118.4550211,34.07031631,"GAYLEY AVE & LANDFAIR AVE, LOS ANGELES, CA, 90024",GAYLEY AVE,LANDFAIR AVE
-118.2819318,33.96009145,54744,4822527,2010,9/12/2011 0:00,1942,6/2/2010,2000,38783,1802,3,5,7,1942,0,0,0,R,0,DESK,MANCHESTER AV,RT 110,100,W,N,A,-,Y,LA,7,110,-,-,16.034,R,4,S,N,3,0,1,2,B,-,22,0,,M,D,G,A,A,H,-,C,D,0,,Y,,,Y,,-,99,0,1,0,0,0,0,1,0,0,-,SF,0,0,2100,6,LOS ANGELES,LOS ANGELES,CA,-118.2819318,33.96009145,110/SB ON FR WB MANCHESTER AVE,110/SB ON FR WB MANCHESTER AVE,
-118.2879221,33.7388382,54931,4823240,2010,6/24/2011 0:00,1942,6/2/2010,1610,32565,564,3,5,7,1942,0,0,0,E,0,5TL25,PACIFIC AV,6TH ST,31,N,N,A,-,N,,0,0,,,0,,,,N,4,0,1,2,A,-,7,21658,A,N,B,G,A,A,H,-,A,A,0,,Y,,,Y,,L,4,0,0,1,0,0,0,1,0,0,-,-,0,0,1800,6,LOS ANGELES,LOS ANGELES,CA,-118.2879221,33.7388382,"S PACIFIC AVE & W 6TH ST, LOS ANGELES, CA, 90731",S PACIFIC AVE,W 6TH ST
-118.25316,34.04273987,59801,4881835,2010,6/20/2011 0:00,1942,6/2/2010,1345,37506,174,3,5,7,1942,0,0,0,A,0,,8TH ST,MAIN ST,0,,Y,A,-,N,,0,0,,,0,,,,Y,4,0,1,2,A,-,12,21453,A,N,D,G,A,A,H,-,A,A,0,,Y,,,Y,,A,7,0,0,1,0,0,0,1,0,0,-,-,0,0,1500,6,LOS ANGELES,LOS ANGELES,CA,-118.25316,34.04273987,"E 8TH ST & S MAIN ST, LOS ANGELES, CA, 90014",E 8TH ST,S MAIN ST
-118.21421,34.065979,60685,4897760,2010,5/25/2011 0:00,1942,6/2/2010,1840,37509,423,3,5,7,1942,0,0,0,D,0,4T4,MAIN ST,WORKMAN ST,0,,Y,A,-,N,,0,0,,,0,,,,N,3,0,1,2,A,-,11,21456,B,N,H,G,A,A,H,-,A,A,0,,Y,,,Y,Y,L,4,0,1,0,0,0,0,1,0,0,-,-,0,0,2100,6,LOS ANGELES,LOS ANGELES,CA,-118.21421,34.065979,"N MAIN ST & WORKMAN ST, LOS ANGELES, CA, 90031",N MAIN ST,WORKMAN ST
-118.3614431,34.07628632,49337,4739173,2010,5/26/2011 0:00,1942,6/3/2010,1625,31255,711,4,5,7,1942,0,0,0,G,0,7TL72,FAIRFAX AV,BEVERLY BL,70,N,N,A,-,N,,0,0,,,0,,,,N,3,0,1,2,A,-,3,22350,,N,C,G,A,A,H,-,A,D,0,,Y,,,Y,,L,4,0,1,0,0,0,0,1,0,0,-,-,0,0,1800,6,LOS ANGELES,LOS ANGELES,CA,-118.3614431,34.07628632,"N FAIRFAX AVE & BEVERLY BLVD, LOS ANGELES, CA, 90036",N FAIRFAX AVE,BEVERLY BLVD
-118.25648,34.0039,49745,4750902,2010,6/22/2011 0:00,1942,6/3/2010,725,35298,1353,4,5,7,1942,0,0,0,M,0,,CENTRAL,VERNON,0,,Y,B,-,N,,0,0,,,0,,,,N,4,0,1,2,A,-,3,22350,,F,D,G,A,A,H,-,A,A,0,,Y,,,Y,Y,-,99,0,0,1,0,0,0,1,0,0,-,-,0,0,900,6,LOS ANGELES,LOS ANGELES,CA,-118.25648,34.0039,"S CENTRAL AVE & E VERNON AVE, LOS ANGELES, CA, 90011",S CENTRAL AVE,E VERNON AVE
-118.39652,34.22164154,52169,4781080,2010,6/24/2011 0:00,1942,6/3/2010,1735,38820,1681,4,5,7,1942,0,0,0,P,0,15T46,LAUREL CANYON,ROSCOE BL,0,,Y,A,-,N,,0,0,,,0,,,,N,4,0,1,2,A,-,5,21650,1,N,D,G,A,A,H,-,A,A,0,,Y,,,Y,,L,4,0,0,1,0,0,0,1,0,0,-,-,0,0,1800,6,LOS ANGELES,LOS ANGELES,CA,-118.39652,34.22164154,"LAUREL CANYON BLVD & ROSCOE BLVD, LOS ANGELES, CA, 91352",LAUREL CANYON BLVD,ROSCOE BLVD
-118.58845,34.2009697,52359,4783343,2010,6/6/2011 0:00,1942,6/3/2010,1655,39467,2157,4,5,7,1942,0,0,0,,0,9TL56,DE SOTO AV,SHERMAN WAY,0,,Y,A,-,N,,0,0,,,0,,,,N,3,0,1,2,A,-,5,21650,1,F,D,G,A,A,H,-,A,A,0,,Y,,,Y,,L,4,0,1,0,0,0,0,1,0,0,-,-,0,0,1800,6,LOS ANGELES,LOS ANGELES,CA,-118.58845,34.2009697,"DE SOTO AVE & SHERMAN WAY, LOS ANGELES, CA, 91303",DE SOTO AVE,SHERMAN WAY
-118.2919716,34.05592728,53218,4807075,2010,5/10/2011 0:00,1942,6/3/2010,1630,38875,2046,4,5,7,1942,0,0,0,,0,20Z21,JAMES M WOOD,VERMONT,100,W,N,A,-,N,,0,0,,,0,,,,N,4,0,1,2,A,-,9,21804,A,F,H,G,A,A,H,-,A,D,0,,Y,,,Y,,-,99,0,0,1,0,0,0,1,0,0,-,-,0,0,1800,6,LOS ANGELES,LOS ANGELES,CA,-118.2919716,34.05592728,"JAMES M WOOD BLVD & S VERMONT AVE, LOS ANGELES",JAMES M WOOD BLVD,S VERMONT AVE
-118.29162,34.05451965,54638,4821133,2010,6/24/2011 0:00,1942,6/3/2010,1545,31573,2049,4,5,7,1942,0,0,0,,0,34MQ09,VERMONT AV,SAN MARINO AV,0,,Y,A,-,N,,0,0,,,0,,,,N,4,0,1,2,A,-,5,21650,1,N,D,G,A,A,H,-,A,A,0,,Y,,,Y,,L,4,0,0,1,0,0,0,1,0,0,-,-,0,0,1800,6,LOS ANGELES,LOS ANGELES,CA,-118.29162,34.05451965,"S VERMONT AVE & SAN MARINO ST, LOS ANGELES, CA, 90006",S VERMONT AVE,SAN MARINO ST
-118.30345,34.01082993,55674,4832629,2010,6/23/2011 0:00,1942,6/3/2010,1900,37740,376,4,5,7,1942,0,0,0,C,0,3TL5,MARTIN LUTHER KING JR BL,DALTON AV,0,,Y,A,-,N,,0,0,,,0,,,,N,4,0,1,2,A,-,9,21802,A,F,D,G,A,A,H,-,A,A,0,,Y,,,Y,Y,-,99,0,0,1,0,0,0,1,0,0,-,-,0,0,2100,6,LOS ANGELES,LOS ANGELES,CA,-118.30345,34.01082993,"W MARTIN LUTHER KING JR BLVD & DALTON AVE, LOS ANGELES, CA, 90062",W MARTIN LUTHER KING JR BLVD,DALTON AVE
-118.22319,34.08448029,59696,4881389,2010,5/26/2011 0:00,1942,6/3/2010,1910,38233,1177,4,5,7,1942,0,0,0,K,0,11TL21,AVENUE 26,HURON ST,0,,Y,A,-,N,,0,0,,,0,,,,N,3,0,1,2,A,-,9,21801,A,N,D,G,A,A,H,-,A,D,0,,Y,,,Y,,A,1,0,1,0,0,0,0,1,0,0,-,-,0,0,2100,6,LOS ANGELES,LOS ANGELES,CA,-118.22319,34.08448029,"W AVE 26 & HURON ST, LOS ANGELES, CA, 90065",W AVE 26,HURON ST
-118.2621441,34.0323105,60507,4893298,2010,5/25/2011 0:00,1942,6/3/2010,1820,38296,195,4,5,7,1942,0,0,0,A,0,4T4,17TH ST,LOS ANGELES ST,4,W,N,A,-,N,,0,0,,,0,,,,N,3,0,1,2,A,-,17,21200,,N,H,G,A,A,H,-,A,A,0,,Y,,,Y,,L,4,0,1,0,0,0,0,1,0,0,-,-,0,0,2100,6,LOS ANGELES,LOS ANGELES,CA,-118.2621441,34.0323105,"E 17TH ST & S LOS ANGELES ST, LOS ANGELES, CA, 90015",E 17TH ST,S LOS ANGELES ST
-118.6016922,34.24990463,48832,4734472,2010,6/17/2011 0:00,1942,6/4/2010,1935,39566,1751,5,5,7,1942,0,0,0,Q,0,17A49,OWENSMOUTH AV,LASSEN ST,25,S,-,A,-,N,,0,0,,,0,,,,N,3,0,1,2,A,-,5,21650,,N,G,G,A,A,H,-,A,A,0,,Y,Y,,Y,,L,4,0,1,0,0,0,0,1,0,0,-,-,0,0,2100,6,LOS ANGELES,LOS ANGELES,CA,-118.6016922,34.24990463,"OWENSMOUTH AVE & LASSEN ST, LOS ANGELES, CA, 91311",OWENSMOUTH AVE,LASSEN ST
-118.2915721,34.0034,52840,4802031,2010,5/31/2011 0:00,1942,6/4/2010,1205,36752,1204,5,5,7,1942,0,0,0,L,0,12TL41,VERMONT,VERNON,89,S,N,A,-,N,,0,0,,,0,,,,N,3,0,1,2,A,-,21,22106,,N,D,G,A,A,H,-,A,A,0,,Y,,,Y,,A,1,0,1,0,0,0,0,1,0,0,-,-,0,0,1500,6,LOS ANGELES,LOS ANGELES,CA,-118.2915721,34.0034,"S VERMONT AVE & W VERNON AVE, LOS ANGELES, CA, 90037",S VERMONT AVE,W VERNON AVE
-118.2635211,33.92827225,51684,4770101,2010,5/23/2011 0:00,1942,6/5/2010,1105,38828,1803,6,5,7,1942,0,0,0,R,0,12TL41,116TH PL,STANFORD AV,407,W,N,A,-,N,,0,0,,,0,,,,N,4,0,1,2,A,-,9,21804,A,N,D,G,A,A,H,-,A,D,0,,Y,,,Y,,L,4,0,0,1,0,0,0,1,0,0,-,-,0,0,1200,6,LOS ANGELES,LOS ANGELES,CA,-118.2635211,33.92827225,"E 116TH PL & STANFORD AVE, LOS ANGELES, CA, 90059",E 116TH PL,STANFORD AVE
-118.3266621,34.09832382,52038,4780362,2010,6/15/2011 0:00,1942,6/5/2010,1435,27575,646,6,5,7,1942,0,0,0,,0,6A77,VINE ST,SUNSET BL,120,N,N,A,-,N,,0,0,,,0,,,,N,4,0,1,2,A,-,17,22517,,N,H,G,A,A,H,-,A,D,0,,Y,,,Y,,A,1,0,0,1,0,0,0,1,0,0,-,-,0,0,1500,6,LOS ANGELES,LOS ANGELES,CA,-118.3266621,34.09832382,"VINE ST & W SUNSET BLVD, LOS ANGELES, CA, 90028",VINE ST,W SUNSET BLVD
-118.2716963,34.027401,53343,4807769,2010,6/21/2011 0:00,1942,6/5/2010,720,36238,1321,6,5,7,1942,0,0,0,M,0,1TL11,25TH ST,GRAND AV,2,E,N,A,-,N,,0,0,,,0,,,,N,3,0,1,2,A,-,8,22107,,F,B,G,A,A,H,-,A,D,0,,Y,,,Y,,-,99,0,1,0,0,0,0,1,0,0,-,-,0,0,900,6,LOS ANGELES,LOS ANGELES,CA,-118.2716963,34.027401,"W 25TH ST & S GRAND AVE (CENTRAL) , LOS ANGELES, CA",W 25TH ST,S GRAND AVE (CENTRAL)
-118.2523922,34.02244949,60054,4884396,2010,6/24/2011 0:00,1942,6/5/2010,1805,36160,1324,6,5,7,1942,0,0,0,M,0,13TL42,CENTRAL AV,21ST ST N,25,N,N,A,-,N,,0,0,,,0,,,,N,4,0,1,2,A,-,17,22517,,N,H,G,A,A,H,-,A,D,0,,Y,,,Y,,A,1,0,0,1,0,0,0,1,0,0,-,-,0,0,2100,6,LOS ANGELES,LOS ANGELES,CA,-118.2523922,34.02244949,"S CENTRAL AVE & E 21ST ST, LOS ANGELES, CA, 90011",S CENTRAL AVE,E 21ST ST
-118.223157,34.12295914,71102,5035461,2010,6/24/2011 0:00,1942,6/5/2010,1140,36238,1136,6,5,7,1942,0,0,0,K,0,1TL11,EAGLE ROCK BL,AVENUE 43,80,N,N,A,-,N,,0,0,,,0,,,,N,3,0,1,2,A,-,21,22106,,N,B,G,A,A,H,-,A,D,0,,Y,,,Y,,A,1,0,1,0,0,0,0,1,0,0,-,-,0,0,1200,6,LOS ANGELES,LOS ANGELES,CA,-118.223157,34.12295914,"EAGLE ROCK BLVD & W AVE 43, LOS ANGELES, CA, 90041",EAGLE ROCK BLVD,W AVE 43
-118.361016,34.14178848,52103,4780970,2010,6/17/2011 0:00,1942,6/6/2010,1250,38183,1586,7,5,7,1942,0,0,0,O,0,10TL32,LANKERSHIM BL,VALLEY HEART DR,50,S,N,A,-,N,,0,0,,,0,,,,N,4,0,1,2,A,-,17,21200,,F,H,G,A,A,H,-,A,D,0,,Y,,,Y,,L,4,0,0,1,0,0,0,1,0,0,-,-,0,0,1500,6,LOS ANGELES,LOS ANGELES,CA,-118.361016,34.14178848,"LANKERSHIM BLVD & VALLEYHEART DR, LOS ANGELES, CA, 91604",LANKERSHIM BLVD,VALLEYHEART DR
-118.4331595,34.2432785,52113,4780981,2010,6/15/2011 0:00,1942,6/6/2010,1600,38033,1967,7,5,7,1942,0,0,0,,0,19TL76,BEACHY AV,GOLETA ST,40,N,N,A,-,N,,0,0,,,0,,,,N,3,0,1,2,A,-,9,21804,A,N,D,G,A,A,H,-,A,D,0,,Y,,,Y,,L,4,0,1,0,0,0,0,1,0,0,-,-,0,0,1800,6,LOS ANGELES,LOS ANGELES,CA,-118.4331595,34.2432785,"BEACHY AVE & GOLETA ST, LOS ANGELES, CA, 91331",BEACHY AVE,GOLETA ST
-118.4487822,34.2179184,52117,4780985,2010,6/15/2011 0:00,1942,6/6/2010,1440,39192,1998,7,5,7,1942,0,0,0,,0,19TL72,VAN NUYS BL,LANARK ST,10,S,N,A,-,N,,0,0,,,0,,,,N,3,0,1,2,A,-,9,21804,A,N,D,G,A,A,G,-,A,D,0,,Y,,,Y,,A,8,0,1,0,0,0,0,1,0,0,-,-,0,0,1500,6,LOS ANGELES,LOS ANGELES,CA,-118.4487822,34.2179184,"VAN NUYS BLVD & LANARK ST, LOS ANGELES, CA, 91402",VAN NUYS BLVD,LANARK ST
-118.5493478,34.04215241,54608,4821091,2010,6/27/2011 0:00,1942,6/6/2010,1930,38762,811,7,5,7,1942,0,0,0,H,0,14T47,MARQUEZ AV,SUNSET BL,163,W,N,A,-,N,,0,0,,,0,,,,N,4,0,1,2,A,-,3,22350,,N,E,I,A,A,H,-,A,D,0,,Y,,,Y,,L,4,0,0,1,0,0,0,1,0,0,-,-,0,0,2100,6,LOS ANGELES,LOS ANGELES,CA,-118.5493478,34.0421524,"MARQUEZ AVE & W SUNSET BLVD, LOS ANGELES, CA, 90272",MARQUEZ AVE,W SUNSET BLVD
-118.30906,34.05261993,54639,4821137,2010,6/24/2011 0:00,1942,6/6/2010,330,40370,2053,7,5,7,1942,0,0,0,,0,20A39,OLYMPIC BL,WESTERN AV,0,,Y,B,-,N,,0,0,,,0,,,,N,4,0,1,2,A,-,12,21453,A,N,H,G,A,A,H,-,C,A,0,,Y,,,Y,,L,4,0,0,1,0,0,0,1,0,0,-,-,0,0,600,6,LOS ANGELES,LOS ANGELES,CA,-118.30906,34.05261993,"W OLYMPIC BLVD & S WESTERN AVE, LOS ANGELES, CA, 90006",W OLYMPIC BLVD,S WESTERN AVE
-118.3617537,34.18612289,48809,4734424,2010,6/8/2011 0:00,1942,6/7/2010,1130,38183,1529,1,5,7,1942,0,0,0,O,0,10TL32,VICTORY BL,CAHUENGA BL,70,W,N,A,-,N,,0,0,,,0,,,,N,2,0,1,2,A,-,17,21200,,N,H,G,A,A,H,-,A,D,0,,Y,,,Y,,L,4,1,0,0,0,0,0,1,0,0,-,-,0,0,1200,6,LOS ANGELES,LOS ANGELES,CA,-118.3617537,34.18612289,"VICTORY BLVD & CAHUENGA BLVD, LOS ANGELES, CA, 91606",VICTORY BLVD,CAHUENGA BLVD
-118.4019469,34.26472092,51376,4767889,2010,6/17/2011 0:00,1942,6/7/2010,500,39009,1654,1,5,7,1942,0,0,0,P,0,16TL25,OSBORNE ST,GLENOAKS BL,10,E,N,A,-,N,,0,0,,,0,,,,N,3,0,1,2,A,-,5,21650,1,F,-,G,A,A,H,-,B,A,0,,Y,,,Y,,L,4,0,1,0,0,0,0,1,0,0,-,-,0,0,600,6,LOS ANGELES,LOS ANGELES,CA,-118.4019469,34.26472092,"OSBORNE ST & GLENOAKS BLVD, LOS ANGELES, CA, 91331",OSBORNE ST,GLENOAKS BLVD
-118.35936,34.06079865,51473,4767995,2010,6/14/2011 0:00,1942,6/7/2010,1545,37046,743,1,5,7,1942,0,0,0,,0,742,GENESEE AV,8TH ST,0,,Y,A,-,N,,0,0,,,0,,,,N,2,0,2,2,A,-,12,22450,,N,H,G,A,A,H,-,A,A,0,,Y,,,Y,,A,1,1,0,1,0,0,0,1,0,0,-,-,0,0,1800,6,LOS ANGELES,LOS ANGELES,CA,-118.35936,34.06079865,"S GENESEE AVE & W 8TH ST, LOS ANGELES, CA, 90036",S GENESEE AVE,W 8TH ST
-118.2769403,34.08978272,59787,4881775,2010,9/15/2011 0:00,1942,6/7/2010,1725,39062,1171,1,5,7,1942,0,0,0,K,0,11TL32,SUNSET BL,GRIFFITH PARK BL,42,E,N,A,-,N,,0,0,,,0,,,,N,4,0,1,2,A,-,8,22107,,N,D,G,A,A,H,-,A,D,0,,Y,,,Y,,D,22,0,0,1,0,0,0,1,0,0,-,-,0,0,1800,6,LOS ANGELES,LOS ANGELES,CA,-118.2769403,34.08978271,"W SUNSET BLVD & GRIFFITH PARK BLVD, LOS ANGELES, CA, 90026",W SUNSET BLVD,GRIFFITH PARK BLVD
-118.2561679,34.0440712,62247,4919553,2010,5/24/2011 0:00,1942,6/7/2010,2005,38050,163,1,5,7,1942,0,0,0,A,0,1T11W3,HILL ST,8TH ST,182,S,N,A,-,N,,0,0,,,0,,,,N,3,0,1,2,A,-,5,21202,A,N,H,G,A,A,H,-,B,D,0,,Y,,,Y,,L,4,0,1,0,0,0,0,1,0,0,-,-,0,0,2100,6,LOS ANGELES,LOS ANGELES,CA,-118.2561679,34.0440712,"S HILL ST & W 8TH ST, LOS ANGELES, CA, 90014",S HILL ST,W 8TH ST
-118.36567,34.05131912,78207,5121791,2010,6/7/2011 0:00,1942,6/7/2010,1515,35065,763,1,5,7,1942,0,0,0,G,0,7A17,ORANGE GROVE AV,PICO BL,0,,Y,A,-,N,,0,0,,,0,,,,N,3,0,1,2,A,-,5,21202,A,N,H,G,A,A,H,-,A,D,0,,Y,,,Y,,L,4,0,1,0,0,0,0,1,0,0,-,-,0,0,1800,6,LOS ANGELES,LOS ANGELES,CA,-118.36567,34.05131912,"S ORANGE GROVE AVE & W PICO BLVD, LOS ANGELES, CA, 90019",S ORANGE GROVE AVE,W PICO BLVD
-118.5360696,34.19335175,49373,4739244,2010,6/6/2011 0:00,1942,6/8/2010,1905,39342,1024,2,5,7,1942,0,0,0,J,0,9X48,RESEDA BL,VANOWEN ST,180,S,N,A,-,N,,0,0,,,0,,,,N,4,0,1,2,A,-,9,21804,A,N,D,G,A,A,H,-,A,D,0,,Y,,,Y,,A,7,0,0,1,0,0,0,1,0,0,-,-,0,0,2100,6,LOS ANGELES,LOS ANGELES,CA,-118.5360696,34.19335175,"RESEDA BLVD & VANOWEN ST, LOS ANGELES, CA, 91335",RESEDA BLVD,VANOWEN ST
-118.3478873,34.08350372,51397,4767918,2010,6/16/2011 0:00,1942,6/8/2010,1730,33999,705,2,5,7,1942,0,0,0,G,0,7A58,MELROSE AV,ALTA VISTA BL,129,W,N,A,-,N,,0,0,,,0,,,,N,3,0,1,2,A,-,17,22517,,N,H,G,A,A,H,-,A,A,0,,Y,,,Y,,-,-,0,1,0,0,0,0,1,0,0,-,-,0,0,1800,6,LOS ANGELES,LOS ANGELES,CA,-118.3478873,34.08350372,"MELROSE AVE & N ALTA VISTA BLVD, LOS ANGELES, CA, 90046",MELROSE AVE,N ALTA VISTA BLVD
-118.29701,34.08356094,52243,4781557,2010,6/13/2011 0:00,1942,6/8/2010,1600,37611,211,2,5,7,1942,0,0,0,,0,2TL28,KENMORE AV,MELROSE AV,0,,Y,A,-,N,,0,0,,,0,,,,N,3,0,1,2,A,-,9,21802,A,F,H,G,A,A,H,-,A,A,0,,Y,,,Y,,-,99,0,1,0,0,0,0,1,0,0,-,-,0,0,1800,6,LOS ANGELES,LOS ANGELES,CA,-118.29701,34.08356094,"N KENMORE AVE & MELROSE AVE, LOS ANGELES, CA, 90029",N KENMORE AVE,MELROSE AVE
-118.2757428,34.0711441,52244,4781561,2010,6/13/2011 0:00,1942,6/8/2010,1650,37611,235,2,5,7,1942,0,0,0,,0,2TL28,RAMPART BL,COUNCIL ST,83,N,N,A,-,N,,0,0,,,0,,,,N,4,0,1,2,A,-,17,22517,,M,H,G,A,A,H,-,A,D,0,,Y,,,Y,,A,1,0,0,1,0,0,0,1,0,0,-,-,0,0,1800,6,LOS ANGELES,LOS ANGELES,CA,-118.2757428,34.0711441,"N RAMPART BLVD & COUNCIL ST, LOS ANGELES, CA, 90026",N RAMPART BLVD,COUNCIL ST
-118.3009385,34.05588532,52565,4788712,2010,6/13/2011 0:00,1942,6/8/2010,1230,36602,2044,2,5,7,1942,0,0,0,,0,7T23,JAMES M WOOD BL,IROLO ST,8,W,N,A,-,N,,0,0,,,0,,,,N,4,0,1,2,A,-,5,21650,1,F,D,G,A,A,H,-,A,A,0,,Y,,,Y,,L,4,0,0,1,0,0,0,1,0,0,-,-,0,0,1500,6,LOS ANGELES,LOS ANGELES,CA,-118.3009385,34.05588531,"JAMES M WOOD BLVD & IROLO ST, LOS ANGELES, CA, 90006",JAMES M WOOD BLVD,IROLO ST
-118.26302,34.01890183,52678,4799425,2010,6/8/2011 0:00,1942,6/8/2010,815,39359,1333,2,5,7,1942,0,0,0,M,0,13TL53,29TH ST,SAN PEDRO ST,0,,Y,A,B,N,,0,0,,,0,,,,N,4,0,1,2,A,-,5,21650,1,N,D,G,A,A,A,-,A,A,0,,Y,,,Y,,L,4,0,0,1,0,0,0,1,0,0,-,-,0,0,900,6,LOS ANGELES,LOS ANGELES,CA,-118.26302,34.01890182,"E 29TH ST & S SAN PEDRO ST, LOS ANGELES, CA, 90011",E 29TH ST,S SAN PEDRO ST
-118.2827427,34.004982,57338,4852013,2010,8/22/2011 0:00,1942,6/8/2010,1150,36752,398,2,5,7,1942,0,0,0,C,0,3TL3,FIGUEROA ST,43RD PL,145,N,N,B,-,N,,0,0,,,0,,,,N,3,0,1,2,A,-,5,21650,,N,D,G,A,A,H,-,A,A,0,,Y,,,Y,,L,4,0,1,0,0,0,0,1,0,0,-,-,0,0,1200,6,LOS ANGELES,LOS ANGELES,CA,-118.2827427,34.00498199,"S FIGUEROA ST & W 43RD PL, LOS ANGELES, CA, 90037",S FIGUEROA ST,W 43RD PL
-118.4836722,34.18717194,49018,4737446,2010,5/26/2011 0:00,1942,6/9/2010,1930,37072,1049,3,5,7,1942,0,0,0,J,0,10A21,WOODLEY AV,VICTORY BL,200,N,N,A,-,N,,0,0,,,0,,,,N,4,0,1,2,A,-,9,21804,,N,G,G,A,A,H,-,A,D,0,,Y,,,Y,,A,,0,0,1,0,0,0,1,0,0,-,-,0,0,2100,6,LOS ANGELES,LOS ANGELES,CA,-118.4836722,34.18717194,"WOODLEY AVE & VICTORY BLVD, LOS ANGELES, CA, 91406",WOODLEY AVE,VICTORY BLVD
-118.6234424,34.20825577,49362,4739223,2010,5/24/2011 0:00,1942,6/9/2010,1930,38413,2133,3,5,7,1942,0,0,0,,0,21T63,SATICOY ST,FALLBROOK AV,6,E,N,A,-,N,,0,0,,,0,,,,N,3,0,1,2,A,-,5,21650,1,N,B,C,A,A,H,-,B,A,0,,Y,,,Y,,L,4,0,1,0,0,0,0,1,0,0,-,-,0,0,2100,6,LOS ANGELES,LOS ANGELES,CA,-118.6234424,34.20825577,"SATICOY ST & FALLBROOK AVE, LOS ANGELES, CA, 91304",SATICOY ST,FALLBROOK AVE
-118.3654536,34.0707,51370,4767882,2010,6/24/2011 0:00,1942,6/9/2010,1820,39302,723,3,5,7,1942,0,0,0,G,0,7L90,CRESCENT HEIGHTS BL,4TH ST,165,N,N,A,-,N,,0,0,,,0,,,,N,2,0,1,2,A,-,8,22100,A,N,-,G,A,A,H,-,A,D,0,,Y,,,Y,,A,7,1,0,0,0,0,0,1,0,0,-,-,0,0,2100,6,LOS ANGELES,LOS ANGELES,CA,-118.3654536,34.0707,"S CRESCENT HEIGHTS BLVD & W 4TH ST, LOS ANGELES, CA, 90048",S CRESCENT HEIGHTS BLVD,W 4TH ST
-118.4647154,34.05283737,51422,4767943,2010,5/31/2011 0:00,1942,6/9/2010,815,30452,832,3,5,7,1942,0,0,0,H,0,14TL47,BARRINGTON AV,DARLINGTON AV,172,N,N,B,-,N,,0,0,,,0,,,,N,4,0,1,2,B,-,22,0,,N,H,G,A,A,H,-,A,D,0,,Y,,,Y,,L,4,0,0,1,0,0,0,1,0,0,-,-,0,0,900,6,LOS ANGELES,LOS ANGELES,CA,-118.4647154,34.05283737,"S BARRINGTON AVE & DARLINGTON AVE, LOS ANGELES, CA, 90049",S BARRINGTON AVE,DARLINGTON AVE