X,Y,FID,CASE_ID,ACCIDENT_YEAR,PROCDATE,JURIS,COLLISION_DATE,COLLISION_TIME,OFFICER_ID,REPORTING_DISTRICT,DAY_OF_WEEK,SHIFT,POPULATION,CNTY_CITY_LOC,SPECIAL_COND,BEAT_TYPE,CHP_BEAT_TYPE,CITY_DIVISION_LAPD,CHP_BEAT_CLASS,BEATNUMB,PRIMARY_RD,SECONDARY_RD,DISTANCE,DIRECTION,INTERSECTION,WEATHER_1,WEATHER_2,STATE_HWY_IND,CALTRANS_COUNTY,CALTRANS_DISTRICT,STATE_ROUTE,ROUTE_SUFFIX,POSTMILE_PREFIX,POSTMILE,LOCATION_TYPE,RAMP_INTERSECTION,SIDE_OF_HWY,TOW_AWAY,COLLISION_SEVERITY,NUMBER_KILLED,NUMBER_INJURED,PARTY_COUNT,PRIMARY_COLL_FACTOR,PCF_CODE_VIOL,PCF_VIOL_CATEGORY,PCF_VIOLATION,PCF_VIOL_SUBSECTION,HIT_AND_RUN,TYPE_OF_COLLISION,MVIW,PED_ACTION,ROAD_SURFACE,ROAD_COND_1,ROAD_COND_2,LIGHTING,CONTROL_DEVICE,CHP_ROAD_TYPE,PEDESTRIAN_ACCIDENT,BICYCLE_ACCIDENT,MOTORCYCLE_ACCIDENT,TRUCK_ACCIDENT,NOT_PRIVATE_PROPERTY,ALCOHOL_INVOLVED,STWD_VEHTYPE_AT_FAULT,CHP_VEHTYPE_AT_FAULT,COUNT_SEVERE_INJ,COUNT_VISIBLE_INJ,COUNT_COMPLAIN_PAIN,COUNT_PED_KILLED,COUNT_PED_INJURED,COUNT_BICYCLIST_KILLED,COUNT_BICYCLIST_INJURED,COUNT_MC_KILLED,COUNT_MC_INJURED,PRIMARY_RAMP,SECONDARY_RAMP,LATITUDE,LONGITUDE,TIMECAT,MONTH_,CITY,COUNTY,STATE,POINT_X,POINT_Y,Match_addr,m_primaryrd,m_secondrd
-118.2488432,34.04213715,69095,5007012,2010,6/24/2011 0:00,1942,6/26/2010,855,36238,176,6,5,7,1942,0,0,0,A,0,1TL11,7TH ST,WALL ST,110,W,N,A,-,N,,0,0,,,0,,,,N,4,0,1,2,A,-,9,21804,A,F,D,G,A,A,H,-,A,D,0,,Y,,,Y,,-,99,0,0,1,0,0,0,1,0,0,-,-,0,0,900,6,LOS ANGELES,LOS ANGELES,CA,-118.2488432,34.04213715,"E 7TH ST & WALL ST, LOS ANGELES, CA, 90014",E 7TH ST,WALL ST
-118.37031,34.17940903,52461,4787040,2010,6/13/2011 0:00,1942,6/27/2010,1150,33779,1538,7,5,7,1942,0,0,0,O,0,19TL73,VINELAND AV,OXNARD ST,0,,Y,A,-,N,,0,0,,,0,,,,Y,3,0,1,2,A,-,8,22107,,F,D,G,A,A,H,-,A,A,0,,Y,,,Y,,-,99,0,1,0,0,0,0,1,0,0,-,-,0,0,1200,6,LOS ANGELES,LOS ANGELES,CA,-118.37031,34.17940903,"VINELAND AVE & OXNARD ST, LOS ANGELES, CA, 91601",VINELAND AVE,OXNARD ST
-118.29053,34.08359146,53069,4805184,2010,6/21/2011 0:00,1942,6/27/2010,340,39854,212,7,5,7,1942,0,0,0,B,0,2A42,MELROSE AV,JUANITA AV,0,,-,A,-,N,,0,0,,,0,,,,N,4,0,1,2,A,-,9,21801,A,F,G,G,A,A,-,-,C,D,0,,Y,,,Y,,-,-,0,0,1,0,0,0,1,0,0,-,-,0,0,600,6,LOS ANGELES,LOS ANGELES,CA,-118.29053,34.08359146,"MELROSE AVE & N JUANITA AVE, LOS ANGELES, CA, 90029",MELROSE AVE,N JUANITA AVE
0,0,53210,4806939,2010,6/22/2011 0:00,1942,6/27/2010,1430,38439,667,7,5,7,1942,0,0,0,F,0,6A45,BRONSON AV,SANTA MONICA BL,1,E,N,A,-,N,,0,0,,,0,,,,N,4,0,1,2,A,-,5,21650,1,N,B,G,A,A,H,-,A,A,0,,Y,,,Y,,L,4,0,0,1,0,0,0,1,0,0,-,-,0,0,1500,6,LOS ANGELES,LOS ANGELES,CA,0,0,,,
-118.29838,34.09083176,53651,4810909,2010,6/20/2011 0:00,1942,6/27/2010,2100,39854,201,7,5,7,1942,0,0,0,B,0,2AS6,SANTA MONICA,ALEXANDRIA,0,,Y,A,-,N,,0,0,,,0,,,,N,4,0,1,2,A,-,8,22107,,N,G,G,A,A,H,-,C,A,0,,Y,,,Y,,A,1,0,0,1,0,0,0,1,0,0,-,-,0,0,2400,6,LOS ANGELES,LOS ANGELES,CA,-118.29838,34.09083176,"SANTA MONICA BLVD & N ALEXANDRIA AVE, LOS ANGELES",SANTA MONICA BLVD,N ALEXANDRIA AVE
-118.2959221,34.02748489,63683,4935184,2010,6/15/2011 0:00,1942,6/27/2010,1750,38633,337,7,5,7,1942,0,0,0,C,0,12T73,BUDLONG AV,30TH ST,62,N,N,A,-,N,,0,0,,,0,,,,N,3,0,1,2,A,-,9,21804,A,N,D,G,A,A,H,-,A,A,0,,Y,,,Y,,L,4,0,1,0,0,0,0,1,0,0,-,-,0,0,1800,6,LOS ANGELES,LOS ANGELES,CA,-118.2959221,34.02748489,"S BUDLONG AVE & W 30TH ST, LOS ANGELES, CA, 90007",S BUDLONG AVE,W 30TH ST
-118.32478,34.0296402,63684,4935188,2010,6/22/2011 0:00,1942,6/27/2010,1830,25252,335,7,5,7,1942,0,0,0,C,0,3MQ57,MONTCLAIR AV,7TH AV,0,,Y,A,-,N,,0,0,,,0,,,,N,3,0,1,2,A,-,3,22350,,F,D,G,A,A,H,-,A,A,0,,Y,,,Y,,-,-,0,1,0,0,0,0,1,0,0,-,-,0,0,2100,6,LOS ANGELES,LOS ANGELES,CA,-118.32478,34.0296402,"MONTCLAIR ST & 7TH AVE, LOS ANGELES, CA, 90018",MONTCLAIR ST,7TH AVE
-118.53601,34.17235184,51541,4768205,2010,6/1/2011 0:00,1942,6/28/2010,1725,33482,1063,1,5,7,1942,0,0,0,J,0,10SL39,BURBANK,RESEDA,0,,Y,A,-,N,,0,0,,,0,,,,N,3,0,1,2,A,-,5,21650,1,N,D,G,A,A,H,-,A,A,0,,Y,,,Y,,L,4,0,1,0,0,0,0,1,0,0,-,-,0,0,1800,6,LOS ANGELES,LOS ANGELES,CA,-118.53601,34.17235184,"BURBANK BLVD & RESEDA BLVD, LOS ANGELES, CA, 91356",BURBANK BLVD,RESEDA BLVD
-118.30893,34.0018883,54708,4821751,2010,6/22/2011 0:00,1942,6/28/2010,1515,38817,1203,1,5,7,1942,0,0,0,L,0,12TL45,46TH ST,WESTERN,0,,Y,A,-,N,,0,0,,,0,,,,N,3,0,1,2,A,-,10,21950,A,F,G,G,A,A,H,-,A,A,0,,Y,,,Y,,-,99,0,1,0,0,0,0,1,0,0,-,-,0,0,1800,6,LOS ANGELES,LOS ANGELES,CA,-118.30893,34.0018883,"W 46TH ST & S WESTERN AVE, LOS ANGELES, CA, 90062",W 46TH ST,S WESTERN AVE
-118.33635,34.02556992,63929,4939895,2010,6/15/2011 0:00,1942,6/28/2010,510,39589,RD333,1,5,7,1942,0,0,0,,0,3A15,VICTORIA AV,JEFFERSON BL,0,,Y,A,-,N,,0,0,,,0,,,,N,3,0,1,2,A,-,8,22100,A,F,G,G,A,A,H,-,B,D,0,,Y,,,Y,,-,-,0,1,0,0,0,0,1,0,0,-,-,0,0,600,6,LOS ANGELES,LOS ANGELES,CA,-118.33635,34.02556992,"S VICTORIA AVE & W JEFFERSON BLVD, LOS ANGELES, CA, 90016",S VICTORIA AVE,W JEFFERSON BLVD
-118.2650153,34.01107407,69415,5010854,2010,6/24/2011 0:00,1942,6/28/2010,1735,39062,1343,1,5,7,1942,0,0,0,M,0,13TL22,MARTIN LUTHER KING JR BL,AVALON BL,78,E,N,A,-,N,,0,0,,,0,,,,N,3,0,1,2,A,-,9,21801,A,F,D,G,A,A,H,-,A,D,0,,Y,,,Y,,-,99,0,1,0,0,0,0,1,0,0,-,-,0,0,1800,6,LOS ANGELES,LOS ANGELES,CA,-118.2650153,34.01107407,"E MARTIN LUTHER KING JR BLVD & AVALON BLVD, LOS ANGELES, CA, 90011",E MARTIN LUTHER KING JR BLVD,AVALON BLVD
-118.4744254,34.15512085,49739,4750886,2010,6/22/2011 0:00,1942,6/29/2010,1020,37856,1089,2,5,7,1942,0,0,0,J,0,,VENTURA BL,HASKELL AV,150,E,N,A,-,N,,0,0,,,0,,,,N,3,0,1,2,D,-,0,0,,F,B,G,A,A,H,-,A,D,0,,Y,,,Y,,-,-,0,1,0,0,0,0,1,0,0,-,-,0,0,1200,6,LOS ANGELES,LOS ANGELES,CA,-118.4744254,34.15512085,"VENTURA BLVD & HASKELL AVE, LOS ANGELES, CA, 91436",VENTURA BLVD,HASKELL AVE
-118.4727386,34.22138857,51762,4771792,2010,9/15/2011 0:00,1942,6/29/2010,1845,39096,1981,2,5,7,1942,0,0,0,,0,19T75,ROSCOE BL,RT 405,0,,Y,A,-,Y,LA,7,405,-,-,43.925,R,3,N,N,3,0,1,2,A,-,5,21650,1,F,D,G,A,A,H,-,A,A,0,,Y,,,Y,,L,4,0,1,0,0,0,0,1,0,0,-,NO,0,0,2100,6,LOS ANGELES,LOS ANGELES,CA,-118.4727386,34.22138857,405/NB ON ROSCOE BLVD,405/NB ON ROSCOE BLVD,
0,0,53207,4806934,2010,6/22/2011 0:00,1942,6/29/2010,1510,37770,68,2,5,7,1942,0,0,0,,0,7TL72,VIRGINIA AV,WESTERN AV,13,E,N,A,-,N,,0,0,,,0,,,,N,3,0,1,2,A,-,9,21804,A,N,D,G,A,A,H,-,A,D,0,,Y,,,Y,,L,4,0,1,0,0,0,0,1,0,0,-,-,0,0,1800,6,LOS ANGELES,LOS ANGELES,CA,0,0,,,
-118.2118962,34.04037857,53821,4811554,2010,6/27/2011 0:00,1942,6/29/2010,1815,33977,442,2,5,7,1942,0,0,0,D,0,11TL32,SOTO ST,4TH ST,80,S,N,A,-,N,,0,0,,,0,,,,N,3,0,1,2,A,-,7,21658,A,F,B,G,A,A,H,-,A,D,0,,Y,,,Y,,-,99,0,1,0,0,0,0,1,0,0,-,-,0,0,2100,6,LOS ANGELES,LOS ANGELES,CA,-118.2118962,34.04037857,"S SOTO ST & E 4TH ST, LOS ANGELES, CA, 90033",S SOTO ST,E 4TH ST
-118.2060403,34.09915543,53822,4811555,2010,6/28/2011 0:00,1942,6/29/2010,850,38383,1148,2,5,7,1942,0,0,0,K,0,11TL21,CRANE BL,MUSEUM DR,40,E,N,A,-,N,,0,0,,,0,,,,N,4,0,1,2,A,-,3,22350,,N,C,G,A,A,H,-,A,D,0,,Y,,,Y,,L,4,0,0,1,0,0,0,1,0,0,-,-,0,0,900,6,LOS ANGELES,LOS ANGELES,CA,-118.2060403,34.09915543,"CRANE BLVD & MUSEUM DR, LOS ANGELES, CA, 90065",CRANE BLVD,MUSEUM DR
-118.30895,33.9932518,57807,4857275,2010,5/26/2011 0:00,1942,6/29/2010,1015,26101,1213,2,5,7,1942,0,0,0,L,0,18T23,WESTERN AV,54TH ST,0,,Y,B,-,N,,0,0,,,0,,,,N,4,0,1,2,A,-,12,21453,A,F,D,G,A,A,H,-,A,A,0,,Y,,,Y,,-,-,0,0,1,0,0,0,1,0,0,-,-,0,0,1200,6,LOS ANGELES,LOS ANGELES,CA,-118.30895,33.9932518,"S WESTERN AVE & W 54TH ST, LOS ANGELES, CA, 90062",S WESTERN AVE,W 54TH ST
-118.4676622,34.2282753,51560,4768256,2010,6/6/2011 0:00,1942,6/30/2010,2150,39003,1983,3,5,7,1942,0,0,0,,0,15T45,SEPULVEDA BL,PARTHENIA ST,4,N,N,A,-,N,,0,0,,,0,,,,N,3,0,1,2,A,-,5,21650,,N,H,G,A,A,H,-,C,A,0,,Y,,,Y,,L,4,0,1,0,0,0,0,1,0,0,-,-,0,0,2400,6,LOS ANGELES,LOS ANGELES,CA,-118.4676622,34.2282753,"SEPULVEDA BLVD & PARTHENIA ST, LOS ANGELES, CA, 91343",SEPULVEDA BLVD,PARTHENIA ST
-118.5622392,34.19744492,53414,4808881,2010,6/27/2011 0:00,1942,6/30/2010,2030,38314,2149,3,5,7,1942,0,0,0,,0,17T15,HART ST,CORBIN AV,10,E,N,A,-,N,,0,0,,,0,,,,N,2,0,1,2,A,-,9,21804,B,N,-,G,A,A,H,-,C,A,0,,Y,,,Y,,L,4,1,0,0,0,0,0,1,0,0,-,-,0,0,2100,6,LOS ANGELES,LOS ANGELES,CA,-118.5622392,34.19744492,"HART ST & CORBIN AVE, LOS ANGELES, CA, 91306",HART ST,CORBIN AVE
-118.2247719,34.12217712,53815,4811540,2010,7/5/2011 0:00,1942,6/30/2010,2130,38335,1136,3,5,7,1942,0,0,0,K,0,DESK,EAGLE ROCK BL,EL PASO DR,125,S,N,A,-,N,,0,0,,,0,,,,N,3,0,1,2,A,-,17,22517,,F,H,G,A,A,H,-,C,D,0,,Y,,,Y,,-,99,0,1,0,0,0,0,1,0,0,-,-,0,0,2400,6,LOS ANGELES,LOS ANGELES,CA,-118.2247719,34.12217712,"EAGLE ROCK BLVD & EL PASO DR, LOS ANGELES, CA, 90065",EAGLE ROCK BLVD,EL PASO DR
0,0,53834,4811589,2010,6/27/2011 0:00,1942,6/30/2010,1350,38866,1367,3,5,7,1942,0,0,0,M,0,13A75,E VERNON AV,E VERNON AV 1764,0,,-,A,-,N,,0,0,,,0,,,,N,3,0,1,2,A,-,8,22107,,N,D,G,A,A,H,-,A,D,0,,Y,,,Y,,A,1,0,1,0,0,0,0,1,0,0,-,-,0,0,1500,6,LOS ANGELES,LOS ANGELES,CA,0,0,,,
-118.29164,34.0567894,54396,4819185,2010,6/27/2011 0:00,1942,6/30/2010,730,37715,2049,3,5,7,1942,0,0,0,,0,7TL23,FRANCIS AV,VERMONT AV,0,,Y,B,-,N,,0,0,,,0,,,,N,4,0,1,2,A,-,5,21650,1,N,D,G,A,A,H,-,A,A,0,,Y,,,Y,,L,4,0,0,1,0,0,0,1,0,0,-,-,0,0,900,6,LOS ANGELES,LOS ANGELES,CA,-118.29164,34.0567894,"FRANCIS AVE & S VERMONT AVE, LOS ANGELES, CA, 90005",FRANCIS AVE,S VERMONT AVE
-118.2643347,34.0774574,58062,4858468,2010,5/25/2011 0:00,1942,6/30/2010,1415,37611,216,3,5,7,1942,0,0,0,B,0,1TL24,SUNSET BL,ALVARADO ST,262,W,N,A,-,N,,0,0,,,0,,,,N,3,0,1,2,A,-,17,22517,,N,E,G,A,A,H,-,A,D,0,,Y,,,Y,,A,7,0,1,0,0,0,0,1,0,0,-,-,0,0,1500,6,LOS ANGELES,LOS ANGELES,CA,-118.2643347,34.0774574,"W SUNSET BLVD & SR 2, LOS ANGELES, CA",W SUNSET BLVD,SR 2
-118.6434414,34.18663406,49715,4750660,2010,7/1/2011 0:00,1942,7/1/2010,1330,33779,2141,4,5,7,1942,0,0,0,,0,19TL73,VICTORY BL,PLATT AV,200,W,N,A,-,N,,0,0,,,0,,,,N,3,0,1,2,A,-,9,21804,A,N,-,G,A,A,H,-,A,A,0,,Y,,,Y,,A,7,0,1,0,0,0,0,1,0,0,-,-,0,0,1500,7,LOS ANGELES,LOS ANGELES,CA,-118.6434414,34.18663406,"VICTORY BLVD & PLATT AVE, LOS ANGELES, CA, 91367",VICTORY BLVD,PLATT AVE
-118.5360126,34.17216492,49721,4750696,2010,7/1/2011 0:00,1942,7/1/2010,1655,37737,1063,4,5,7,1942,0,0,0,J,0,21TL66,RESEDA BL,BURBANK BL,70,S,N,A,-,N,,0,0,,,0,,,,N,3,0,1,2,A,-,5,21651,A,N,-,G,A,A,H,-,A,D,0,,Y,,,Y,,A,1,0,1,0,0,0,0,1,0,0,-,-,0,0,1800,7,LOS ANGELES,LOS ANGELES,CA,-118.5360126,34.17216492,"RESEDA BLVD & BURBANK BLVD, LOS ANGELES, CA, 91356",RESEDA BLVD,BURBANK BLVD
-118.34414,34.09796143,52002,4779606,2010,7/14/2011 0:00,1942,7/1/2010,650,39804,645,4,5,7,1942,0,0,0,F,0,6T7,LA BREA AV,SUNSET BL,0,,Y,A,-,N,,0,0,,,0,,,,N,2,0,1,2,A,-,5,21650,1,N,D,G,A,A,H,-,A,A,0,,Y,,Y,Y,,L,4,1,0,0,0,0,0,1,0,0,-,-,0,0,900,7,LOS ANGELES,LOS ANGELES,CA,-118.34414,34.09796143,"N LA BREA AVE & W SUNSET BLVD, LOS ANGELES, CA, 90028",N LA BREA AVE,W SUNSET BLVD
-118.5385822,34.18658447,53492,4809562,2010,7/11/2011 0:00,1942,7/1/2010,1850,39701,1033,4,5,7,1942,0,0,0,J,0,10T37,AMIGO AV,VICTORY BL,3,N,N,A,-,N,,0,0,,,0,,,,Y,4,0,1,2,A,-,9,21804,,N,D,G,A,A,H,-,A,D,0,,Y,,,Y,,L,4,0,0,1,0,0,0,1,0,0,-,-,0,0,2100,7,LOS ANGELES,LOS ANGELES,CA,-118.5385822,34.18658447,"AMIGO AVE & VICTORY BLVD, LOS ANGELES, CA, 91335",AMIGO AVE,VICTORY BLVD
-118.3745858,34.17214584,53494,4809570,2010,7/11/2011 0:00,1942,7/1/2010,20,39281,1549,4,5,7,1942,0,0,0,O,0,15T43,BURBANK BL,FAIR AV,8,E,N,A,-,N,,0,0,,,0,,,,N,3,0,1,1,A,-,3,22350,,N,A,I,A,A,H,-,A,D,0,,Y,,,Y,,L,4,0,1,0,0,0,0,1,0,0,-,-,0,0,300,7,LOS ANGELES,LOS ANGELES,CA,-118.3745858,34.17214584,"BURBANK BLVD & FAIR AVE, LOS ANGELES, CA, 91601",BURBANK BLVD,FAIR AVE
-118.1958572,34.0574913,53580,4810646,2010,7/22/2011 0:00,1942,7/1/2010,2300,36277,448,4,5,7,1942,0,0,0,D,0,4A15,LANCASTER AV,MURCHISON ST,310,E,N,A,-,N,,0,0,,,0,,,,N,3,0,1,2,A,-,9,21804,A,N,D,G,A,A,H,-,C,D,0,,Y,,,Y,,L,4,0,1,0,0,0,0,1,0,0,-,-,0,0,2400,7,LOS ANGELES,LOS ANGELES,CA,-118.1958572,34.0574913,"LANCASTER AVE & MURCHISON ST, LOS ANGELES, CA, 90033",LANCASTER AVE,MURCHISON ST
-118.2115334,34.04842758,53586,4810658,2010,7/22/2011 0:00,1942,7/1/2010,1850,25732,463,4,5,7,1942,0,0,0,D,0,1942,E ST LOUIS ST,S CESAR CHAVEZ AV,5,N,-,A,-,N,,0,0,,,0,,,,N,4,0,1,2,B,-,22,0,,N,B,G,A,A,H,-,A,D,0,,Y,,,Y,,L,4,0,0,1,0,0,0,1,0,0,-,-,0,0,2100,7,LOS ANGELES,LOS ANGELES,CA,-118.2115334,34.04842758,"N SAINT LOUIS ST & E CESAR E CHAVEZ AVE, LOS ANGELES, CA, 90033",N SAINT LOUIS ST,E CESAR E CHAVEZ AVE
-118.328445,34.04469681,54106,4815672,2010,7/14/2011 0:00,1942,7/1/2010,1115,30947,766,4,5,7,1942,0,0,0,G,0,8TL28,CRENSHAW BL,VENICE BL,5,N,N,A,-,N,,0,0,,,0,,,,Y,3,0,1,2,A,-,-,0,,N,D,G,A,A,H,-,A,A,0,,Y,,,Y,,L,4,0,1,0,0,0,0,1,0,0,-,-,0,0,1200,7,LOS ANGELES,LOS ANGELES,CA,-118.328445,34.04469681,"CRENSHAW BLVD & VENICE BLVD, LOS ANGELES, CA, 90019",CRENSHAW BLVD,VENICE BLVD
-118.4707139,33.98746491,54277,4817024,2010,7/12/2011 0:00,1942,7/1/2010,1330,38158,1942,4,5,7,1942,0,0,0,,0,14A31,MAIN ST,VENICE WY,60,N,-,A,-,N,,0,0,,,0,,,,N,3,0,1,2,A,-,17,22517,,N,E,G,A,A,H,-,A,D,0,,Y,,,Y,,A,1,0,1,0,0,0,0,1,0,0,-,-,0,0,1500,7,LOS ANGELES,LOS ANGELES,CA,-118.4707139,33.9874649,"MAIN ST & VENICE WAY, LOS ANGELES, CA, 90291",MAIN ST,VENICE WAY
-118.2915752,34.01816559,57275,4851777,2010,8/4/2011 0:00,1942,7/1/2010,1245,38876,378,4,5,7,1942,0,0,0,C,0,3A41,EXPOSITION BL,VERMONT AV,7,W,N,A,-,N,,0,0,,,0,,,,N,3,0,1,2,A,-,11,21953,,N,D,G,A,A,D,-,A,A,0,,Y,,,Y,,L,4,0,1,0,0,0,0,1,0,0,-,-,0,0,1500,7,LOS ANGELES,LOS ANGELES,CA,-118.2915752,34.01816559,"EXPOSITION BLVD & S VERMONT AVE, LOS ANGELES, CA, 90007",EXPOSITION BLVD,S VERMONT AVE
-118.27619,33.9382782,63749,4935895,2010,8/10/2011 0:00,1942,7/1/2010,1325,30128,1832,4,5,7,1942,0,0,0,R,0,18T23,108TH ST,SPRING ST,0,,N,A,-,N,,0,0,,,0,,,,N,3,0,1,2,A,-,-,0,,N,C,E,A,A,H,-,A,D,0,,Y,,,Y,,L,4,0,1,0,0,0,0,1,0,0,-,-,0,0,1500,7,LOS ANGELES,LOS ANGELES,CA,-118.27619,33.9382782,"W 108TH ST & S SPRING ST, LOS ANGELES, CA, 90061",W 108TH ST,S SPRING ST
-118.5216729,34.19385529,52749,4799953,2010,8/1/2011 0:00,1942,7/2/2010,2240,37304,1025,5,5,7,1942,0,0,0,J,0,19T23,VANOWEN ST,YARMOUTH AV,600,W,N,A,-,N,,0,0,,,0,,,,N,3,0,1,2,A,-,5,21650,,F,A,G,A,A,H,-,D,D,0,,Y,,,Y,Y,-,99,0,1,0,0,0,0,1,0,0,-,-,0,0,2400,7,LOS ANGELES,LOS ANGELES,CA,-118.5216729,34.19385529,"VANOWEN ST & YARMOUTH AVE, LOS ANGELES, CA, 91335",VANOWEN ST,YARMOUTH AVE
-118.27569,34.09716034,53610,4810719,2010,7/27/2011 0:00,1942,7/2/2010,1500,35444,1143,5,5,7,1942,0,0,0,K,0,,HYPERION AV,DELONGPRE AV,0,,Y,A,-,N,,0,0,,,0,,,,N,3,0,1,2,A,-,8,22107,,N,D,G,A,A,H,-,A,D,0,,Y,,,Y,,-,-,0,1,0,0,0,0,1,0,0,-,-,0,0,1800,7,LOS ANGELES,LOS ANGELES,CA,-118.27569,34.09716034,"HYPERION AVE & DE LONGPRE AVE, LOS ANGELES, CA, 90027",HYPERION AVE,DE LONGPRE AVE
0,0,54017,4814206,2010,8/8/2011 0:00,1942,7/2/2010,1010,37146,1265,5,5,7,1942,0,0,0,L,0,12TL43,MANCHESTER AV,KANOW AV,75,E,N,A,-,N,,0,0,,,0,,,,N,3,0,1,2,A,-,9,21804,,N,D,C,A,A,H,-,A,D,0,,Y,,,Y,,A,1,0,1,0,0,0,0,1,0,0,-,-,0,0,1200,7,LOS ANGELES,LOS ANGELES,CA,0,0,,,
-118.35467,34.03654099,54079,4815608,2010,7/13/2011 0:00,1942,7/2/2010,2025,25495,784,5,5,7,1942,0,0,0,G,0,7TL23,BANGOR ST,REDONDO BL,0,,Y,A,-,N,,0,0,,,0,,,,Y,4,0,1,2,A,-,12,22450,A,N,D,G,A,A,H,-,C,A,0,,Y,,,Y,,L,4,0,0,1,0,0,0,1,0,0,-,-,0,0,2100,7,LOS ANGELES,LOS ANGELES,CA,-118.35467,34.03654099,"BANGOR ST & S REDONDO BLVD, LOS ANGELES, CA, 90016",BANGOR ST,S REDONDO BLVD
-118.36156,34.0324707,56636,4842673,2010,7/19/2011 0:00,1942,7/2/2010,945,40287,301,5,5,7,1942,0,0,0,,0,3A19,ADAMS BL,RIDGELEY DR,0,,Y,A,-,N,,0,0,,,0,,,,N,4,0,1,2,A,-,7,21658,A,N,G,G,A,A,H,-,A,D,0,,Y,,,Y,,L,4,0,0,1,0,0,0,1,0,0,-,-,0,0,1200,7,LOS ANGELES,LOS ANGELES,CA,-118.36156,34.0324707,"W ADAMS BLVD & S RIDGELEY DR, LOS ANGELES, CA, 90016",W ADAMS BLVD,S RIDGELEY DR
-118.30891,34.0164299,57266,4851765,2010,8/4/2011 0:00,1942,7/2/2010,1440,36607,376,5,5,7,1942,0,0,0,C,0,12TL41,38TH PL,WESTERN AV,0,,Y,A,-,N,,0,0,,,0,,,,N,4,0,1,2,A,-,9,21801,A,N,H,G,A,A,H,-,A,A,0,,Y,,,Y,,-,99,0,0,1,0,0,0,1,0,0,-,-,0,0,1500,7,LOS ANGELES,LOS ANGELES,CA,-118.30891,34.0164299,"W 38TH PL & S WESTERN AVE, LOS ANGELES, CA, 90062",W 38TH PL,S WESTERN AVE
-118.2786,33.93294907,60634,4895592,2010,8/9/2011 0:00,1942,7/2/2010,1000,36659,1842,5,5,7,1942,0,0,0,R,0,18T23,BROADWAY,112TH ST,0,,Y,A,-,N,,0,0,,,0,,,,N,3,0,1,2,A,-,8,22100,A,N,H,G,A,A,H,-,A,D,0,,Y,,,Y,Y,L,4,0,1,0,0,0,0,1,0,0,-,-,0,0,1200,7,LOS ANGELES,LOS ANGELES,CA,-118.2786,33.93294907,"S BROADWAY & W 112TH ST, LOS ANGELES, CA, 90061",S BROADWAY,W 112TH ST
-118.28903,34.01813889,63926,4939888,2010,8/25/2011 0:00,1942,7/2/2010,1400,38479,358,5,5,7,1942,0,0,0,,0,3T57,WATT WY,EXPOSITION BL,0,,Y,A,-,N,,0,0,,,0,,,,N,3,0,1,2,A,-,9,21804,A,N,D,G,A,A,H,-,A,A,0,,Y,,,Y,,A,1,0,1,0,0,0,0,1,0,0,-,-,0,0,1500,7,LOS ANGELES,LOS ANGELES,CA,-118.28903,34.01813889,"WATTS WAY & EXPOSITION BLVD, LOS ANGELES, CA, 90007",WATTS WAY,EXPOSITION BLVD
-118.2857584,33.73602676,64663,4948360,2010,8/9/2011 0:00,1942,7/2/2010,1300,36682,566,5,5,7,1942,0,0,0,E,0,5A24,9TH ST,MESA AV,8,W,Y,A,-,N,,0,0,,,0,,,,N,3,0,1,2,A,-,9,21804,A,N,D,-,A,A,H,-,A,-,0,,Y,,,Y,,-,-,0,1,0,0,0,0,1,0,0,-,-,0,0,1500,7,LOS ANGELES,LOS ANGELES,CA,-118.2857584,33.73602676,"W 9TH ST & S MESA ST, LOS ANGELES, CA, 90731",W 9TH ST,S MESA ST
-118.2775356,34.05535126,65650,4956721,2010,8/9/2011 0:00,1942,7/2/2010,635,35021,265,5,5,7,1942,0,0,0,B,0,2TL15W,ALVARADO ST,8TH ST,200,N,N,A,-,N,,0,0,,,0,,,,N,3,0,1,2,A,-,17,22517,,F,H,G,A,A,H,-,A,D,0,,Y,,,Y,,-,99,0,1,0,0,0,0,1,0,0,-,-,0,0,900,7,LOS ANGELES,LOS ANGELES,CA,-118.2775356,34.05535126,"S ALVARADO ST & W 8TH ST, LOS ANGELES, CA, 90057",S ALVARADO ST,W 8TH ST
-118.27399,34.00564957,70211,5023813,2010,8/5/2011 0:00,1942,7/2/2010,1720,34426,1354,5,5,7,1942,0,0,0,M,0,1TL24,MAIN ST,43RD ST,0,,Y,A,-,N,,0,0,,,0,,,,N,4,0,1,2,A,-,5,21650,1,N,D,G,A,A,H,-,A,A,0,,Y,,,Y,,L,4,0,0,1,0,0,0,1,0,0,-,-,0,0,1800,7,LOS ANGELES,LOS ANGELES,CA,-118.27399,34.00564957,"S MAIN ST & E 43RD ST, LOS ANGELES, CA, 90037",S MAIN ST,E 43RD ST
-118.3761072,34.1681099,49790,4751071,2010,8/4/2011 0:00,1942,7/4/2010,1430,34228,1549,7,5,7,1942,0,0,0,O,0,DESK,CHANDLER BL,LANKERSHIM BL,150,E,N,A,-,N,,0,0,,,0,,,,N,4,0,1,2,D,-,0,0,,N,H,G,A,A,H,-,A,-,0,,Y,,,Y,,-,-,0,0,1,0,0,0,1,0,0,-,-,0,0,1500,7,LOS ANGELES,LOS ANGELES,CA,-118.3761072,34.1681099,"CHANDLER BLVD & LANKERSHIM BLVD, LOS ANGELES, CA",CHANDLER BLVD,LANKERSHIM BLVD