X,Y,FID,CASE_ID,ACCIDENT_YEAR,PROCDATE,JURIS,COLLISION_DATE,COLLISION_TIME,OFFICER_ID,REPORTING_DISTRICT,DAY_OF_WEEK,SHIFT,POPULATION,CNTY_CITY_LOC,SPECIAL_COND,BEAT_TYPE,CHP_BEAT_TYPE,CITY_DIVISION_LAPD,CHP_BEAT_CLASS,BEATNUMB,PRIMARY_RD,SECONDARY_RD,DISTANCE,DIRECTION,INTERSECTION,WEATHER_1,WEATHER_2,STATE_HWY_IND,CALTRANS_COUNTY,CALTRANS_DISTRICT,STATE_ROUTE,ROUTE_SUFFIX,POSTMILE_PREFIX,POSTMILE,LOCATION_TYPE,RAMP_INTERSECTION,SIDE_OF_HWY,TOW_AWAY,COLLISION_SEVERITY,NUMBER_KILLED,NUMBER_INJURED,PARTY_COUNT,PRIMARY_COLL_FACTOR,PCF_CODE_VIOL,PCF_VIOL_CATEGORY,PCF_VIOLATION,PCF_VIOL_SUBSECTION,HIT_AND_RUN,TYPE_OF_COLLISION,MVIW,PED_ACTION,ROAD_SURFACE,ROAD_COND_1,ROAD_COND_2,LIGHTING,CONTROL_DEVICE,CHP_ROAD_TYPE,PEDESTRIAN_ACCIDENT,BICYCLE_ACCIDENT,MOTORCYCLE_ACCIDENT,TRUCK_ACCIDENT,NOT_PRIVATE_PROPERTY,ALCOHOL_INVOLVED,STWD_VEHTYPE_AT_FAULT,CHP_VEHTYPE_AT_FAULT,COUNT_SEVERE_INJ,COUNT_VISIBLE_INJ,COUNT_COMPLAIN_PAIN,COUNT_PED_KILLED,COUNT_PED_INJURED,COUNT_BICYCLIST_KILLED,COUNT_BICYCLIST_INJURED,COUNT_MC_KILLED,COUNT_MC_INJURED,PRIMARY_RAMP,SECONDARY_RAMP,LATITUDE,LONGITUDE,TIMECAT,MONTH_,CITY,COUNTY,STATE,POINT_X,POINT_Y,Match_addr,m_primaryrd,m_secondrd
-118.4676695,34.22140503,61316,4910772,2010,9/21/2011 0:00,1942,9/22/2010,2145,39627,1983,3,5,7,1942,0,0,0,,0,19Z133,ROSCOE BL,SEPULVEDA BL,22,E,N,A,-,N,,0,0,,,0,,,,N,4,0,1,2,B,-,22,0,,N,B,G,A,A,H,-,B,A,0,,Y,,,Y,Y,L,4,0,0,1,0,0,0,1,0,0,-,-,0,0,2400,9,LOS ANGELES,LOS ANGELES,CA,-118.4676695,34.22140503,"ROSCOE BLVD & SEPULVEDA BLVD, LOS ANGELES, CA, 91402",ROSCOE BLVD,SEPULVEDA BLVD
-118.317963,34.09378433,60761,4899463,2010,9/21/2011 0:00,1942,9/23/2010,1920,26874,667,4,5,7,1942,0,0,0,F,0,8T35,BRONSON AV,LA MIRADA AV,15,N,N,A,-,N,,0,0,,,0,,,,N,4,0,1,2,A,-,5,21650,,N,H,G,A,A,H,-,C,D,0,,Y,,,Y,,-,-,0,0,1,0,0,0,1,0,0,-,-,0,0,2100,9,LOS ANGELES,LOS ANGELES,CA,-118.317963,34.09378433,"N BRONSON AVE & LA MIRADA AVE, LOS ANGELES, CA, 90038",N BRONSON AVE,LA MIRADA AVE
-118.3706421,34.17211914,61399,4913563,2010,10/17/2011 0:00,1942,9/23/2010,1745,35836,1538,4,5,7,1942,0,0,0,O,0,16TL22,BURBANK BL,VINELAND AV,100,W,N,A,-,N,,0,0,,,0,,,,N,3,0,1,2,A,-,9,21804,A,N,D,G,A,A,H,-,A,D,0,,Y,,,Y,,L,4,0,1,0,0,0,0,1,0,0,-,-,0,0,1800,9,LOS ANGELES,LOS ANGELES,CA,-118.3706421,34.17211914,"BURBANK BLVD & VINELAND AVE, LOS ANGELES, CA, 91601",BURBANK BLVD,VINELAND AVE
-118.3816916,34.17655945,61448,4913622,2010,10/17/2011 0:00,1942,9/23/2010,1645,38028,,4,5,7,1942,0,0,0,,0,,LANKERSHIM BL,EMELITA ST,35,S,N,A,-,N,,0,0,,,0,,,,N,4,0,1,2,A,-,9,21804,A,F,D,G,A,A,H,-,A,D,0,,Y,,,Y,,-,-,0,0,1,0,0,0,1,0,0,-,-,0,0,1800,9,LOS ANGELES,LOS ANGELES,CA,-118.3816916,34.17655945,"LANKERSHIM BLVD & EMELITA ST, LOS ANGELES, CA, 91601",LANKERSHIM BLVD,EMELITA ST
-118.2768,34.0694809,61781,4914316,2010,10/25/2011 0:00,1942,9/23/2010,710,37506,223,4,5,7,1942,0,0,0,B,0,2TL15,BEVERLY BL,RAMPART BL,0,,Y,A,-,N,,0,0,,,0,,,,N,4,0,1,2,A,-,8,22107,,N,B,G,A,A,H,-,A,A,0,,Y,,,Y,,L,4,0,0,1,0,0,0,1,0,0,-,-,0,0,900,9,LOS ANGELES,LOS ANGELES,CA,-118.2768,34.0694809,"BEVERLY BLVD & N RAMPART BLVD, LOS ANGELES, CA, 90057",BEVERLY BLVD,N RAMPART BLVD
-118.2679645,34.0608902,61818,4914765,2010,9/28/2011 0:00,1942,9/23/2010,1750,33977,247,4,5,7,1942,0,0,0,B,0,11T32,3RD ST,UNION AV,4,W,N,A,-,N,,0,0,,,0,,,,N,4,0,1,2,A,-,5,21202,A,N,B,G,A,A,H,-,A,D,0,,Y,,,Y,,L,4,0,0,1,0,0,0,1,0,0,-,-,0,0,1800,9,LOS ANGELES,LOS ANGELES,CA,-118.2679645,34.0608902,"W 3RD ST & S UNION AVE, LOS ANGELES, CA, 90017",W 3RD ST,S UNION AVE
-118.28271,34.00103,62912,4926870,2010,10/14/2011 0:00,1942,9/23/2010,1930,38522,1209,4,5,7,1942,0,0,0,L,0,12T73,47TH ST,FIGUEROA ST,0,,Y,A,-,N,,0,0,,,0,,,,N,4,0,1,2,A,-,12,22450,A,F,D,G,A,A,H,-,C,A,0,,Y,,,Y,,-,99,0,0,1,0,0,0,1,0,0,-,-,0,0,2100,9,LOS ANGELES,LOS ANGELES,CA,-118.28271,34.00103,"W 47TH ST & S FIGUEROA ST, LOS ANGELES, CA",W 47TH ST,S FIGUEROA ST
-118.26501,34.1110611,64419,4945759,2010,12/17/2011 0:00,1942,9/23/2010,850,38365,1132,4,5,7,1942,0,0,0,K,0,11TL21,GLENDALE BL,RIVERSIDE DR,0,,Y,A,-,N,,0,0,,,0,,,,Y,3,0,1,2,A,-,12,21453,A,N,D,G,A,A,H,-,A,A,0,,Y,,,Y,,-,-,0,1,0,0,0,0,1,0,0,-,-,0,0,900,9,LOS ANGELES,LOS ANGELES,CA,-118.26501,34.1110611,"GLENDALE BLVD & RIVERSIDE DR, LOS ANGELES, CA, 90039",GLENDALE BLVD,RIVERSIDE DR
-118.28272,34.03113937,68959,5006026,2010,9/22/2011 0:00,1942,9/23/2010,1530,39792,328,4,5,7,1942,0,0,0,,0,3A41,ADAMS BL,PORTLAND ST,0,,Y,A,-,N,,0,0,,,0,,,,N,3,0,1,2,A,-,17,21200,,N,D,G,A,A,H,-,A,A,0,,Y,,,Y,,L,4,0,1,0,0,0,0,1,0,0,-,-,0,0,1800,9,LOS ANGELES,LOS ANGELES,CA,-118.28272,34.03113937,"W ADAMS BLVD & PORTLAND ST, LOS ANGELES, CA, 90007",W ADAMS BLVD,PORTLAND ST
0,0,71946,5041140,2010,10/13/2011 0:00,1942,9/23/2010,735,24543,525,4,5,7,1942,0,0,0,E,0,5MQ4,NEPTUNE AV,OPP ST,50,S,N,A,-,N,,0,0,,,0,,,,N,4,0,1,2,A,-,21,22106,,N,D,G,A,-,A,H,A,D,0,,Y,,,Y,,-,-,0,0,1,0,0,0,1,0,0,-,-,0,0,900,9,LOS ANGELES,LOS ANGELES,CA,0,0,,,
-118.2564821,33.96841049,49871,4751509,2010,10/5/2011 0:00,1942,9/24/2010,2200,36722,1259,5,5,7,1942,0,0,0,L,0,12A53,CENTRAL AV,78TH ST,20,S,N,A,-,N,,0,0,,,0,,,,N,4,0,1,2,B,-,22,0,,F,D,G,A,A,H,-,C,D,0,,Y,,,Y,,-,99,0,0,1,0,0,0,1,0,0,-,-,0,0,2400,9,LOS ANGELES,LOS ANGELES,CA,-118.2564821,33.96841049,"S CENTRAL AVE & E 78TH ST, LOS ANGELES, CA, 90001",S CENTRAL AVE,E 78TH ST
-118.3964989,34.02725983,61092,4904643,2010,10/20/2011 0:00,1942,9/24/2010,925,34385,1409,5,5,7,1942,0,0,0,N,0,6TL7,BAGLEY AV,REGENT ST,158,S,-,A,-,N,,0,0,,,0,,,,N,4,0,1,2,A,-,5,21650,1,N,D,C,A,A,H,-,A,D,0,,Y,,,Y,,L,4,0,0,1,0,0,0,1,0,0,-,-,0,0,1200,9,LOS ANGELES,LOS ANGELES,CA,-118.3964989,34.02725983,"BAGLEY AVE & REGENT ST, LOS ANGELES, CA, 90034",BAGLEY AVE,REGENT ST
-118.4715629,34.25731719,61387,4913548,2010,11/28/2011 0:00,1942,9/24/2010,1815,36618,1759,5,5,7,1942,0,0,0,Q,0,17TL16,DEVONSHIRE ST,SAN DIEGO FRWY,0,,Y,A,-,Y,LA,7,405,-,-,46.115,R,1,N,N,4,0,1,2,A,-,9,21804,A,N,A,G,A,A,H,-,B,A,0,,Y,,,Y,,A,1,0,0,1,0,0,0,1,0,0,-,-,0,0,2100,9,LOS ANGELES,LOS ANGELES,CA,-118.4715629,34.25731719,405/NB OFF TO DEVONSHIRE,405/NB OFF TO DEVONSHIRE,
-118.27888,34.06623077,61770,4914304,2010,10/25/2011 0:00,1942,9/24/2010,2105,39184,226,5,5,7,1942,0,0,0,B,0,2T15-W,W 3RD ST,RAMPART ST,0,,Y,A,-,N,,0,0,,,0,,,,N,4,0,1,2,A,-,5,21650,,N,D,G,A,A,H,-,C,A,0,,Y,,,Y,,L,4,0,0,1,0,0,0,1,0,0,-,-,0,0,2400,9,LOS ANGELES,LOS ANGELES,CA,-118.27888,34.06623077,"W 3RD ST & S RAMPART BLVD, LOS ANGELES, CA, 90057",W 3RD ST,S RAMPART BLVD
-118.2679202,34.06093216,61786,4914349,2010,10/25/2011 0:00,1942,9/24/2010,750,37952,237,5,5,7,1942,0,0,0,B,0,13TL53,UNION AV,3RD ST,20,N,N,A,-,N,,0,0,,,0,,,,Y,3,0,1,2,A,-,7,21658,A,N,B,-,A,A,H,-,A,D,0,,Y,,,Y,,A,1,0,1,0,0,0,0,1,0,0,-,-,0,0,900,9,LOS ANGELES,LOS ANGELES,CA,-118.2679202,34.06093216,"S UNION AVE & W 3RD ST, LOS ANGELES, CA, 90017",S UNION AVE,W 3RD ST
-118.27868,34.09577942,64126,4944179,2010,10/21/2011 0:00,1942,9/24/2010,2205,25115,1152,5,5,7,1942,0,0,0,K,0,11T21,SANBORN AV,FOUNTAIN AV,0,,Y,A,-,N,,0,0,,,0,,,,N,3,0,1,2,A,-,15,21201,A,N,D,G,A,A,H,-,C,D,0,,Y,,,Y,,L,4,0,1,0,0,0,0,1,0,0,-,-,0,0,2400,9,LOS ANGELES,LOS ANGELES,CA,-118.27868,34.09577942,"SANBORN AVE & FOUNTAIN AVE, LOS ANGELES, CA, 90027",SANBORN AVE,FOUNTAIN AVE
-118.30778,34.08544922,64956,4951823,2010,9/27/2011 0:00,1942,9/24/2010,1900,34777,678,5,5,7,1942,0,0,0,F,0,6X48,OXFORD ST,INSTITUTE ST,0,,Y,A,-,N,,0,0,,,0,,,,N,3,0,1,2,A,-,9,21801,A,N,H,G,A,A,H,-,B,D,0,,Y,,,Y,,A,1,0,1,0,0,0,0,1,0,0,-,-,0,0,2100,9,LOS ANGELES,LOS ANGELES,CA,-118.30778,34.08544922,"N OXFORD AVE & INSTITUTE PL, LOS ANGELES",N OXFORD AVE,INSTITUTE PL
-118.36038,34.07609177,65111,4953224,2010,9/21/2011 0:00,1942,9/24/2010,1700,33638,713,5,5,7,1942,0,0,0,G,0,,BEVERLY BL,ORANGE GROVE AV,0,,Y,A,-,N,,0,0,,,0,,,,N,3,0,1,2,A,-,9,21801,A,N,-,G,A,A,H,-,A,A,0,,Y,,,Y,,-,-,0,1,0,0,0,0,1,0,0,-,-,0,0,1800,9,LOS ANGELES,LOS ANGELES,CA,-118.36038,34.07609177,"BEVERLY BLVD & N ORANGE GROVE AVE, LOS ANGELES, CA, 90036",BEVERLY BLVD,N ORANGE GROVE AVE
-118.28794,33.7360306,65218,4953863,2010,9/19/2011 0:00,1942,9/24/2010,2120,37238,566,5,5,7,1942,0,0,0,,0,18T23,PACIFIC AV,9TH ST,0,,Y,A,-,N,,0,0,,,0,,,,N,3,0,4,4,A,-,9,21801,A,F,A,C,-,A,H,-,C,A,0,Y,Y,,,Y,,A,1,0,2,2,0,1,0,1,0,0,-,-,0,0,2400,9,LOS ANGELES,LOS ANGELES,CA,-118.28794,33.7360306,"S PACIFIC AVE & W 9TH ST, LOS ANGELES, CA, 90731",S PACIFIC AVE,W 9TH ST
-118.29804,34.0006218,65771,4956909,2010,9/19/2011 0:00,1942,9/24/2010,1420,36752,1204,5,5,7,1942,0,0,0,L,0,3T57,47TH ST,RAYMOND AV,0,,Y,A,-,N,,0,0,,,0,,,,N,3,0,1,2,A,-,12,22450,A,F,D,G,A,A,H,-,A,A,0,,Y,,,Y,,L,4,0,1,0,0,0,0,1,0,0,-,-,0,0,1500,9,LOS ANGELES,LOS ANGELES,CA,-118.29804,34.0006218,"W 47TH ST & S RAYMOND AVE, LOS ANGELES, CA, 90037",W 47TH ST,S RAYMOND AVE
-118.308955,33.98373795,67701,4975414,2010,9/16/2011 0:00,1942,9/24/2010,900,37032,1233,5,5,7,1942,0,0,0,L,0,,WESTERN AV,62ND,180,N,N,A,-,N,,0,0,,,0,,,,N,3,0,1,2,A,-,-,0,,N,B,G,A,A,H,-,A,D,0,,Y,,,Y,,-,-,0,1,0,0,0,0,1,0,0,-,-,0,0,1200,9,LOS ANGELES,LOS ANGELES,CA,-118.308955,33.98373795,"S WESTERN AVE & W 62ND ST, LOS ANGELES, CA, 90047",S WESTERN AVE,W 62ND ST
-118.31135,33.99797058,67873,4982537,2010,9/20/2011 0:00,1942,9/24/2010,755,39177,1203,5,5,7,1942,0,0,0,L,0,12TL45,SAINT ANDREWS PL,50TH ST,0,,Y,A,-,N,,0,0,,,0,,,,N,4,0,1,2,A,-,5,21650,1,N,A,G,A,A,H,-,A,D,0,,Y,,,Y,,L,4,0,0,1,0,0,0,1,0,0,-,-,0,0,900,9,LOS ANGELES,LOS ANGELES,CA,-118.31135,33.99797058,"S SAINT ANDREWS PL & W 50TH ST, LOS ANGELES, CA, 90062",S SAINT ANDREWS PL,W 50TH ST
-118.59772,34.20101166,60738,4898397,2010,10/6/2011 0:00,1942,9/25/2010,2135,39496,2146,6,5,7,1942,0,0,0,,0,21A57,CANOGA AV,SHERMAN WAY,0,,Y,A,-,N,,0,0,,,0,,,,N,4,0,1,2,A,-,9,21801,A,N,G,G,A,A,H,-,C,A,0,,Y,,,Y,,A,7,0,0,1,0,0,0,1,0,0,-,-,0,0,2400,9,LOS ANGELES,LOS ANGELES,CA,-118.59772,34.20101166,"CANOGA AVE & SHERMAN WAY, LOS ANGELES, CA, 91303",CANOGA AVE,SHERMAN WAY
-118.30417,34.05767059,60944,4902333,2010,9/23/2011 0:00,1942,9/25/2010,1940,33757,2044,6,5,7,1942,0,0,0,,0,20TL59,8TH ST,HARVARD BL,0,,Y,A,-,N,,0,0,,,0,,,,N,4,0,2,3,A,-,9,21801,A,N,D,G,A,A,H,-,C,A,0,,Y,,,Y,,A,1,0,0,2,0,0,0,2,0,0,-,-,0,0,2100,9,LOS ANGELES,LOS ANGELES,CA,-118.30417,34.05767059,"W 8TH ST & S HARVARD BLVD, LOS ANGELES, CA, 90005",W 8TH ST,S HARVARD BLVD
-118.4449268,34.13109207,61406,4913572,2010,10/17/2011 0:00,1942,9/25/2010,855,30830,994,6,5,7,1942,0,0,0,,0,16TL23,BEVERLY GLEN BL,COY DR,500,N,N,A,-,N,,0,0,,,0,,,,N,3,0,1,2,A,-,6,21750,,N,B,G,A,A,H,-,A,D,0,,Y,,,Y,,A,1,0,1,0,0,0,0,1,0,0,-,-,0,0,900,9,LOS ANGELES,LOS ANGELES,CA,-118.4449268,34.13109207,"BEVERLY GLEN BLVD & COY DR, LOS ANGELES, CA, 91423",BEVERLY GLEN BLVD,COY DR
-118.25211,33.99300003,61672,4914193,2010,10/18/2011 0:00,1942,9/25/2010,1745,39822,1375,6,5,7,1942,0,0,0,M,0,13X94,HOOPER AV,55TH ST,0,,Y,A,-,N,,0,0,,,0,,,,N,3,0,1,2,A,-,12,21453,A,F,-,G,A,A,H,-,A,A,0,,Y,,,Y,,-,99,0,1,0,0,0,0,1,0,0,-,-,0,0,1800,9,LOS ANGELES,LOS ANGELES,CA,-118.25211,33.99300003,"HOOPER AVE & E 55TH ST, LOS ANGELES, CA, 90011",HOOPER AVE,E 55TH ST
-118.2917168,34.03274536,68653,4995488,2010,9/20/2011 0:00,1942,9/25/2010,1929,39449,317,6,5,7,1942,0,0,0,C,0,18T39,ADAMS ST,VERMONT AV,50,W,N,A,-,N,,0,0,,,0,,,,N,4,0,1,2,A,-,8,22100,B,N,B,G,A,A,H,-,A,D,0,,Y,,,Y,,A,7,0,0,1,0,0,0,1,0,0,-,-,0,0,2100,9,LOS ANGELES,LOS ANGELES,CA,-118.2917168,34.03274536,"W ADAMS BLVD & S VERMONT AVE, LOS ANGELES, CA, 90007",W ADAMS BLVD,S VERMONT AVE
-118.48903,34.27920151,61377,4913535,2010,10/17/2011 0:00,1942,9/26/2010,1700,36618,1717,7,5,7,1942,0,0,0,Q,0,17716,RINALDI ST,GOTHIC AV,0,,Y,A,-,N,,0,0,,,0,,,,N,3,0,1,2,A,-,9,21801,A,N,D,G,A,A,H,-,A,A,0,,Y,,,Y,,A,1,0,1,0,0,0,0,1,0,0,-,-,0,0,1800,9,LOS ANGELES,LOS ANGELES,CA,-118.48903,34.27920151,"RINALDI ST & GOTHIC AVE, LOS ANGELES, CA, 91344",RINALDI ST,GOTHIC AVE
-118.5185692,34.17082506,61464,4913646,2010,11/29/2011 0:00,1942,9/26/2010,900,34674,,7,5,7,1942,0,0,0,,0,,WHITE OAK AV,RT 101,0,,Y,A,-,Y,LA,7,101,-,-,20.11,R,4,S,N,4,0,1,2,A,-,5,21202,A,N,D,G,A,A,H,-,A,A,0,,Y,,,Y,,L,4,0,0,1,0,0,0,1,0,0,-,-,0,0,1200,9,LOS ANGELES,LOS ANGELES,CA,-118.5185692,34.17082506,101/SB ON WHITE OAK AVE,101/SB ON WHITE OAK AVE,
-118.5360958,34.21645737,61466,4913650,2010,10/17/2011 0:00,1942,9/26/2010,2120,38314,1003,7,5,7,1942,0,0,0,J,0,,RESEDA AV,STRATHERN ST,300,N,N,A,-,N,,0,0,,,0,,,,N,3,0,1,2,A,-,15,21201,A,N,D,G,A,A,H,-,C,A,0,,Y,,,Y,,L,4,0,1,0,0,0,0,1,0,0,-,-,0,0,2400,9,LOS ANGELES,LOS ANGELES,CA,-118.5360958,34.21645737,"RESEDA BLVD & STRATHERN ST, LOS ANGELES, CA, 91335",RESEDA BLVD,STRATHERN ST
-118.27375,34.07595062,61691,4914216,2010,10/13/2011 0:00,1942,9/26/2010,1330,34252,215,7,5,7,1942,0,0,0,B,0,2T28,BENTON WY,BELLEVUE AV,0,,Y,A,-,N,,0,0,,,0,,,,N,2,0,1,2,A,-,12,22450,A,N,D,G,A,A,H,-,A,A,0,,Y,,,Y,,L,4,1,0,0,0,0,0,1,0,0,-,-,0,0,1500,9,LOS ANGELES,LOS ANGELES,CA,-118.27375,34.07595062,"N BENTON WAY & BELLEVUE AVE, LOS ANGELES, CA, 90026",N BENTON WAY,BELLEVUE AVE
-118.2790099,34.05305862,61697,4914224,2010,9/21/2011 0:00,1942,9/26/2010,1425,37611,275,7,5,7,1942,0,0,0,B,0,2T28,ALVARADO ST,JAMES M WOOD BL,130,S,N,A,-,N,,0,0,,,0,,,,N,3,0,1,2,A,-,17,22517,,F,A,G,A,A,H,-,A,D,0,,Y,,,Y,,-,99,0,1,0,0,0,0,1,0,0,-,-,0,0,1500,9,LOS ANGELES,LOS ANGELES,CA,-118.2790099,34.05305862,"S ALVARADO ST & JAMES M WOOD BLVD, LOS ANGELES, CA, 90006",S ALVARADO ST,JAMES M WOOD BLVD
-118.4658461,33.99114227,66115,4959855,2010,10/28/2011 0:00,1942,9/26/2010,1805,38762,1432,7,5,7,1942,0,0,0,N,0,14TL47,ELECTRIC AV,CALIFORNIA AV,33,W,N,A,-,N,,0,0,,,0,,,,N,3,0,1,2,A,-,6,21755,,N,H,G,A,A,H,-,B,A,0,,Y,,,Y,,L,4,0,1,0,0,0,0,1,0,0,-,-,0,0,2100,9,LOS ANGELES,LOS ANGELES,CA,-118.4658461,33.99114227,"ELECTRIC AVE & CALIFORNIA AVE, LOS ANGELES, CA, 90291",ELECTRIC AVE,CALIFORNIA AVE
-118.44524,34.10177994,62161,4919071,2010,9/22/2011 0:00,1942,9/27/2010,800,24812,807,1,5,7,1942,0,0,0,H,0,6TL7,BEVERLY GLEN BL,CORFU LN,0,,Y,A,-,N,,0,0,,,0,,,,N,3,0,1,2,A,-,9,21801,A,N,H,G,A,A,H,-,A,D,0,,Y,,,Y,,A,7,0,1,0,0,0,0,1,0,0,-,-,0,0,900,9,LOS ANGELES,LOS ANGELES,CA,-118.44524,34.10177994,"N BEVERLY GLEN BLVD & CORFU LN, LOS ANGELES, CA, 90077",N BEVERLY GLEN BLVD,CORFU LN
-118.2843821,34.07277298,62585,4921844,2010,10/24/2011 0:00,1942,9/27/2010,1540,34252,2019,1,5,7,1942,0,0,0,,0,2T28,HOOVER ST,BEVERLY BL,8,S,N,A,-,N,,0,0,,,0,,,,N,3,0,1,2,A,-,5,21202,A,N,D,G,A,A,H,-,A,A,0,,Y,,,Y,,L,4,0,1,0,0,0,0,1,0,0,-,-,0,0,1800,9,LOS ANGELES,LOS ANGELES,CA,-118.2843821,34.07277298,"N HOOVER ST & BEVERLY BLVD, LOS ANGELES, CA, 90004",N HOOVER ST,BEVERLY BLVD
-118.2671,34.0273018,64248,4945393,2010,10/20/2011 0:00,1942,9/27/2010,1700,33977,1321,1,5,7,1942,0,0,0,M,0,11TL32,MAIN ST,23RD ST,0,,Y,A,-,N,,0,0,,,0,,,,N,4,0,1,2,A,-,5,21202,A,N,A,G,A,A,H,-,A,A,0,,Y,,,Y,,L,4,0,0,1,0,0,0,1,0,0,-,-,0,0,1800,9,LOS ANGELES,LOS ANGELES,CA,-118.2671,34.0273018,"S MAIN ST & E 23RD ST, LOS ANGELES, CA, 90007",S MAIN ST,E 23RD ST
-118.5407422,34.17237854,60561,4894613,2010,9/20/2011 0:00,1942,9/28/2010,1910,38326,1063,2,5,7,1942,0,0,0,J,0,19T75,YOLANDA AV,BURBANK,20,N,N,A,-,N,,0,0,,,0,,,,N,3,0,1,2,A,-,9,21801,A,N,D,G,A,A,H,-,C,A,0,,Y,,,Y,,A,1,0,1,0,0,0,0,1,0,0,-,-,0,0,2100,9,LOS ANGELES,LOS ANGELES,CA,-118.5407422,34.17237854,"YOLANDA AVE & BURBANK BLVD, LOS ANGELES, CA, 91356",YOLANDA AVE,BURBANK BLVD
-118.553532,34.1938591,60995,4902391,2010,9/29/2011 0:00,1942,9/28/2010,720,33829,1021,2,5,7,1942,0,0,0,J,0,17TL15,TAMPA AV,VANOWEN ST,5,N,N,A,-,N,,0,0,,,0,,,,Y,4,0,1,2,A,-,10,21950,A,N,D,G,A,A,H,-,A,A,0,,Y,,,Y,,A,7,0,0,1,0,0,0,1,0,0,-,-,0,0,900,9,LOS ANGELES,LOS ANGELES,CA,-118.553532,34.1938591,"TAMPA AVE & VANOWEN ST, LOS ANGELES, CA, 91335",TAMPA AVE,VANOWEN ST
-118.4559798,34.0437889,61099,4904650,2010,9/30/2011 0:00,1942,9/28/2010,250,38762,852,2,5,7,1942,0,0,0,H,0,14T47,SANTA MONICA BL,BARRINGTON AV,25,E,N,A,-,N,,0,0,,,0,,,,N,2,0,1,2,A,-,5,21202,A,N,C,G,A,A,H,-,C,A,0,,Y,,,Y,,L,4,1,0,0,0,0,0,1,0,0,-,-,0,0,300,9,LOS ANGELES,LOS ANGELES,CA,-118.4559798,34.0437889,"SR 2 & S BARRINGTON AVE, LOS ANGELES, CA, 90025",SR 2,S BARRINGTON AVE
0,0,62400,4921420,2010,9/21/2011 0:00,1942,9/28/2010,1615,30947,645,2,5,7,1942,0,0,0,F,0,34QL14,SUNSET BL,FORMOSA AV,5,S,N,A,-,N,,0,0,,,0,,,,N,4,0,1,2,A,-,9,21804,A,N,D,G,A,A,H,-,A,A,0,,Y,,Y,Y,,L,4,0,0,1,0,0,0,1,0,0,-,-,0,0,1800,9,LOS ANGELES,LOS ANGELES,CA,0,0,,,
-118.2071281,34.11075974,64549,4947669,2010,10/14/2011 0:00,1942,9/28/2010,1130,32996,1148,2,5,7,1942,0,0,0,K,0,4TL43,SAN MARCOS PL,AVENUE 50,160,S,N,A,-,N,,0,0,,,0,,,,N,3,0,1,2,A,-,21,22106,,N,D,G,A,A,H,-,A,D,0,,Y,,,Y,,A,1,0,1,0,0,0,0,1,0,0,-,-,0,0,1200,9,LOS ANGELES,LOS ANGELES,CA,-118.2071281,34.11075974,"SAN MARCOS PL & N AVE 50, LOS ANGELES, CA, 90042",SAN MARCOS PL,N AVE 50
-118.4192892,34.2681427,60856,4902242,2010,10/17/2011 0:00,1942,9/29/2010,820,30452,1623,3,5,7,1942,0,0,0,P,0,9TL53,PALA AV,VAN NUYS BL,6,E,N,A,-,N,,0,0,,,0,,,,N,4,0,1,2,A,-,9,21804,A,F,H,G,A,A,H,-,A,D,0,,Y,,,Y,,-,-,0,0,1,0,0,0,1,0,0,-,-,0,0,900,9,LOS ANGELES,LOS ANGELES,CA,-118.4192892,34.2681427,"PALA AVE & VAN NUYS BLVD, LOS ANGELES, CA, 91331",PALA AVE,VAN NUYS BLVD
-118.3704458,34.15682221,60917,4902305,2010,9/23/2011 0:00,1942,9/29/2010,1700,38028,1557,3,5,7,1942,0,0,0,O,0,9TL54,VINELAND AV,CAMARILLO ST,300,S,N,B,-,N,,0,0,,,0,,,,N,4,0,1,2,A,-,8,22107,,F,D,G,A,A,H,-,A,D,0,,Y,,,Y,,-,99,0,0,1,0,0,0,1,0,0,-,-,0,0,1800,9,LOS ANGELES,LOS ANGELES,CA,-118.3704458,34.1568222,"VINELAND AVE & CAMARILLO ST, LOS ANGELES, CA, 91602",VINELAND AVE,CAMARILLO ST
-118.4188,34.0513916,62160,4919068,2010,10/5/2011 0:00,1942,9/29/2010,1810,31255,847,3,5,7,1942,0,0,0,H,0,14TL52,OLYMPIC BL,KERWOOD AV,0,,Y,B,-,N,,0,0,,,0,,,,N,3,0,1,2,A,-,9,21801,A,N,D,G,A,A,H,-,A,D,0,,Y,,,Y,,A,1,0,1,0,0,0,0,1,0,0,-,-,0,0,2100,9,LOS ANGELES,LOS ANGELES,CA,-118.4188,34.0513916,"W OLYMPIC BLVD & KERWOOD AVE, LOS ANGELES, CA, 90064",W OLYMPIC BLVD,KERWOOD AVE
-118.38012,34.17396164,62262,4919619,2010,9/19/2011 0:00,1942,9/29/2010,1730,27145,1535,3,5,7,1942,0,0,0,O,0,DESK,LANKERSHIM BL,COLLINS ST,0,,Y,A,-,N,,0,0,,,0,,,,N,4,0,1,2,D,-,0,0,,N,-,G,A,A,H,-,A,D,0,,Y,,,Y,,-,-,0,0,1,0,0,0,1,0,0,-,-,0,0,1800,9,LOS ANGELES,LOS ANGELES,CA,-118.38012,34.17396164,"LANKERSHIM BLVD & COLLINS ST, LOS ANGELES, CA, 91601",LANKERSHIM BLVD,COLLINS ST