X,Y,FID,CASE_ID,ACCIDENT_YEAR,PROCDATE,JURIS,COLLISION_DATE,COLLISION_TIME,OFFICER_ID,REPORTING_DISTRICT,DAY_OF_WEEK,SHIFT,POPULATION,CNTY_CITY_LOC,SPECIAL_COND,BEAT_TYPE,CHP_BEAT_TYPE,CITY_DIVISION_LAPD,CHP_BEAT_CLASS,BEATNUMB,PRIMARY_RD,SECONDARY_RD,DISTANCE,DIRECTION,INTERSECTION,WEATHER_1,WEATHER_2,STATE_HWY_IND,CALTRANS_COUNTY,CALTRANS_DISTRICT,STATE_ROUTE,ROUTE_SUFFIX,POSTMILE_PREFIX,POSTMILE,LOCATION_TYPE,RAMP_INTERSECTION,SIDE_OF_HWY,TOW_AWAY,COLLISION_SEVERITY,NUMBER_KILLED,NUMBER_INJURED,PARTY_COUNT,PRIMARY_COLL_FACTOR,PCF_CODE_VIOL,PCF_VIOL_CATEGORY,PCF_VIOLATION,PCF_VIOL_SUBSECTION,HIT_AND_RUN,TYPE_OF_COLLISION,MVIW,PED_ACTION,ROAD_SURFACE,ROAD_COND_1,ROAD_COND_2,LIGHTING,CONTROL_DEVICE,CHP_ROAD_TYPE,PEDESTRIAN_ACCIDENT,BICYCLE_ACCIDENT,MOTORCYCLE_ACCIDENT,TRUCK_ACCIDENT,NOT_PRIVATE_PROPERTY,ALCOHOL_INVOLVED,STWD_VEHTYPE_AT_FAULT,CHP_VEHTYPE_AT_FAULT,COUNT_SEVERE_INJ,COUNT_VISIBLE_INJ,COUNT_COMPLAIN_PAIN,COUNT_PED_KILLED,COUNT_PED_INJURED,COUNT_BICYCLIST_KILLED,COUNT_BICYCLIST_INJURED,COUNT_MC_KILLED,COUNT_MC_INJURED,PRIMARY_RAMP,SECONDARY_RAMP,LATITUDE,LONGITUDE,TIMECAT,MONTH_,CITY,COUNTY,STATE,POINT_X,POINT_Y,Match_addr,m_primaryrd,m_secondrd
-118.3002153,34.00369644,83052,5177684,2011,4/17/2012 0:00,1942,2/28/2011,1215,34749,1204,1,5,7,1942,0,0,0,L,0,12X39,VERNON AV,NORMANDIE AV,4,W,N,A,-,N,,0,0,,,0,,,,N,4,0,1,2,A,-,5,21202,A,N,G,B,A,A,H,-,A,A,0,,Y,,,Y,,L,4,0,0,1,0,0,0,1,0,0,-,-,0,0,1500,2,LOS ANGELES,LOS ANGELES,CA,-118.3002153,34.00369644,"W VERNON AVE & NORMANDIE AVE, LOS ANGELES, CA, 90037",W VERNON AVE,NORMANDIE AVE
-118.29795,34.06539154,50275,4755526,2011,4/21/2012 0:00,1942,3/1/2011,1525,37700,2027,2,5,7,1942,0,0,0,,0,6TL2,5TH ST,ALEXANDRIA AV,0,,Y,A,-,N,,0,0,,,0,,,,N,3,0,1,2,A,-,9,21801,A,N,D,G,A,A,H,-,A,A,0,,Y,,,Y,,L,4,0,1,0,0,0,0,1,0,0,-,-,0,0,1800,3,LOS ANGELES,LOS ANGELES,CA,-118.29795,34.06539154,"W 5TH ST & S ALEXANDRIA AVE, LOS ANGELES, CA, 90020",W 5TH ST,S ALEXANDRIA AVE
-118.27242,34.11608124,75117,5085495,2011,4/19/2012 0:00,1942,3/1/2011,1010,38365,1132,2,5,7,1942,0,0,0,K,0,11TL25,LOS FELIZ BL,LAMBETH ST,0,,Y,A,-,N,,0,0,,,0,,,,N,4,0,1,2,A,-,4,21703,,N,C,G,A,A,H,-,A,D,0,,Y,,,Y,,A,1,0,0,1,0,0,0,1,0,0,-,-,0,0,1200,3,LOS ANGELES,LOS ANGELES,CA,-118.27242,34.11608124,"LOS FELIZ BLVD & LAMBETH ST, LOS ANGELES, CA, 90027",LOS FELIZ BLVD,LAMBETH ST
-118.2916321,34.05026627,77185,5113549,2011,4/25/2012 0:00,1942,3/1/2011,1925,38266,2069,2,5,7,1942,0,0,0,,0,7T23,VERMONT AV,11TH ST,185,S,N,A,-,N,,0,0,,,0,,,,Y,4,0,1,2,A,-,1,23152,A,N,H,G,A,A,H,-,C,D,0,,Y,,,Y,Y,A,8,0,0,1,0,0,0,1,0,0,-,-,0,0,2100,3,LOS ANGELES,LOS ANGELES,CA,-118.2916321,34.05026627,"S VERMONT AVE & W 11TH ST, LOS ANGELES, CA, 90006",S VERMONT AVE,W 11TH ST
-118.46553,33.9960785,77186,5113553,2011,4/25/2012 0:00,1942,3/1/2011,1535,40472,1414,2,5,7,1942,0,0,0,N,0,14A12,7TH AV,BROADWAY AV,0,,Y,A,-,N,,0,0,,,0,,,,N,3,0,1,2,A,-,12,22450,A,N,D,G,A,A,H,-,A,B,0,,Y,,,Y,,L,4,0,1,0,0,0,0,1,0,0,-,-,0,0,1800,3,LOS ANGELES,LOS ANGELES,CA,-118.46553,33.9960785,"7TH AVE & BROADWAY ST, LOS ANGELES, CA, 90291",7TH AVE,BROADWAY ST
-118.39606,34.02499008,77197,5113577,2011,4/25/2012 0:00,1942,3/1/2011,1510,31255,1409,2,5,7,1942,0,0,0,N,0,14TL52,CARDIFF AV,VENICE BL,0,,Y,A,-,N,,0,0,,,0,,,,N,4,0,1,2,A,-,5,21650,1,N,D,G,A,A,H,-,A,D,0,,Y,,,Y,,L,4,0,0,1,0,0,0,1,0,0,-,-,0,0,1800,3,LOS ANGELES,LOS ANGELES,CA,-118.39606,34.02499008,"CARDIFF AVE & VENICE BLVD, LOS ANGELES, CA, 90034",CARDIFF AVE,VENICE BLVD
-118.4511677,33.99493027,77201,5113589,2011,4/25/2012 0:00,1942,3/1/2011,745,32896,1433,2,5,7,1942,0,0,0,N,0,8TL35,PENMAR AV,VENICE BL,3,N,N,A,-,N,,0,0,,,0,,,,N,3,0,1,2,A,-,5,21650,1,N,D,G,A,A,H,-,A,D,0,,Y,,,Y,,L,4,0,1,0,0,0,0,1,0,0,-,-,0,0,900,3,LOS ANGELES,LOS ANGELES,CA,-118.4511677,33.99493027,"PENMAR AVE & VENICE BLVD, LOS ANGELES, CA, 90291",PENMAR AVE,VENICE BLVD
-118.412103,34.02531433,77205,5113597,2011,4/25/2012 0:00,1942,3/1/2011,1718,37623,1406,2,5,7,1942,0,0,0,N,0,6TL4,OVERLAND BL,LAWLER ST,5,E,N,A,-,N,,0,0,,,0,,,,N,4,0,1,2,A,-,9,21801,A,N,D,G,A,A,H,-,A,D,0,,Y,,,Y,,A,1,0,0,1,0,0,0,1,0,0,-,-,0,0,1800,3,LOS ANGELES,LOS ANGELES,CA,-118.412103,34.02531433,"OVERLAND AVE & LAWLER ST, LOS ANGELES, CA, 90034",OVERLAND AVE,LAWLER ST
-118.37946,34.07659912,77958,5117988,2011,4/23/2012 0:00,1942,3/1/2011,1320,31255,721,2,5,7,1942,0,0,0,G,0,14TL52,SAN VICENTE BL,BEVERLY BL,0,,Y,A,-,N,,0,0,,,0,,,,N,3,0,1,2,A,-,9,21801,A,N,D,G,A,A,H,-,A,A,0,,Y,,,Y,,A,1,0,1,0,0,0,0,1,0,0,-,-,0,0,1500,3,LOS ANGELES,LOS ANGELES,CA,-118.37946,34.07659912,"SAN VICENTE BLVD & BEVERLY BLVD, WEST HOLLYWOOD, CA, 90048",SAN VICENTE BLVD,BEVERLY BLVD
-118.3939421,33.9456291,80660,5149011,2011,4/17/2012 0:00,1942,3/1/2011,1735,38966,1494,2,5,7,1942,0,0,0,N,0,1735,VICKSBURG AV,CENTURY BL,5,N,N,A,-,N,,0,0,,,0,,,,N,3,0,1,2,A,-,10,21950,A,N,D,G,A,A,H,-,A,-,0,,Y,,,Y,,A,1,0,1,0,0,0,0,1,0,0,-,-,0,0,1800,3,LOS ANGELES,LOS ANGELES,CA,-118.3939421,33.9456291,"VICKSBURG AVE & W CENTURY BLVD, LOS ANGELES, CA",VICKSBURG AVE,W CENTURY BLVD
-118.6060828,34.25995255,75504,5089458,2011,4/14/2012 0:00,1942,3/2/2011,720,37737,1722,3,5,7,1942,0,0,0,Q,0,17TL15,TOPANGA CANYON BL,HIAWATHA ST,335,N,N,A,-,N,,0,0,,,0,,,,N,4,0,1,2,A,-,9,21801,A,N,D,G,A,A,H,-,A,D,0,,Y,,,Y,,D,22,0,0,1,0,0,0,1,0,0,-,-,0,0,900,3,LOS ANGELES,LOS ANGELES,CA,-118.6060828,34.25995255,"TOPANGA CANYON BLVD & HIAWATHA ST, LOS ANGELES, CA, 91311",TOPANGA CANYON BLVD,HIAWATHA ST
-118.5361121,34.23555756,75508,5089470,2011,4/14/2012 0:00,1942,3/2/2011,1105,38326,1785,3,5,7,1942,0,0,0,Q,0,16T27,RESEDA BL,NORDHOFF CT,30,N,N,B,-,N,,0,0,,,0,,,,N,3,0,1,2,A,-,8,22107,,N,D,G,A,A,H,-,A,D,0,,Y,,Y,Y,,F,26,0,1,0,0,0,0,1,0,0,-,-,0,0,1200,3,LOS ANGELES,LOS ANGELES,CA,-118.5361121,34.23555756,"RESEDA BLVD & NORDHOFF ST, LOS ANGELES, CA, 91324",RESEDA BLVD,NORDHOFF ST
-118.3234971,34.03261566,78771,5129114,2011,4/17/2012 0:00,1942,3/2/2011,2150,39282,314,3,5,7,1942,0,0,0,C,0,18T23,ADAMS BL,6TH AV,41,E,N,C,-,N,,0,0,,,0,,,,N,3,0,1,2,A,-,5,21650,1,N,B,G,A,B,H,-,C,A,0,,Y,,,Y,,L,4,0,1,0,0,0,0,1,0,0,-,-,0,0,2400,3,LOS ANGELES,LOS ANGELES,CA,-118.3234971,34.03261566,"W ADAMS BLVD & 6TH AVE, LOS ANGELES, CA, 90018",W ADAMS BLVD,6TH AVE
0,0,76767,5112084,2011,4/30/2012 0:00,1942,3/3/2011,1645,39218,1785,4,5,7,1942,0,0,0,Q,0,15TL48,RESEDA,PRAIRIE,30,E,N,A,-,N,,0,0,,,0,,,,N,3,0,1,2,A,-,8,22107,,N,D,G,A,A,H,-,B,A,0,,Y,,,Y,,A,1,0,1,0,0,0,0,1,0,0,-,-,0,0,1800,3,LOS ANGELES,LOS ANGELES,CA,0,0,,,
-118.42195,34.03807831,76792,5112109,2011,4/18/2012 0:00,1942,3/3/2011,1645,30045,884,4,5,7,1942,0,0,0,,0,8X48,OVERLAND AV,ASHBY AV,0,,Y,A,-,N,,0,0,,,0,,,,N,3,0,1,2,A,-,12,21453,A,N,D,G,A,A,H,-,A,A,0,,Y,,,Y,,L,4,0,1,0,0,0,0,1,0,0,-,-,0,0,1800,3,LOS ANGELES,LOS ANGELES,CA,-118.42195,34.03807831,"OVERLAND AVE & ASHBY AVE, LOS ANGELES, CA, 90064",OVERLAND AVE,ASHBY AVE
-118.3020516,34.05588532,76879,5112220,2011,4/25/2012 0:00,1942,3/3/2011,845,38302,2044,4,5,7,1942,0,0,0,,0,6TL7,JAMES M WOOD ST,ARDMORE AV,15,W,N,B,-,N,,0,0,,,0,,,,N,4,0,1,2,A,-,8,22107,,N,B,G,A,A,H,-,A,D,0,,Y,,,Y,,-,-,0,0,1,0,0,0,1,0,0,-,-,0,0,900,3,LOS ANGELES,LOS ANGELES,CA,-118.3020516,34.05588531,"JAMES M WOOD BLVD & S ARDMORE AVE, LOS ANGELES, CA, 90006",JAMES M WOOD BLVD,S ARDMORE AVE
-118.43115,34.2094307,78688,5128788,2011,4/19/2012 0:00,1942,3/3/2011,1700,39919,,4,5,7,1942,0,0,0,,0,,SATICOY ST,WOODMAN AV,0,,Y,A,-,N,,0,0,,,0,,,,N,3,0,1,2,A,-,12,21453,A,N,D,G,A,A,H,-,A,A,0,,Y,,,Y,,-,-,0,1,0,0,0,0,1,0,0,-,-,0,0,1800,3,LOS ANGELES,LOS ANGELES,CA,-118.43115,34.20943069,"SATICOY ST & WOODMAN AVE, LOS ANGELES, CA, 91402",SATICOY ST,WOODMAN AVE
-118.3118461,34.0037117,80469,5146377,2011,4/20/2012 0:00,1942,3/3/2011,1215,33599,395,4,5,7,1942,0,0,0,C,0,3TL5,VERNON AV,SAINT ANDREWS PL,150,W,N,A,-,N,,0,0,,,0,,,,Y,3,0,1,2,A,-,8,22103,,F,-,G,A,A,H,-,A,D,0,,Y,,,Y,,L,4,0,1,0,0,0,0,1,0,0,-,-,0,0,1500,3,LOS ANGELES,LOS ANGELES,CA,-118.3118461,34.0037117,"W VERNON AVE & S SAINT ANDREWS PL, LOS ANGELES, CA, 90062",W VERNON AVE,S SAINT ANDREWS PL
-118.384137,34.0571,76768,5112085,2011,4/18/2012 0:00,1942,3/4/2011,1615,40339,849,5,5,7,1942,0,0,0,,0,8X48,WHITWORTH DR,ROBERTSON BL,135,W,N,A,-,N,,0,0,,,0,,,,Y,3,0,1,2,A,-,17,21200,,N,D,G,A,A,H,-,A,D,0,,Y,,,Y,,L,4,0,1,0,0,0,0,1,0,0,-,-,0,0,1800,3,LOS ANGELES,LOS ANGELES,CA,-118.384137,34.0571,"WHITWORTH DR & S ROBERTSON BLVD, LOS ANGELES, CA, 90035",WHITWORTH DR,S ROBERTSON BLVD
-118.2916908,34.06887436,76873,5112208,2011,4/25/2012 0:00,1942,3/4/2011,1900,37613,2019,5,5,7,1942,0,0,0,,0,20T59,VERMONT AV,3RD AV,80,S,N,A,-,N,,0,0,,,0,,,,N,4,0,1,2,A,-,9,21801,A,N,D,G,A,A,H,-,C,D,0,,Y,,,Y,,A,1,0,0,1,0,0,0,1,0,0,-,-,0,0,2100,3,LOS ANGELES,LOS ANGELES,CA,-118.2916908,34.06887436,"S VERMONT AVE & W 3RD ST, LOS ANGELES, CA, 90004",S VERMONT AVE,W 3RD ST
-118.31116,34.05263138,77182,5113542,2011,4/25/2012 0:00,1942,3/4/2011,1730,37243,2062,5,5,7,1942,0,0,0,,0,20A44,SAINT ANDREWS PL,OLYMPIC BL,0,,Y,A,-,N,,0,0,,,0,,,,N,4,0,1,2,D,-,0,0,,N,D,G,A,A,H,-,B,A,0,,Y,,,Y,,-,-,0,0,1,0,0,0,1,0,0,-,-,0,0,1800,3,LOS ANGELES,LOS ANGELES,CA,-118.31116,34.05263138,"S SAINT ANDREWS PL & W OLYMPIC BLVD, LOS ANGELES, CA, 90019",S SAINT ANDREWS PL,W OLYMPIC BLVD
-118.2390033,34.03009033,77206,5113761,2011,5/11/2012 0:00,1942,3/4/2011,600,37482,1309,5,5,7,1942,0,0,0,M,0,1T11,8TH ST,ALAMEDA ST,25,W,N,B,-,N,,0,0,,,0,,,,N,3,0,1,2,A,-,8,22107,,F,H,G,A,A,H,-,A,D,0,,Y,,,Y,,-,-,0,1,0,0,0,0,1,0,0,-,-,0,0,900,3,LOS ANGELES,LOS ANGELES,CA,-118.2390033,34.03009033,"E 8TH ST & S ALAMEDA ST, LOS ANGELES, CA, 90021",E 8TH ST,S ALAMEDA ST
-118.4143362,34.21985626,77893,5117896,2011,4/23/2012 0:00,1942,3/4/2011,1730,38996,1502,5,5,7,1942,0,0,0,O,0,21TL62,CANTARA ST,COLDWATER CANYON BL,23,E,N,A,-,N,,0,0,,,0,,,,N,3,0,2,3,A,-,8,22107,,N,D,G,A,A,H,-,A,A,0,,Y,,,Y,,A,1,0,2,0,0,0,0,2,0,0,-,-,0,0,1800,3,LOS ANGELES,LOS ANGELES,CA,-118.4143362,34.21985626,"CANTARA ST & COLDWATER CANYON AVE, LOS ANGELES, CA, 91605",CANTARA ST,COLDWATER CANYON AVE
-118.28272,34.00374985,82173,5168910,2011,4/13/2012 0:00,1942,3/4/2011,1625,30801,398,5,5,7,1942,0,0,0,C,0,3TI57,FIGUEROA ST,VERNON AV,0,,N,A,-,N,,0,0,,,0,,,,N,3,0,1,2,A,-,5,21202,A,N,D,G,A,A,H,-,A,D,0,,Y,,,Y,,L,4,0,1,0,0,0,0,1,0,0,-,-,0,0,1800,3,LOS ANGELES,LOS ANGELES,CA,-118.28272,34.00374985,"S FIGUEROA ST & W VERNON AVE, LOS ANGELES, CA, 90037",S FIGUEROA ST,W VERNON AVE
-118.2959609,34.02206039,82178,5168930,2011,4/13/2012 0:00,1942,3/4/2011,1515,30801,3571,5,5,7,1942,0,0,0,C,0,3TI57,BUDLONG AV,36TH PL,42,N,N,A,-,N,,0,0,,,0,,,,N,3,0,1,2,A,-,17,21208,B,N,B,G,A,A,H,-,A,D,0,,Y,,,Y,,L,4,0,1,0,0,0,0,1,0,0,-,-,0,0,1800,3,LOS ANGELES,LOS ANGELES,CA,-118.2959609,34.02206039,"S BUDLONG AVE & W 36TH PL, LOS ANGELES, CA, 90007",S BUDLONG AVE,W 36TH PL
0,0,82579,5173579,2011,5/1/2012 0:00,1942,3/4/2011,2050,31745,1255,5,5,7,1942,0,0,0,L,0,3T5,WESTERN AV,74TH ST,4,E,N,A,-,N,,0,0,,,0,,,,N,4,0,1,2,A,-,1,21200,5,N,D,G,A,-,H,-,C,A,0,,Y,,,Y,Y,L,4,0,0,1,0,0,0,1,0,0,-,-,0,0,2100,3,LOS ANGELES,LOS ANGELES,CA,0,0,,,
-118.2798505,34.05168915,76488,5107051,2011,4/25/2012 0:00,1942,3/5/2011,2000,39062,275,6,5,7,1942,0,0,0,B,0,2T15,OLYMPIC BL,ALVARADO ST,4,E,N,A,-,N,,0,0,,,0,,,,N,3,0,1,2,A,-,8,22100,B,N,D,G,A,A,H,-,C,A,0,,Y,,,Y,,L,4,0,1,0,0,0,0,1,0,0,-,-,0,0,2100,3,LOS ANGELES,LOS ANGELES,CA,-118.2798505,34.05168915,"W OLYMPIC BLVD & S ALVARADO ST, LOS ANGELES, CA, 90006",W OLYMPIC BLVD,S ALVARADO ST
-118.58845,34.2009697,76720,5112037,2011,4/30/2012 0:00,1942,3/5/2011,1610,33289,2147,6,5,7,1942,0,0,0,,0,21X4,SHERMAN WAY,DE SOTO AV,0,,Y,A,-,N,,0,0,,,0,,,,N,4,0,1,2,A,-,5,21650,1,N,H,G,A,A,H,-,A,A,0,,Y,,,Y,,L,4,0,0,1,0,0,0,1,0,0,-,-,0,0,1800,3,LOS ANGELES,LOS ANGELES,CA,-118.58845,34.2009697,"SHERMAN WAY & DE SOTO AVE, LOS ANGELES, CA, 91303",SHERMAN WAY,DE SOTO AVE
-118.2873632,34.05771637,78526,5127524,2011,4/20/2012 0:00,1942,3/5/2011,1920,38266,2049,6,5,7,1942,0,0,0,,0,6T7,8TH ST,MAGNOLIA AV,140,W,N,A,-,N,,0,0,,,0,,,,Y,4,0,1,2,A,-,21,22106,,N,C,G,A,A,H,-,C,D,0,,Y,,,Y,,A,8,0,0,1,0,0,0,1,0,0,-,-,0,0,2100,3,LOS ANGELES,LOS ANGELES,CA,-118.2873632,34.05771637,"W 8TH ST & MAGNOLIA AVE, LOS ANGELES, CA, 90005",W 8TH ST,MAGNOLIA AVE
-118.2495146,34.0496063,80661,5149015,2011,4/17/2012 0:00,1942,3/5/2011,1430,40260,1413,6,5,7,1942,0,0,0,N,0,14A11,4TH ST,BROADWAY,50,N,N,A,-,N,,0,0,,,0,,,,N,4,0,1,2,A,-,17,22517,,N,D,G,A,A,H,-,A,D,0,,Y,,,Y,,-,-,0,0,1,0,0,0,1,0,0,-,-,0,0,1500,3,LOS ANGELES,LOS ANGELES,CA,-118.2495146,34.0496063,"W 4TH ST & S BROADWAY, LOS ANGELES, CA, 90013",W 4TH ST,S BROADWAY
-118.47282,34.00106049,77200,5113585,2011,4/25/2012 0:00,1942,3/6/2011,925,39222,1414,7,5,7,1942,0,0,0,N,0,7T23,DEWEY ST,RUTH AV,0,,Y,A,-,N,,0,0,,,0,,,,N,3,0,1,2,A,-,9,21802,A,N,A,G,A,A,H,-,A,A,0,,Y,,,Y,,A,1,0,1,0,0,0,0,1,0,0,-,-,0,0,1200,3,LOS ANGELES,LOS ANGELES,CA,-118.47282,34.00106049,"DEWEY ST & RUTH AVE, SANTA MONICA, CA, 90405",DEWEY ST,RUTH AVE
-118.2868809,34.07492828,79284,5137243,2011,5/10/2012 0:00,1942,3/6/2011,2100,34945,212,7,5,7,1942,0,0,0,B,0,2L90,BEVERLY,VIRGIL,50,W,N,A,-,N,,0,0,,,0,,,,N,4,0,1,2,A,-,8,22107,,F,D,G,A,A,H,-,C,D,0,,Y,,,Y,,-,-,0,0,1,0,0,0,1,0,0,-,-,0,0,2400,3,LOS ANGELES,LOS ANGELES,CA,-118.2868809,34.07492828,"BEVERLY BLVD & N VIRGIL AVE, LOS ANGELES",BEVERLY BLVD,N VIRGIL AVE
-118.2594741,34.07767868,76496,5107083,2011,4/25/2012 0:00,1942,3/7/2011,2235,39359,1183,1,5,7,1942,0,0,0,K,0,11T21,W SUNSET BL,LEMOYNE ST,25,W,N,A,G,N,,0,0,,,0,,,,N,3,0,1,2,A,-,8,22100,A,N,C,G,A,A,H,-,C,D,0,,Y,,,Y,Y,-,-,0,1,0,0,0,0,1,0,0,-,-,0,0,2400,3,LOS ANGELES,LOS ANGELES,CA,-118.2594741,34.07767868,"W SUNSET BLVD & LEMOYNE ST, LOS ANGELES, CA, 90026",W SUNSET BLVD,LEMOYNE ST
-118.2744164,34.03074646,77243,5114489,2011,4/30/2012 0:00,1942,3/7/2011,1955,35021,1321,1,5,7,1942,0,0,0,M,0,1T11,FIGUEROA ST,23RD ST,3,S,N,G,-,N,,0,0,,,0,,,,N,2,0,1,2,A,-,5,21650,1,N,D,G,A,A,H,-,C,A,0,,Y,,,Y,,L,4,1,0,0,0,0,0,1,0,0,-,-,0,0,2100,3,LOS ANGELES,LOS ANGELES,CA,-118.2744164,34.03074646,"S FIGUEROA ST & W 23RD ST, LOS ANGELES, CA, 90007",S FIGUEROA ST,W 23RD ST
-118.3770483,34.16883469,77865,5117864,2011,4/23/2012 0:00,1942,3/7/2011,1625,33779,1548,1,5,7,1942,0,0,0,O,0,15TL44,LANKERSHIM BL,CHANDLER BL,9,S,N,A,-,N,,0,0,,,0,,,,N,3,0,1,2,A,-,5,21650,,N,D,G,A,A,H,-,A,A,0,,Y,,,Y,,L,4,0,1,0,0,0,0,1,0,0,-,-,0,0,1800,3,LOS ANGELES,LOS ANGELES,CA,-118.3770483,34.16883469,"LANKERSHIM BLVD & CHANDLER BLVD, LOS ANGELES, CA, 91601",LANKERSHIM BLVD,CHANDLER BLVD
-118.45289,33.9940414,77960,5117990,2011,4/24/2012 0:00,1942,3/7/2011,1030,40534,1433,1,5,7,1942,0,0,0,N,0,PAC14,LINCOLN BL,VENICE BL,0,,Y,A,-,N,,0,0,,,0,,,,N,4,0,1,2,A,-,17,21451,A,N,D,G,A,A,H,-,A,A,0,,Y,,,Y,,A,1,0,0,1,0,0,0,1,0,0,-,-,0,0,1200,3,LOS ANGELES,LOS ANGELES,CA,-118.45289,33.9940414,"SR 1 & VENICE BLVD, LOS ANGELES, CA, 90291",SR 1,VENICE BLVD
-118.3050204,34.0907898,78013,5119840,2011,6/19/2012 0:00,1942,3/7/2011,920,40469,679,1,5,7,1942,0,0,0,F,0,6A77,SANTA MONICA BL,HOBART AV,40,E,N,A,-,N,,0,0,,,0,,,,N,3,0,1,2,A,-,17,22517,,N,H,G,A,A,H,-,A,D,0,,Y,,,Y,,A,1,0,1,0,0,0,0,1,0,0,-,-,0,0,1200,3,LOS ANGELES,LOS ANGELES,CA,-118.3050204,34.09078979,"SANTA MONICA BLVD & N HOBART BLVD, LOS ANGELES, CA, 90029",SANTA MONICA BLVD,N HOBART BLVD
-118.32147,34.06893921,78550,5127584,2011,5/22/2012 0:00,1942,3/7/2011,1525,38203,2011,1,5,7,1942,0,0,0,,0,20A54,WINDSOR BL,3RD ST,0,,Y,A,-,N,,0,0,,,0,,,,,3,0,1,2,A,-,5,21650,1,N,D,G,A,A,H,-,A,D,0,,Y,,,Y,,L,4,0,1,0,0,0,0,1,0,0,-,-,0,0,1800,3,LOS ANGELES,LOS ANGELES,CA,-118.32147,34.06893921,"S WINDSOR BLVD & W 3RD ST, LOS ANGELES, CA, 90004",S WINDSOR BLVD,W 3RD ST
-118.40254,34.01865006,75515,5089507,2011,5/11/2012 0:00,1942,3/8/2011,1430,31255,1407,2,5,7,1942,0,0,0,N,0,14TL52,WASHINGTON BL,MOTOR AV,0,,Y,A,-,N,,0,0,,,0,,,,N,3,0,1,2,A,-,9,21801,A,N,D,G,A,A,H,-,A,A,0,,Y,,,Y,,-,-,0,1,0,0,0,0,1,0,0,-,-,0,0,1500,3,LOS ANGELES,LOS ANGELES,CA,-118.40254,34.01865005,"WASHINGTON BLVD & MOTOR AVE, CULVER CITY, CA, 90232",WASHINGTON BLVD,MOTOR AVE
-118.5882784,34.17329407,76757,5112074,2011,4/30/2012 0:00,1942,3/8/2011,1845,37143,2177,2,5,7,1942,0,0,0,,0,21T65,BURBANK BL,DE SOTO AV,14,W,N,A,-,N,,0,0,,,0,,,,N,4,0,1,2,A,-,5,21650,1,N,D,G,A,A,H,-,C,A,0,,Y,,,Y,,L,4,0,0,1,0,0,0,1,0,0,-,-,0,0,2100,3,LOS ANGELES,LOS ANGELES,CA,-118.5882784,34.17329407,"BURBANK BLVD & DE SOTO AVE, LOS ANGELES, CA, 91367",BURBANK BLVD,DE SOTO AVE
-118.2780775,34.0545044,76899,5112250,2011,5/9/2012 0:00,1942,3/8/2011,1640,39496,265,2,5,7,1942,0,0,0,,0,2A91,ALVARADO ST,8TH ST,150,S,N,A,-,N,,0,0,,,0,,,,N,3,0,1,2,A,-,-,0,,N,G,-,A,A,H,-,A,A,0,,Y,,,Y,,L,4,0,1,0,0,0,0,1,0,0,-,-,0,0,1800,3,LOS ANGELES,LOS ANGELES,CA,-118.2780775,34.05450439,"S ALVARADO ST & W 8TH ST, LOS ANGELES, CA, 90057",S ALVARADO ST,W 8TH ST
-118.25118,34.03807068,76946,5112319,2011,4/17/2012 0:00,1942,3/8/2011,1635,36897,1303,2,5,7,1942,0,0,0,M,0,1303,SAN JULIAN ST,9TH ST,0,,Y,A,-,N,,0,0,,,0,,,,N,4,0,1,2,A,-,9,21802,A,N,-,G,A,A,H,-,A,A,0,,Y,,,Y,,-,-,0,0,1,0,0,0,1,0,0,-,-,0,0,1800,3,LOS ANGELES,LOS ANGELES,CA,-118.25118,34.03807068,"SAN JULIAN ST & E 9TH ST, LOS ANGELES, CA, 90014",SAN JULIAN ST,E 9TH ST
-118.5233023,34.24674225,76982,5112472,2011,4/13/2012 0:00,1942,3/8/2011,1545,38850,1787,2,5,7,1942,0,0,0,Q,0,21TL68,ZELZAH AV,SUPERIOR ST,8,S,N,A,-,N,,0,0,,,0,,,,N,3,0,1,2,A,-,3,22350,,N,D,G,A,A,H,-,A,A,0,,Y,,,Y,,A,7,0,1,0,0,0,0,1,0,0,-,-,0,0,1800,3,LOS ANGELES,LOS ANGELES,CA,-118.5233023,34.24674225,"ZELZAH AVE & SUPERIOR ST, LOS ANGELES, CA, 91330",ZELZAH AVE,SUPERIOR ST
-118.29895,34.05448151,77178,5113534,2011,4/25/2012 0:00,1942,3/8/2011,1705,37700,2055,2,5,7,1942,0,0,0,,0,6TL2,SAN MARINO ST,MARIPOSA AV,0,,Y,A,-,N,,0,0,,,0,,,,N,3,0,1,2,A,-,9,21801,A,N,D,G,A,A,H,-,A,D,0,,Y,,,Y,,A,1,0,1,0,0,0,0,1,0,0,-,-,0,0,1800,3,LOS ANGELES,LOS ANGELES,CA,-118.29895,34.05448151,"SAN MARINO ST & S MARIPOSA AVE, LOS ANGELES, CA, 90006",SAN MARINO ST,S MARIPOSA AVE
-118.2025443,34.0511322,77272,5114546,2011,4/30/2012 0:00,1942,3/8/2011,1940,39010,456,2,5,7,1942,0,0,0,D,0,13T53,FICKETT ST,FAIRMONT ST,29,S,N,A,-,N,,0,0,,,0,,,,N,3,0,1,1,A,-,3,22350,,N,E,I,A,A,H,-,C,A,0,,Y,,,Y,,L,4,0,1,0,0,0,0,1,0,0,-,-,0,0,2100,3,LOS ANGELES,LOS ANGELES,CA,-118.2025443,34.0511322,"N FICKETT ST & FAIRMOUNT ST, LOS ANGELES, CA, 90033",N FICKETT ST,FAIRMOUNT ST
-118.2917718,34.09340286,77278,5114558,2011,4/30/2012 0:00,1942,3/8/2011,1725,37611,1162,2,5,7,1942,0,0,0,K,0,1TL24,VERMONT AV,LEXINGTON AV,12,S,N,A,-,N,,0,0,,,0,,,,N,4,0,1,2,A,-,12,21453,A,N,D,G,A,A,H,-,A,A,0,,Y,,,Y,,-,,0,0,1,0,0,0,1,0,0,-,-,0,0,1800,3,LOS ANGELES,LOS ANGELES,CA,-118.2917718,34.09340286,"N VERMONT AVE & LEXINGTON AVE, LOS ANGELES, CA, 90029",N VERMONT AVE,LEXINGTON AVE