X,Y,FID,CASE_ID,ACCIDENT_YEAR,PROCDATE,JURIS,COLLISION_DATE,COLLISION_TIME,OFFICER_ID,REPORTING_DISTRICT,DAY_OF_WEEK,SHIFT,POPULATION,CNTY_CITY_LOC,SPECIAL_COND,BEAT_TYPE,CHP_BEAT_TYPE,CITY_DIVISION_LAPD,CHP_BEAT_CLASS,BEATNUMB,PRIMARY_RD,SECONDARY_RD,DISTANCE,DIRECTION,INTERSECTION,WEATHER_1,WEATHER_2,STATE_HWY_IND,CALTRANS_COUNTY,CALTRANS_DISTRICT,STATE_ROUTE,ROUTE_SUFFIX,POSTMILE_PREFIX,POSTMILE,LOCATION_TYPE,RAMP_INTERSECTION,SIDE_OF_HWY,TOW_AWAY,COLLISION_SEVERITY,NUMBER_KILLED,NUMBER_INJURED,PARTY_COUNT,PRIMARY_COLL_FACTOR,PCF_CODE_VIOL,PCF_VIOL_CATEGORY,PCF_VIOLATION,PCF_VIOL_SUBSECTION,HIT_AND_RUN,TYPE_OF_COLLISION,MVIW,PED_ACTION,ROAD_SURFACE,ROAD_COND_1,ROAD_COND_2,LIGHTING,CONTROL_DEVICE,CHP_ROAD_TYPE,PEDESTRIAN_ACCIDENT,BICYCLE_ACCIDENT,MOTORCYCLE_ACCIDENT,TRUCK_ACCIDENT,NOT_PRIVATE_PROPERTY,ALCOHOL_INVOLVED,STWD_VEHTYPE_AT_FAULT,CHP_VEHTYPE_AT_FAULT,COUNT_SEVERE_INJ,COUNT_VISIBLE_INJ,COUNT_COMPLAIN_PAIN,COUNT_PED_KILLED,COUNT_PED_INJURED,COUNT_BICYCLIST_KILLED,COUNT_BICYCLIST_INJURED,COUNT_MC_KILLED,COUNT_MC_INJURED,PRIMARY_RAMP,SECONDARY_RAMP,LATITUDE,LONGITUDE,TIMECAT,MONTH_,CITY,COUNTY,STATE,POINT_X,POINT_Y,Match_addr,m_primaryrd,m_secondrd
-118.3561891,34.06242371,95169,5330637,2011,12/22/2012 0:00,1942,10/3/2011,1330,37770,743,1,5,7,1942,0,0,0,G,0,14TL47,WILSHIRE BL,STANLEY AV,75,W,N,A,-,N,,0,0,,,0,,,,N,3,0,1,2,A,-,17,22517,,N,H,G,A,A,H,-,A,D,0,,Y,,,Y,,-,-,0,1,0,0,0,0,1,0,0,-,-,0,0,1500,10,LOS ANGELES,LOS ANGELES,CA,-118.3561891,34.06242371,"WILSHIRE BLVD & S STANLEY AVE, LOS ANGELES, CA, 90036",WILSHIRE BLVD,S STANLEY AVE
-118.3111821,34.05606461,97079,5353878,2011,1/11/2013 0:00,1942,10/3/2011,1230,40625,2042,1,5,7,1942,0,0,0,,0,20A69,SAINT ANDREWS PL,9TH ST,80,N,N,A,-,N,,0,0,,,0,,,,N,4,0,1,2,A,-,9,21804,A,N,D,G,A,A,H,-,A,D,0,,Y,,,Y,,-,-,0,0,1,0,0,0,1,0,0,-,-,0,0,1500,10,LOS ANGELES,LOS ANGELES,CA,-118.3111821,34.05606461,"S SAINT ANDREWS PL & W 9TH ST, LOS ANGELES, CA, 90005",S SAINT ANDREWS PL,W 9TH ST
-118.448287,34.2048111,97485,5359802,2011,12/27/2012 0:00,1942,10/3/2011,1822,34078,906,1,5,7,1942,0,0,0,I,0,9X84,VALERIO ST,VAN NUYS BL,150,E,N,A,-,N,,0,0,,,0,,,,N,3,0,1,2,A,-,9,21804,A,N,B,G,A,A,H,-,A,D,0,,Y,,,Y,,L,4,0,1,0,0,0,0,1,0,0,-,-,0,0,2100,10,LOS ANGELES,LOS ANGELES,CA,-118.448287,34.2048111,"VALERIO ST & VAN NUYS BLVD, LOS ANGELES, CA, 91405",VALERIO ST,VAN NUYS BLVD
-118.3579555,34.0490303,97663,5360364,2011,12/21/2012 0:00,1942,10/3/2011,1745,37010,755,1,5,7,1942,0,0,0,G,0,7U2,CARMONA ST,PICO BL,5,S,N,A,-,N,,0,0,,,0,,,,N,3,0,1,2,A,-,9,21801,A,F,-,-,A,A,H,-,B,-,0,,Y,,,Y,,-,99,0,1,0,0,0,0,1,0,0,-,-,0,0,1800,10,LOS ANGELES,LOS ANGELES,CA,-118.3579555,34.0490303,"CARMONA AVE & W PICO BLVD, LOS ANGELES, CA, 90019",CARMONA AVE,W PICO BLVD
-118.24253,33.93787003,97757,5360883,2011,12/20/2012 0:00,1942,10/3/2011,745,35308,1837,1,5,7,1942,0,0,0,R,0,18A35,108TH ST,WILLOWBROOK AV,0,,Y,A,-,N,,0,0,,,0,,,,N,3,0,1,2,A,-,5,21650,1,N,D,G,A,A,H,-,A,D,0,,Y,,,Y,,L,4,0,1,0,0,0,0,1,0,0,-,-,0,0,900,10,LOS ANGELES,LOS ANGELES,CA,-118.24253,33.93787003,"E 108TH ST & WILLOWBROOK AVE, LOS ANGELES, CA, 90059",E 108TH ST,WILLOWBROOK AVE
-118.2684661,34.01115418,98280,5364848,2011,12/21/2012 0:00,1942,10/3/2011,1610,31426,1342,1,5,7,1942,0,0,0,M,0,1T24,MARTIN LUTHER KING JR BL,SAN PEDRO ST,150,W,N,A,-,N,,0,0,,,0,,,,N,3,0,1,2,-,-,-,0,,N,D,G,A,A,H,-,A,D,0,,Y,,,Y,,-,-,0,1,0,0,0,0,1,0,0,-,-,0,0,1800,10,LOS ANGELES,LOS ANGELES,CA,-118.2684661,34.01115417,"E MARTIN LUTHER KING JR BLVD & S SAN PEDRO ST, LOS ANGELES, CA, 90011",E MARTIN LUTHER KING JR BLVD,S SAN PEDRO ST
-118.2989558,34.04971695,98951,5373563,2011,12/31/2012 0:00,1942,10/3/2011,1955,39565,2055,1,5,7,1942,0,0,0,,0,7T23,MARIPOSA AV,12TH ST,241,N,N,A,-,N,,0,0,,,0,,,,N,3,0,1,2,A,-,5,21650,1,N,H,G,A,A,H,-,A,D,0,,Y,,,Y,,L,4,0,1,0,0,0,0,1,0,0,-,-,0,0,2100,10,LOS ANGELES,LOS ANGELES,CA,-118.2989558,34.04971695,"S MARIPOSA AVE & W 12TH ST, LOS ANGELES, CA, 90006",S MARIPOSA AVE,W 12TH ST
-118.44434,34.19390869,100089,5386463,2011,1/11/2013 0:00,1942,10/3/2011,1730,35951,915,1,5,7,1942,0,0,0,I,0,10737,VANOWEN ST,TYRONE AV,0,,Y,A,-,N,,0,0,,,0,,,,N,3,0,1,3,A,-,3,22350,,N,C,G,A,A,H,-,B,D,0,,Y,,,Y,,-,99,0,1,0,0,0,0,1,0,0,-,-,0,0,1800,10,LOS ANGELES,LOS ANGELES,CA,-118.44434,34.19390869,"VANOWEN ST & TYRONE AVE, LOS ANGELES, CA, 91405",VANOWEN ST,TYRONE AVE
-118.2600501,34.0131073,96895,5351037,2011,12/28/2012 0:00,1942,10/4/2011,805,38383,1333,2,5,7,1942,0,0,0,M,0,2TL15,JEFFERSON BL,MCKINLEY AV,100,E,N,B,-,N,,0,0,,,0,,,,N,4,0,1,2,A,-,5,21650,,N,D,G,A,B,H,-,A,D,0,,Y,,,Y,,L,4,0,0,1,0,0,0,1,0,0,-,-,0,0,900,10,LOS ANGELES,LOS ANGELES,CA,-118.2600501,34.0131073,"E JEFFERSON BLVD & MCKINLEY AVE, LOS ANGELES, CA, 90011",E JEFFERSON BLVD,MCKINLEY AVE
-118.44567,34.12564087,97656,5360348,2011,12/21/2012 0:00,1942,10/4/2011,800,34385,802,2,5,7,1942,0,0,0,H,0,6TL7,BEVERLY GLEN BL,WINDTREE DR,0,,Y,A,-,N,,0,0,,,0,,,,N,2,0,1,2,A,-,9,21802,A,N,D,G,A,A,H,-,A,A,0,,Y,,,Y,,A,1,1,0,0,0,0,0,1,0,0,-,-,0,0,900,10,LOS ANGELES,LOS ANGELES,CA,-118.44567,34.12564087,"N BEVERLY GLEN BLVD & WINDTREE DR, LOS ANGELES, CA, 90077",N BEVERLY GLEN BLVD,WINDTREE DR
-118.32887,34.09072876,97683,5360511,2011,12/19/2012 0:00,1942,10/4/2011,1345,30702,666,2,5,7,1942,0,0,0,F,0,6A49,CAHUENGA BL,SANTA MONICA,0,,Y,A,-,N,,0,0,,,0,,,,Y,4,0,1,2,A,-,9,21453,B,N,D,G,A,A,H,-,A,A,0,,Y,,,Y,,A,1,0,0,1,0,0,0,1,0,0,-,-,0,0,1500,10,LOS ANGELES,LOS ANGELES,CA,-118.32887,34.09072876,"CAHUENGA BLVD & SANTA MONICA BLVD, LOS ANGELES, CA, 90038",CAHUENGA BLVD,SANTA MONICA BLVD
0,0,98942,5373551,2011,2/4/2013 0:00,1942,10/4/2011,1800,40420,2055,2,5,7,1942,0,0,0,,0,20A44,S NORMANDIE AV 1128,11TH ST,200,N,N,A,-,N,,0,0,,,0,,,,N,3,0,1,2,A,-,8,22100,A,N,A,G,A,A,H,-,B,D,0,,Y,,,Y,,A,1,0,1,0,0,0,0,1,0,0,-,-,0,0,2100,10,LOS ANGELES,LOS ANGELES,CA,0,0,,,
-118.44876,34.21429825,99031,5373652,2011,1/10/2013 0:00,1942,10/4/2011,1020,36477,1995,2,5,7,1942,0,0,0,,0,9TL55,VAN NUYS BL,MICHAELS ST,0,,Y,B,-,N,,0,0,,,0,,,,N,3,0,1,2,A,-,5,21650,1,N,D,G,A,A,H,-,A,A,0,,Y,,,Y,,L,4,0,1,0,0,0,0,1,0,0,-,-,0,0,1200,10,LOS ANGELES,LOS ANGELES,CA,-118.44876,34.21429825,"VAN NUYS BLVD & MICHAELS ST, LOS ANGELES, CA, 91402",VAN NUYS BLVD,MICHAELS ST
0,0,99062,5373687,2011,12/31/2012 0:00,1942,10/4/2011,720,38365,165,2,5,7,1942,0,0,0,A,0,1TL11,7TH ST,WERDIN PL,0,,N,B,-,N,,0,0,,,0,,,,N,3,0,1,2,A,-,5,21650,1,N,D,G,A,A,H,-,A,D,0,,Y,,,Y,,L,4,0,1,0,0,0,0,1,0,0,-,-,0,0,900,10,LOS ANGELES,LOS ANGELES,CA,0,0,,,
-118.2474923,33.95336151,103938,5430222,2011,1/15/2013 0:00,1942,10/4/2011,1700,32353,,2,5,7,1942,0,0,0,,0,,FIRTH,92ND ST,1,S,N,-,-,N,,0,0,,,0,,,,N,4,0,1,2,A,-,9,21800,A,F,H,G,A,-,-,-,C,A,0,,Y,,,Y,,-,-,0,0,1,0,0,0,1,0,0,-,-,0,0,1800,10,LOS ANGELES,LOS ANGELES,CA,-118.2474923,33.95336151,"FIRTH BLVD & E 92ND ST, LOS ANGELES, CA, 90002",FIRTH BLVD,E 92ND ST
-118.38195,34.05178833,97680,5360400,2011,1/10/2013 0:00,1942,10/5/2011,905,31890,859,3,5,7,1942,0,0,0,H,0,7T23,CASHIO ST,SHENANDOAH ST,0,,Y,C,-,N,,0,0,,,0,,,,N,4,0,1,2,A,-,12,22450,A,N,D,G,A,B,H,-,A,A,0,,Y,,,Y,,-,-,0,0,1,0,0,0,1,0,0,-,-,0,0,1200,10,LOS ANGELES,LOS ANGELES,CA,-118.38195,34.05178833,"CASHIO ST & S SHENANDOAH ST, LOS ANGELES, CA, 90035",CASHIO ST,S SHENANDOAH ST
-118.1871706,34.11769104,98281,5364852,2011,12/21/2012 0:00,1942,10/5/2011,1830,33977,1138,3,5,7,1942,0,0,0,K,0,11TL32,MESA AV,YORK BL,3,S,N,B,-,N,,0,0,,,0,,,,N,4,0,1,2,A,-,5,21202,,N,D,G,A,B,H,-,A,D,0,,Y,,,Y,,L,4,0,0,1,0,0,0,1,0,0,-,-,0,0,2100,10,LOS ANGELES,LOS ANGELES,CA,-118.1871706,34.11769104,"MESA AVE & YORK BLVD, LOS ANGELES, CA, 90042",MESA AVE,YORK BLVD
-118.30783,34.05585098,98974,5373594,2011,1/8/2013 0:00,1942,10/5/2011,1330,34426,2033,3,5,7,1942,0,0,0,,0,1TL24,JAMES M WOOD BL,OXFORD AV,0,,Y,C,-,N,,0,0,,,0,,,,N,3,0,1,2,A,-,12,22450,A,F,D,G,A,B,H,-,A,A,0,,Y,,,Y,,-,-,0,1,0,0,0,0,1,0,0,-,-,0,0,1500,10,LOS ANGELES,LOS ANGELES,CA,-118.30783,34.05585098,"JAMES M WOOD BLVD & S OXFORD AVE, LOS ANGELES, CA, 90006",JAMES M WOOD BLVD,S OXFORD AVE
-118.58118,34.22822189,99411,5380065,2011,12/19/2012 0:00,1942,10/5/2011,2325,39932,,3,5,7,1942,0,0,0,,0,,SUNNY BRAE AV,PARTHENIA ST,0,,Y,A,-,N,,0,0,,,0,,,,N,4,0,1,2,A,-,5,21650,1,N,B,G,A,A,H,-,D,D,0,,Y,,,Y,,L,4,0,0,1,0,0,0,1,0,0,-,-,0,0,2400,10,LOS ANGELES,LOS ANGELES,CA,-118.58118,34.22822189,"SUNNYBRAE AVE & PARTHENIA ST, LOS ANGELES, CA, 91306",SUNNYBRAE AVE,PARTHENIA ST
-118.52158,34.26488876,99414,5380069,2011,12/19/2012 0:00,1942,10/5/2011,1505,39018,,3,5,7,1942,0,0,0,,0,,YARMOUTH AV,CHATSWORTH ST,0,,Y,A,-,N,,0,0,,,0,,,,N,3,0,1,2,A,-,9,21804,A,N,D,G,A,A,H,-,A,D,0,,Y,,,Y,,L,4,0,1,0,0,0,0,1,0,0,-,-,0,0,1800,10,LOS ANGELES,LOS ANGELES,CA,-118.52158,34.26488876,"YARMOUTH AVE & CHATSWORTH ST, LOS ANGELES, CA, 91344",YARMOUTH AVE,CHATSWORTH ST
-118.3722908,34.16491318,95789,5340254,2011,12/19/2012 0:00,1942,10/6/2011,1935,38980,1555,4,5,7,1942,0,0,0,O,0,9T57,MAGNOLIA BL,BLAKESLEE AV,58,E,N,B,-,N,,0,0,,,0,,,,N,3,0,1,2,C,-,18,0,,N,-,G,A,B,H,-,A,D,0,,Y,,,Y,,-,-,0,1,0,0,0,0,1,0,0,-,-,0,0,2100,10,LOS ANGELES,LOS ANGELES,CA,-118.3722908,34.16491318,"MAGNOLIA BLVD & BLAKESLEE AVE, LOS ANGELES, CA, 91601",MAGNOLIA BLVD,BLAKESLEE AVE
-118.279959,34.05154419,96879,5351015,2011,12/23/2012 0:00,1942,10/6/2011,1900,38050,275,4,5,7,1942,0,0,0,B,0,275,ALVARADO ST,OLYMPIC BL,80,S,N,A,-,N,,0,0,,,0,,,,N,4,0,1,2,A,-,9,21804,A,F,D,G,A,A,H,-,A,D,0,,Y,,,Y,,-,99,0,0,1,0,0,0,1,0,0,-,-,0,0,2100,10,LOS ANGELES,LOS ANGELES,CA,-118.279959,34.05154419,"S ALVARADO ST & W OLYMPIC BLVD, LOS ANGELES, CA, 90006",S ALVARADO ST,W OLYMPIC BLVD
-118.44691,34.03482056,96991,5353712,2011,1/22/2013 0:00,1942,10/6/2011,1640,27945,881,4,5,7,1942,0,0,0,,0,8L90,OLYMPIC BL,BARRY AV,0,,Y,A,-,N,,0,0,,,0,,,,N,4,0,1,2,A,-,-,0,,N,D,G,A,A,H,-,A,D,0,,Y,,,Y,,A,1,0,0,1,0,0,0,1,0,0,-,-,0,0,1800,10,LOS ANGELES,LOS ANGELES,CA,-118.44691,34.03482056,"W OLYMPIC BLVD & BARRY AVE, LOS ANGELES, CA, 90064",W OLYMPIC BLVD,BARRY AVE
-118.4167109,34.05284882,96998,5353725,2011,12/23/2012 0:00,1942,10/6/2011,830,35643,848,4,5,7,1942,0,0,0,H,0,7TL23,OLYMPIC BL,FOX HILLS DR,20,E,N,A,-,N,,0,0,,,0,,,,N,3,0,1,1,A,-,3,22350,,N,H,-,A,A,H,-,A,D,0,,Y,,,Y,,L,4,0,1,0,0,0,0,1,0,0,-,-,0,0,900,10,LOS ANGELES,LOS ANGELES,CA,-118.4167109,34.05284882,"W OLYMPIC BLVD & FOX HILLS DR, LOS ANGELES, CA, 90064",W OLYMPIC BLVD,FOX HILLS DR
-118.44873,34.1951294,97494,5359826,2011,12/27/2012 0:00,1942,10/6/2011,1740,38380,914,4,5,7,1942,0,0,0,I,0,9TL56,VAN NUYS BL,HARTLAND ST,0,,Y,A,-,N,,0,0,,,0,,,,N,3,0,1,2,A,-,9,21804,A,N,D,G,A,B,H,-,A,A,0,,Y,,,Y,,A,1,0,1,0,0,0,0,1,0,0,-,-,0,0,1800,10,LOS ANGELES,LOS ANGELES,CA,-118.44873,34.19512939,"VAN NUYS BLVD & HARTLAND ST, LOS ANGELES, CA, 91405",VAN NUYS BLVD,HARTLAND ST
-118.3284378,34.04470825,97722,5360602,2011,12/22/2012 0:00,1942,10/6/2011,845,38266,777,4,5,7,1942,0,0,0,G,0,20T59,CRENSHAW BL,VENICE BL,10,N,N,A,-,N,,0,0,,,0,,,,N,4,0,1,2,A,-,5,21650,1,N,D,G,A,A,H,-,A,D,0,,Y,,,Y,,L,4,0,0,1,0,0,0,1,0,0,-,-,0,0,900,10,LOS ANGELES,LOS ANGELES,CA,-118.3284378,34.04470825,"CRENSHAW BLVD & VENICE BLVD, LOS ANGELES, CA, 90019",CRENSHAW BLVD,VENICE BLVD
-118.33039,34.1052208,97732,5360617,2011,12/22/2012 0:00,1942,10/6/2011,1145,35077,636,4,5,7,1942,0,0,0,F,0,6TL7,CAHUENGA BL,FRANKLIN AV,0,,Y,A,-,N,,0,0,,,0,,,,N,4,0,1,2,A,-,5,21650,1,N,D,C,A,A,H,-,A,A,0,,Y,,,Y,,L,4,0,0,1,0,0,0,1,0,0,-,-,0,0,1200,10,LOS ANGELES,LOS ANGELES,CA,-118.33039,34.10522079,"N CAHUENGA BLVD & FRANKLIN AVE, LOS ANGELES, CA, 90028",N CAHUENGA BLVD,FRANKLIN AVE
-118.2930146,34.06903458,98928,5373531,2011,12/31/2012 0:00,1942,10/6/2011,845,35077,2026,4,5,7,1942,0,0,0,,0,6TL7,3RD ST,NEW HAMPSHIRE AV,22,W,N,A,-,N,,0,0,,,0,,,,N,3,0,1,2,A,-,9,21801,A,F,B,C,A,A,H,-,A,A,0,,Y,,,Y,,-,99,0,1,0,0,0,0,1,0,0,-,-,0,0,900,10,LOS ANGELES,LOS ANGELES,CA,-118.2930146,34.06903458,"W 3RD ST & S NEW HAMPSHIRE AVE, LOS ANGELES, CA, 90020",W 3RD ST,S NEW HAMPSHIRE AVE
-118.3703813,34.2155304,99419,5380075,2011,12/31/2012 0:00,1942,10/6/2011,1400,34674,1687,4,5,7,1942,0,0,0,P,0,15TL46,VINELAND AV,STRATHERN,60,S,N,A,-,N,,0,0,,,0,,,,N,4,0,1,2,A,-,5,21650,1,F,D,G,A,A,H,-,A,D,0,,Y,,,Y,,L,4,0,0,1,0,0,0,1,0,0,-,-,0,0,1500,10,LOS ANGELES,LOS ANGELES,CA,-118.3703813,34.2155304,"VINELAND AVE & STRATHERN ST, LOS ANGELES, CA, 91352",VINELAND AVE,STRATHERN ST
-118.3817235,34.13967514,95787,5340250,2011,12/19/2012 0:00,1942,10/7/2011,1045,38183,1583,5,5,7,1942,0,0,0,O,0,17TL13,BERRY DR,VENTURA BL,4,S,N,A,-,N,,0,0,,,0,,,,N,4,0,1,2,A,-,5,21650,1,N,H,G,A,A,H,-,A,A,0,,Y,,,Y,,L,4,0,0,1,0,0,0,1,0,0,-,-,0,0,1200,10,LOS ANGELES,LOS ANGELES,CA,-118.3817235,34.13967514,"BERRY DR & VENTURA BLVD, LOS ANGELES, CA, 91604",BERRY DR,VENTURA BLVD
-118.43125,34.19934845,95842,5340443,2011,1/4/2013 0:00,1942,10/7/2011,1245,37737,919,5,5,7,1942,0,0,0,I,0,9TL58,GAULT ST,WOODMAN AV,0,,Y,A,-,N,,0,0,,,0,,,,N,4,0,1,2,A,-,5,21650,1,F,H,G,A,A,H,-,A,A,0,,Y,,,Y,,L,4,0,0,1,0,0,0,1,0,0,-,-,0,0,1500,10,LOS ANGELES,LOS ANGELES,CA,-118.43125,34.19934845,"GAULT ST & WOODMAN AVE, LOS ANGELES, CA, 91405",GAULT ST,WOODMAN AVE
-118.4483661,34.20119095,95843,5340447,2011,1/4/2013 0:00,1942,10/7/2011,1330,33839,914,5,5,7,1942,0,0,0,I,0,19TL72,SHERMAN WY,VAN NUYS BL,120,E,N,A,-,N,,0,0,,,0,,,,N,3,0,1,2,A,-,6,21750,,F,H,G,A,A,H,-,C,D,0,,Y,,,Y,,-,99,0,1,0,0,0,0,1,0,0,-,-,0,0,1500,10,LOS ANGELES,LOS ANGELES,CA,-118.4483661,34.20119095,"SHERMAN WAY & VAN NUYS BLVD, LOS ANGELES, CA, 91405",SHERMAN WAY,VAN NUYS BLVD
-118.50982,34.17224884,96742,5349376,2011,1/9/2013 0:00,1942,10/7/2011,1910,35951,1047,5,5,7,1942,0,0,0,J,0,10T37,LOUISE AV,BURBANK BL,0,,Y,A,-,N,,0,0,,,0,,,,N,4,0,1,2,A,-,9,21453,B,N,D,G,A,A,H,-,C,A,0,,Y,,Y,Y,,F,26,0,0,1,0,0,0,1,0,0,-,-,0,0,2100,10,LOS ANGELES,LOS ANGELES,CA,-118.50982,34.17224884,"LOUISE AVE & BURBANK BLVD, LOS ANGELES, CA, 91316",LOUISE AVE,BURBANK BLVD
-118.27017,34.05537033,96882,5351019,2011,1/22/2013 0:00,1942,10/7/2011,1830,33978,269,5,5,7,1942,0,0,0,B,0,2T15,WILSHIRE ST,UNION ST,0,,Y,A,-,N,,0,0,,,0,,,,N,4,0,2,2,A,-,12,21453,A,M,D,G,A,A,H,-,C,D,0,,Y,,,Y,,-,-,0,0,2,0,0,0,2,0,0,-,-,0,0,2100,10,LOS ANGELES,LOS ANGELES,CA,-118.27017,34.05537033,"WILSHIRE BLVD & S UNION AVE, LOS ANGELES",WILSHIRE BLVD,S UNION AVE
-118.2992206,34.0905571,99101,5373726,2011,1/11/2013 0:00,1942,10/7/2011,1945,39184,1162,5,5,7,1942,0,0,0,K,0,11T21,MARIPOSA AV,SANTA MONICA BL,98,S,N,A,-,N,,0,0,,,0,,,,N,3,0,1,2,A,-,3,22350,,N,D,G,A,A,H,-,C,D,0,,Y,,,Y,,L,4,0,1,0,0,0,0,1,0,0,-,-,0,0,2100,10,LOS ANGELES,LOS ANGELES,CA,-118.2992206,34.0905571,"N MARIPOSA AVE & SANTA MONICA BLVD, LOS ANGELES, CA",N MARIPOSA AVE,SANTA MONICA BLVD
-118.2664588,34.05414963,100163,5387701,2011,12/31/2012 0:00,1942,10/7/2011,1645,37952,257,5,5,7,1942,0,0,0,,0,11TL32,WITMER ST,6TH ST,560,S,N,A,-,N,,0,0,,,0,,,,N,3,0,1,2,A,-,5,21650,,N,B,G,A,A,H,-,A,D,0,,Y,,,Y,,-,-,0,1,0,0,0,0,1,0,0,-,-,0,0,1800,10,LOS ANGELES,LOS ANGELES,CA,-118.2664588,34.05414963,"WITMER ST & W 6TH ST, LOS ANGELES, CA, 90017",WITMER ST,W 6TH ST
-118.2916386,34.05558395,100352,5388332,2011,1/10/2013 0:00,1942,10/7/2011,1750,31573,2049,5,5,7,1942,0,0,0,,0,34MQ9,VERMONT AV,JAMES M WOOD,125,S,N,A,-,N,,0,0,,,0,,,,N,3,0,1,2,A,-,8,22107,,N,B,G,A,A,H,-,A,D,0,,Y,,,Y,,A,1,0,1,0,0,0,0,1,0,0,-,-,0,0,1800,10,LOS ANGELES,LOS ANGELES,CA,-118.2916386,34.05558395,"S VERMONT AVE & JAMES M WOOD BLVD, LOS ANGELES, CA, 90005",S VERMONT AVE,JAMES M WOOD BLVD
-118.26533,34.0774498,96856,5350982,2011,1/11/2013 0:00,1942,10/8/2011,1830,34056,,6,5,7,1942,0,0,0,,0,2L90,SUNSET BL,MOHAWK ST,0,,Y,A,-,N,,0,0,,,0,,,,N,4,0,1,2,A,-,0,20001,A,F,-,-,A,A,H,-,A,-,0,,Y,,,Y,,-,,0,0,1,0,0,0,1,0,0,-,-,0,0,2100,10,LOS ANGELES,LOS ANGELES,CA,-118.26533,34.0774498,"W SUNSET BLVD & MOHAWK ST, LOS ANGELES, CA, 90026",W SUNSET BLVD,MOHAWK ST
-118.5037353,34.08525467,96975,5353689,2011,12/23/2012 0:00,1942,10/8/2011,855,23401,804,6,5,7,1942,0,0,0,H,0,8TL35,MANDEVILLE CANYON RD,CHALON RD,2112,N,N,A,-,N,,0,0,,,0,,,,N,4,0,1,2,A,-,9,21804,A,N,D,G,A,A,H,-,A,D,0,,Y,,,Y,,A,7,0,0,1,0,0,0,1,0,0,-,-,0,0,900,10,LOS ANGELES,LOS ANGELES,CA,-118.5037353,34.08525467,"MANDEVILLE CANYON RD & CHALON RD, LOS ANGELES, CA, 90049",MANDEVILLE CANYON RD,CHALON RD
-118.4703464,34.0525856,96994,5353717,2011,12/23/2012 0:00,1942,10/8/2011,935,32896,832,6,5,7,1942,0,0,0,H,0,7TL23,SAN VICNETE BL,MONTANA AV,120,W,N,A,-,N,,0,0,,,0,,,,N,3,0,1,2,A,-,8,22107,,N,B,G,A,A,H,-,A,A,0,,Y,,,Y,,A,7,0,1,0,0,0,0,1,0,0,-,-,0,0,1200,10,LOS ANGELES,LOS ANGELES,CA,-118.4703464,34.0525856,"SAN VICENTE BLVD & MONTANA AVE, LOS ANGELES, CA, 90049",SAN VICENTE BLVD,MONTANA AVE
-118.4507984,34.04584122,96996,5353721,2011,12/23/2012 0:00,1942,10/8/2011,1425,23401,853,6,5,7,1942,0,0,0,H,0,8TL3J,SANTA MONICA BL,PURDUE AV,2,W,N,A,-,N,,0,0,,,0,,,,N,3,0,1,2,A,-,5,21650,1,N,D,G,A,A,H,-,A,D,0,,Y,,,Y,,A,1,0,1,0,0,0,0,1,0,0,-,-,0,0,1500,10,LOS ANGELES,LOS ANGELES,CA,-118.4507984,34.04584122,"SANTA MONICA BLVD & PURDUE AVE, LOS ANGELES, CA, 90025",SANTA MONICA BLVD,PURDUE AVE
-118.5944772,34.20103455,98991,5373611,2011,1/10/2013 0:00,1942,10/8/2011,1030,39975,2146,6,5,7,1942,0,0,0,,0,21TL65,SHERMAN WY,MILWOOD AV,53,W,N,A,-,N,,0,0,,,0,,,,N,4,0,1,2,A,-,5,21650,1,N,A,G,A,A,H,-,A,D,0,,Y,,,Y,,L,4,0,0,1,0,0,0,1,0,0,-,-,0,0,1200,10,LOS ANGELES,LOS ANGELES,CA,-118.5944772,34.20103455,"SHERMAN WAY & MILWOOD AVE, LOS ANGELES, CA, 91303",SHERMAN WAY,MILWOOD AVE
0,0,98995,5373615,2011,1/10/2013 0:00,1942,10/8/2011,1515,35481,2126,6,5,7,1942,0,0,0,,0,21TL62,ROSCOE BL,DEERING AV,450,,N,A,-,N,,0,0,,,0,,,,N,3,0,1,2,A,-,5,21650,1,N,D,G,A,A,H,-,A,D,0,,Y,,,Y,,A,1,0,1,0,0,0,0,1,0,0,-,-,0,0,1800,10,LOS ANGELES,LOS ANGELES,CA,0,0,,,
-118.2335791,34.066,99111,5373736,2011,12/31/2012 0:00,1942,10/8/2011,1245,36238,118,6,5,7,1942,0,0,0,A,0,13TL53,SPRING ST,ELMYRA ST,42,S,N,A,-,N,,0,0,,,0,,,,N,3,0,1,2,A,-,7,21658,A,N,B,G,A,A,H,-,A,D,0,,Y,,,Y,,-,-,0,1,0,0,0,0,1,0,0,-,-,0,0,1500,10,LOS ANGELES,LOS ANGELES,CA,-118.2335791,34.066,"N SPRING ST & W ELMYRA ST, LOS ANGELES, CA, 90012",N SPRING ST,W ELMYRA ST
-118.2031002,34.02642822,100189,5387740,2011,1/11/2013 0:00,1942,10/8/2011,1830,33260,478,6,5,7,1942,0,0,0,D,0,4T43,BERNAL AV,7TH ST,121,N,N,A,-,N,,0,0,,,0,,,,N,3,0,1,2,A,-,17,22517,,N,B,G,A,A,H,-,B,D,0,,Y,,,Y,,A,8,0,1,0,0,0,0,1,0,0,-,-,0,0,2100,10,LOS ANGELES,LOS ANGELES,CA,-118.2031002,34.02642822,"S BERNAL AVE & E 7TH ST, LOS ANGELES, CA, 90023",S BERNAL AVE,E 7TH ST