X,Y,FID,CASE_ID,ACCIDENT_YEAR,PROCDATE,JURIS,COLLISION_DATE,COLLISION_TIME,OFFICER_ID,REPORTING_DISTRICT,DAY_OF_WEEK,SHIFT,POPULATION,CNTY_CITY_LOC,SPECIAL_COND,BEAT_TYPE,CHP_BEAT_TYPE,CITY_DIVISION_LAPD,CHP_BEAT_CLASS,BEATNUMB,PRIMARY_RD,SECONDARY_RD,DISTANCE,DIRECTION,INTERSECTION,WEATHER_1,WEATHER_2,STATE_HWY_IND,CALTRANS_COUNTY,CALTRANS_DISTRICT,STATE_ROUTE,ROUTE_SUFFIX,POSTMILE_PREFIX,POSTMILE,LOCATION_TYPE,RAMP_INTERSECTION,SIDE_OF_HWY,TOW_AWAY,COLLISION_SEVERITY,NUMBER_KILLED,NUMBER_INJURED,PARTY_COUNT,PRIMARY_COLL_FACTOR,PCF_CODE_VIOL,PCF_VIOL_CATEGORY,PCF_VIOLATION,PCF_VIOL_SUBSECTION,HIT_AND_RUN,TYPE_OF_COLLISION,MVIW,PED_ACTION,ROAD_SURFACE,ROAD_COND_1,ROAD_COND_2,LIGHTING,CONTROL_DEVICE,CHP_ROAD_TYPE,PEDESTRIAN_ACCIDENT,BICYCLE_ACCIDENT,MOTORCYCLE_ACCIDENT,TRUCK_ACCIDENT,NOT_PRIVATE_PROPERTY,ALCOHOL_INVOLVED,STWD_VEHTYPE_AT_FAULT,CHP_VEHTYPE_AT_FAULT,COUNT_SEVERE_INJ,COUNT_VISIBLE_INJ,COUNT_COMPLAIN_PAIN,COUNT_PED_KILLED,COUNT_PED_INJURED,COUNT_BICYCLIST_KILLED,COUNT_BICYCLIST_INJURED,COUNT_MC_KILLED,COUNT_MC_INJURED,PRIMARY_RAMP,SECONDARY_RAMP,LATITUDE,LONGITUDE,TIMECAT,MONTH_,CITY,COUNTY,STATE,POINT_X,POINT_Y,Match_addr,m_primaryrd,m_secondrd
-118.46692,33.99747086,99895,5385249,2011,1/12/2013 0:00,1942,10/22/2011,1520,34088,1414,6,5,7,1942,0,0,0,N,0,14A13,7TH AV,INDIANA AV,0,,Y,B,-,N,,0,0,,,0,,,,N,4,0,1,1,A,-,5,21650,1,N,H,G,A,A,H,-,A,D,0,,Y,,,Y,,L,4,0,0,1,0,0,0,1,0,0,-,-,0,0,1800,10,LOS ANGELES,LOS ANGELES,CA,-118.46692,33.99747086,"7TH AVE & INDIANA AVE, LOS ANGELES, CA, 90291",7TH AVE,INDIANA AVE
-118.4182836,34.02417374,100348,5388328,2011,1/10/2013 0:00,1942,10/22/2011,750,38302,1428,6,5,7,1942,0,0,0,N,0,14TL47,KELTON AV,ROSE AV,10,S,N,A,-,N,,0,0,,,0,,,,N,3,0,1,2,A,-,12,22450,A,N,D,G,A,A,H,-,A,A,0,,Y,,,Y,,A,1,0,1,0,0,0,0,1,0,0,-,-,0,0,900,10,LOS ANGELES,LOS ANGELES,CA,-118.4182836,34.02417374,"KELTON AVE & ROSE AVE, LOS ANGELES, CA, 90034",KELTON AVE,ROSE AVE
-118.2381,34.04714966,100748,5392524,2011,1/11/2013 0:00,1942,10/22/2011,1720,34426,139,6,5,7,1942,0,0,0,A,0,1TL24,ALAMEDA ST,2ND ST,0,,Y,A,-,N,,0,0,,,0,,,,N,3,0,1,1,A,-,8,22107,,N,H,I,A,A,H,-,A,A,0,,Y,,,Y,,L,4,0,1,0,0,0,0,1,0,0,-,-,0,0,1800,10,LOS ANGELES,LOS ANGELES,CA,-118.2381,34.04714966,"S ALAMEDA ST & E 2ND ST, LOS ANGELES, CA, 90012",S ALAMEDA ST,E 2ND ST
-118.4470073,34.20119476,100936,5395600,2011,1/4/2013 0:00,1942,10/22/2011,1010,39473,915,6,5,7,1942,0,0,0,I,0,19T175,SHERMAN WY,LENNOX AV,250,W,N,A,-,N,,0,0,,,0,,,,N,4,0,1,2,A,-,5,21202,,N,D,G,A,A,H,-,A,D,0,,Y,,,Y,,L,4,0,0,1,0,0,0,1,0,0,-,-,0,0,1200,10,LOS ANGELES,LOS ANGELES,CA,-118.4470073,34.20119476,"SHERMAN WAY & LENNOX AVE, LOS ANGELES, CA, 91405",SHERMAN WAY,LENNOX AVE
-118.4362121,34.22966385,100982,5395678,2011,4/9/2013 0:00,1942,10/22/2011,1225,33839,1987,6,5,7,1942,0,0,0,,0,19TL72,PARTHENIA ST,WOODMAN AV,3,W,N,A,-,N,,0,0,,,0,,,,N,3,0,1,2,A,-,5,21650,1,N,D,G,A,A,H,-,A,A,0,,Y,,,Y,,L,4,0,1,0,0,0,0,1,0,0,-,-,0,0,1500,10,LOS ANGELES,LOS ANGELES,CA,-118.4362121,34.22966385,"PARTHENIA ST & WOODMAN AVE, LOS ANGELES, CA, 91402",PARTHENIA ST,WOODMAN AVE
-118.20228,34.06544876,95857,5340883,2011,12/22/2012 0:00,1942,10/23/2011,1845,25783,424,7,5,7,1942,0,0,0,D,0,4A6,VALLEY BL,SAN PABLO ST,0,,Y,A,-,N,,0,0,,,0,,,,N,3,0,1,2,A,-,8,22107,,N,D,G,A,A,H,-,C,A,0,,Y,,,Y,,L,4,0,1,0,0,0,0,1,0,0,-,-,0,0,2100,10,LOS ANGELES,LOS ANGELES,CA,-118.20228,34.06544876,"VALLEY BLVD & SAN PABLO ST, LOS ANGELES, CA, 90031",VALLEY BLVD,SAN PABLO ST
-118.3921122,34.05426788,98553,5369333,2011,12/27/2012 0:00,1942,10/23/2011,1215,32565,857,7,5,7,1942,0,0,0,H,0,20TL56,CARDIFF AV,ALCOTT ST,8,N,N,A,-,N,,0,0,,,0,,,,N,3,0,2,2,A,-,5,21650,1,N,H,G,A,A,H,-,A,A,0,,Y,,,Y,,L,4,0,1,1,0,0,0,1,0,0,-,-,0,0,1500,10,LOS ANGELES,LOS ANGELES,CA,-118.3921122,34.05426788,"CARDIFF AVE & ALCOTT ST, LOS ANGELES, CA, 90035",CARDIFF AVE,ALCOTT ST
-118.30902,33.94543076,101102,5396683,2011,3/20/2013 0:00,1942,10/23/2011,1020,40059,1293,7,5,7,1942,0,0,0,L,0,,WESTERN AV,CENTURY BL,0,,Y,A,-,N,,0,0,,,0,,,,N,3,0,1,2,A,-,9,21801,A,N,D,G,A,A,H,-,A,A,0,,Y,,,Y,,-,-,0,1,0,0,0,0,1,0,0,-,-,0,0,1200,10,LOS ANGELES,LOS ANGELES,CA,-118.30902,33.94543076,"S WESTERN AVE & W CENTURY BLVD, LOS ANGELES, CA, 90047",S WESTERN AVE,W CENTURY BLVD
-118.386516,34.15762329,98400,5367022,2011,12/26/2012 0:00,1942,10/24/2011,1930,38273,1545,1,5,7,1942,0,0,0,O,0,15T43,RIVERSIDE DR,IRVINE AV,280,W,N,A,-,N,,0,0,,,0,,,,N,2,0,1,2,A,-,9,21804,A,N,D,G,A,A,H,-,C,D,0,,Y,,,Y,,D,22,1,0,0,0,0,0,1,0,0,-,-,0,0,2100,10,LOS ANGELES,LOS ANGELES,CA,-118.386516,34.15762329,"RIVERSIDE DR & IRVINE AVE, LOS ANGELES, CA, 91602",RIVERSIDE DR,IRVINE AVE
-118.44183,34.03371811,98529,5369305,2011,1/22/2013 0:00,1942,10/24/2011,1100,37469,882,1,5,7,1942,0,0,0,H,0,14TL47,GATEWAY BL,PICO BL,0,,N,A,-,N,,0,0,,,0,,,,N,3,0,1,2,A,-,9,21804,A,N,D,G,A,A,H,-,A,A,0,,Y,,,Y,,L,4,0,1,0,0,0,0,1,0,0,-,-,0,0,1200,10,LOS ANGELES,LOS ANGELES,CA,-118.44183,34.03371811,"GATEWAY BLVD & W PICO BLVD, LOS ANGELES, CA, 90064",GATEWAY BLVD,W PICO BLVD
-118.3704822,34.1648941,99151,5374085,2011,12/28/2012 0:00,1942,10/24/2011,1005,38033,1555,1,5,7,1942,0,0,0,O,0,19TL77,VINELAND AV,MAGNOLIA BL,8,S,N,B,-,N,,0,0,,,0,,,,N,3,0,1,2,A,-,21,22106,,N,D,G,A,A,H,-,A,A,0,,Y,,,Y,,A,1,0,1,0,0,0,0,1,0,0,-,-,0,0,1200,10,LOS ANGELES,LOS ANGELES,CA,-118.3704822,34.1648941,"VINELAND AVE & MAGNOLIA BLVD, LOS ANGELES, CA, 91601",VINELAND AVE,MAGNOLIA BLVD
-118.3704987,34.16491318,99154,5374093,2011,12/28/2012 0:00,1942,10/24/2011,1200,36618,1555,1,5,7,1942,0,0,0,O,0,,MAGNOLIA BL,VINELAND AV,5,W,N,A,-,N,,0,0,,,0,,,,N,4,0,1,2,A,-,5,21650,1,N,G,G,A,A,H,-,A,A,0,,Y,,,Y,,L,4,0,0,1,0,0,0,1,0,0,-,-,0,0,1500,10,LOS ANGELES,LOS ANGELES,CA,-118.3704987,34.16491318,"MAGNOLIA BLVD & VINELAND AVE, LOS ANGELES, CA, 91601",MAGNOLIA BLVD,VINELAND AVE
-118.31426,34.05804062,99848,5385156,2011,12/28/2012 0:00,1942,10/24/2011,2115,37939,2042,1,5,7,1942,0,0,0,,0,8T35,8TH ST,WILTON PL,0,,Y,A,-,N,,0,0,,,0,,,,N,2,0,1,2,A,-,12,21453,A,N,D,G,A,A,H,-,C,A,0,,Y,,,Y,,A,1,1,0,0,0,0,0,1,0,0,-,-,0,0,2400,10,LOS ANGELES,LOS ANGELES,CA,-118.31426,34.05804062,"W 8TH ST & S WILTON PL, LOS ANGELES, CA, 90005",W 8TH ST,S WILTON PL
-118.1645113,34.09027481,100666,5392386,2011,1/10/2013 0:00,1942,10/24/2011,1920,38204,409,1,5,7,1942,0,0,0,D,0,2T15,POPLAR BL,HUNTINGTON DR,150,E,N,A,-,N,,0,0,,,0,,,,N,3,0,1,2,A,-,21,22106,,N,B,G,A,A,H,-,C,D,0,,Y,,,Y,,A,1,0,1,0,0,0,0,1,0,0,-,-,0,0,2100,10,LOS ANGELES,LOS ANGELES,CA,-118.1645113,34.09027481,"POPLAR BLVD & HUNTINGTON DR, LOS ANGELES, CA, 90032",POPLAR BLVD,HUNTINGTON DR
-118.28444,34.07965088,100778,5392683,2011,1/10/2013 0:00,1942,10/24/2011,1540,33977,,1,5,7,1942,0,0,0,,0,,HOOVER ST,LONDON ST,0,,Y,A,-,N,,0,0,,,0,,,,N,4,0,1,2,A,-,8,22100,B,N,B,G,A,A,H,-,A,D,0,,Y,,,Y,,L,4,0,0,1,0,0,0,1,0,0,-,-,0,0,1800,10,LOS ANGELES,LOS ANGELES,CA,-118.28444,34.07965088,"N HOOVER ST & LONDON ST, LOS ANGELES, CA, 90004",N HOOVER ST,LONDON ST
-118.566652,34.20098496,101475,5400626,2011,12/24/2012 0:00,1942,10/24/2011,1610,38887,2149,1,5,7,1942,0,0,0,,0,21TL66,OAKDALE LN,SHERMAN WAY,3,S,N,A,-,N,,0,0,,,0,,,,N,4,0,1,2,A,-,5,21650,1,N,D,G,A,A,H,-,A,A,0,,Y,,,Y,,L,4,0,0,1,0,0,0,1,0,0,-,-,0,0,1800,10,LOS ANGELES,LOS ANGELES,CA,-118.566652,34.20098495,"OAKDALE AVE & SHERMAN WAY, LOS ANGELES, CA, 91306",OAKDALE AVE,SHERMAN WAY
-118.281279,33.9746552,101590,5404339,2011,1/10/2013 0:00,1942,10/24/2011,720,37146,1256,1,5,7,1942,0,0,0,L,0,5TL21,FLORENCE AV,FLOWER,4,E,N,A,-,N,,0,0,,,0,,,,N,4,0,1,2,A,-,5,21650,,N,D,G,A,A,H,-,A,A,0,,Y,,,Y,,L,4,0,0,1,0,0,0,1,0,0,-,-,0,0,900,10,LOS ANGELES,LOS ANGELES,CA,-118.281279,33.9746552,"W FLORENCE AVE & S FLOWER ST, LOS ANGELES, CA, 90003",W FLORENCE AVE,S FLOWER ST
-118.5273622,34.22087479,101929,5408729,2011,1/7/2013 0:00,1942,10/24/2011,725,31415,1795,1,5,7,1942,0,0,0,Q,0,10T39,LINDLEY AV,ROSCOE PL,15,N,N,A,-,N,,0,0,,,0,,,,N,4,0,1,2,A,-,9,21804,A,N,D,G,A,A,H,-,A,D,0,,Y,,,Y,,L,4,0,0,1,0,0,0,1,0,0,-,-,0,0,900,10,LOS ANGELES,LOS ANGELES,CA,-118.5273622,34.22087479,"LINDLEY AVE & ROSCOE BLVD, LOS ANGELES, CA, 91325",LINDLEY AVE,ROSCOE BLVD
-118.2617,34.07437134,95866,5340912,2011,12/22/2012 0:00,1942,10/25/2011,1855,35021,217,2,5,7,1942,0,0,0,B,0,13T53,GLENDALE BL,SANTA YNEZ ST,0,,Y,A,-,N,,0,0,,,0,,,,N,3,0,1,2,A,-,9,21801,A,N,D,G,A,A,H,-,C,A,0,,Y,,,Y,,A,,0,1,0,0,0,0,1,0,0,-,-,0,0,2100,10,LOS ANGELES,LOS ANGELES,CA,-118.2617,34.07437134,"GLENDALE BLVD & SANTA YNEZ ST, LOS ANGELES, CA, 90026",GLENDALE BLVD,SANTA YNEZ ST
-118.3964831,34.15019989,98429,5367697,2011,5/31/2013 0:00,1942,10/25/2011,1730,33779,1581,2,5,7,1942,0,0,0,O,0,15TL44,LAUREL CYN BL,MOORPARK ST,60,S,N,A,-,N,,0,0,,,0,,,,N,4,0,1,2,A,-,5,21650,1,F,D,G,A,A,H,-,A,A,0,,Y,,,Y,,L,4,0,0,1,0,0,0,1,0,0,-,-,0,0,1800,10,LOS ANGELES,LOS ANGELES,CA,-118.3964831,34.15019989,"LAUREL CANYON BLVD & MOORPARK ST, LOS ANGELES, CA, 91604",LAUREL CANYON BLVD,MOORPARK ST
-118.3472211,34.12849426,98585,5369432,2011,12/28/2012 0:00,1942,10/25/2011,1600,40710,626,2,5,7,1942,0,0,0,F,0,6A65,BARHAM,CAHUENGA,10,N,N,B,-,N,,0,0,,,0,,,,N,3,0,1,2,A,-,12,21453,A,N,D,G,A,A,H,-,A,A,0,,Y,,,Y,,A,1,0,1,0,0,0,0,1,0,0,-,-,0,0,1800,10,LOS ANGELES,LOS ANGELES,CA,-118.3472211,34.12849426,"BARHAM BLVD & CAHUENGA BLVD, LOS ANGELES, CA, 90068",BARHAM BLVD,CAHUENGA BLVD
-118.5385131,34.20107651,98664,5369680,2011,1/15/2013 0:00,1942,10/25/2011,1130,36618,1025,2,5,7,1942,0,0,0,J,0,16TL22,SHERMAN WY,AMIGO AV,30,E,N,A,-,N,,0,0,,,0,,,,N,4,0,1,1,A,-,5,21650,1,N,H,A,A,A,H,-,A,D,0,,Y,,,Y,,L,4,0,0,1,0,0,0,1,0,0,-,-,0,0,1200,10,LOS ANGELES,LOS ANGELES,CA,-118.5385131,34.20107651,"SHERMAN WAY & AMIGO AVE, LOS ANGELES, CA, 91335",SHERMAN WAY,AMIGO AVE
-118.2882593,34.02796555,99770,5384674,2011,1/11/2013 0:00,1942,10/25/2011,840,33599,338,2,5,7,1942,0,0,0,C,0,3TL5,ORCHARD AV,29TH ST,150,S,N,C,-,N,,0,0,,,0,,,,N,3,0,1,2,A,-,9,21804,A,N,D,G,A,B,H,-,A,D,0,,Y,,,Y,,A,1,0,1,0,0,0,0,1,0,0,-,-,0,0,900,10,LOS ANGELES,LOS ANGELES,CA,-118.2882593,34.02796555,"ORCHARD AVE & W 29TH ST, LOS ANGELES, CA, 90007",ORCHARD AVE,W 29TH ST
-118.5804026,34.20098496,101477,5400630,2011,12/24/2012 0:00,1942,10/25/2011,1120,39476,2148,2,5,7,1942,0,0,0,,0,17TL16,SHERMAN WY,MASON AV,197,W,N,B,-,N,,0,0,,,0,,,,N,3,0,1,2,A,-,5,21650,1,N,D,G,A,B,H,-,A,D,0,,Y,,,Y,,L,4,0,1,0,0,0,0,1,0,0,-,-,0,0,1200,10,LOS ANGELES,LOS ANGELES,CA,-118.5804026,34.20098495,"SHERMAN WAY & MASON AVE, LOS ANGELES, CA, 91306",SHERMAN WAY,MASON AVE
-118.6234556,34.20825577,101794,5406367,2011,12/27/2012 0:00,1942,10/25/2011,1450,39476,2133,2,5,7,1942,0,0,0,,0,17TL16,SATICOY ST,FALLBROOK AV,2,E,N,C,-,N,,0,0,,,0,,,,N,4,0,1,2,A,-,17,21451,A,N,D,G,A,B,H,-,A,A,0,,Y,,,Y,,A,1,0,0,1,0,0,0,1,0,0,-,-,0,0,1500,10,LOS ANGELES,LOS ANGELES,CA,-118.6234556,34.20825577,"SATICOY ST & FALLBROOK AVE, LOS ANGELES, CA, 91304",SATICOY ST,FALLBROOK AVE
-118.250733,33.78042984,103169,5420299,2011,1/14/2013 0:00,1942,10/25/2011,1755,36911,529,2,5,7,1942,0,0,0,E,0,5TL25,SANFORD AV,ANAHEIM ST,60,S,N,B,-,N,,0,0,,,0,,,,N,3,0,1,2,A,-,9,21804,A,N,D,G,A,A,H,-,B,D,0,,Y,,,Y,,L,4,0,1,0,0,0,0,1,0,0,-,-,0,0,1800,10,LOS ANGELES,LOS ANGELES,CA,-118.250733,33.78042984,"SANFORD AVE & E ANAHEIM ST, LOS ANGELES, CA, 90744",SANFORD AVE,E ANAHEIM ST
-118.2924021,33.74533463,106577,5468470,2011,1/9/2013 0:00,1942,10/25/2011,1015,38503,555,2,5,7,1942,0,0,0,E,0,5TL21,GAFFEY ST,SEPULVEDA ST,80,N,N,B,-,N,,0,0,,,0,,,,N,3,0,1,2,A,-,8,22107,,N,D,G,A,A,H,-,A,A,0,,Y,,Y,Y,,F,27,0,1,0,0,0,0,1,0,0,-,-,0,0,1200,10,LOS ANGELES,LOS ANGELES,CA,-118.2924021,33.74533463,"N GAFFEY ST & SEPULVEDA ST, LOS ANGELES, CA, 90731",N GAFFEY ST,SEPULVEDA ST
-118.274544,34.06005096,97151,5354493,2011,1/2/2013 0:00,1942,10/26/2011,1450,36160,246,3,5,7,1942,0,0,0,B,0,13TL22,ALVARADO ST,6TH ST,220,N,N,A,-,N,,0,0,,,0,,,,N,3,0,1,2,A,-,17,22517,,N,H,G,A,A,H,-,A,D,0,,Y,,,Y,,D,22,0,1,0,0,0,0,1,0,0,-,-,0,0,1500,10,LOS ANGELES,LOS ANGELES,CA,-118.274544,34.06005096,"S ALVARADO ST & W 6TH ST, LOS ANGELES, CA, 90057",S ALVARADO ST,W 6TH ST
-118.3700795,34.16488648,99602,5382902,2011,1/3/2013 0:00,1942,10/26/2011,1710,38380,1555,3,5,7,1942,0,0,0,O,0,9TL56,MAGNOLIA BL,VINELAND AV,123,E,N,-,-,N,,0,0,,,0,,,,N,3,0,1,2,A,-,5,21202,A,N,-,-,A,-,-,-,-,-,0,,Y,,,Y,,L,4,0,1,0,0,0,0,1,0,0,-,-,0,0,1800,10,LOS ANGELES,LOS ANGELES,CA,-118.3700795,34.16488647,"MAGNOLIA BLVD & VINELAND AVE, LOS ANGELES, CA, 91601",MAGNOLIA BLVD,VINELAND AVE
-118.27403,34.01306915,99679,5383610,2011,1/3/2013 0:00,1942,10/26/2011,735,37225,1341,3,5,7,1942,0,0,0,M,0,13TL55,MAIN ST,38TH ST,0,,Y,A,-,N,,0,0,,,0,,,,N,4,0,2,3,A,-,5,21650,,N,G,G,A,A,H,-,A,D,0,,Y,,,Y,,L,4,0,0,2,0,0,0,2,0,0,-,-,0,0,900,10,LOS ANGELES,LOS ANGELES,CA,-118.27403,34.01306915,"S MAIN ST & E 38TH ST, LOS ANGELES, CA, 90007",S MAIN ST,E 38TH ST
-118.25308,34.0473709,99683,5383618,2011,1/3/2013 0:00,1942,10/26/2011,1305,37506,152,3,5,7,1942,0,0,0,O,0,1TL11,6TH ST,HILL ST,0,,Y,A,-,N,,0,0,,,0,,,,N,4,0,1,2,A,-,9,21804,A,N,D,G,A,A,H,-,A,A,0,,Y,,,Y,,L,4,0,0,1,0,0,0,1,0,0,-,-,0,0,1500,10,LOS ANGELES,LOS ANGELES,CA,-118.25308,34.0473709,"W 6TH ST & S HILL ST, LOS ANGELES, CA, 90014",W 6TH ST,S HILL ST
-118.3003599,34.03993607,99830,5385128,2011,12/28/2012 0:00,1942,10/26/2011,1505,39212,2093,3,5,7,1942,0,0,0,,0,8TL28,NORMANDIE AV,WASHINGTON BL,10,S,N,A,-,N,,0,0,,,0,,,,N,4,0,1,2,A,-,8,22107,,N,B,G,A,A,H,-,A,D,0,,Y,,,Y,,A,1,0,0,1,0,0,0,1,0,0,-,-,0,0,1800,10,LOS ANGELES,LOS ANGELES,CA,-118.3003599,34.03993607,"NORMANDIE AVE & W WASHINGTON BLVD, LOS ANGELES, CA, 90007",NORMANDIE AVE,W WASHINGTON BLVD
-118.3091411,34.08331299,99839,5385140,2011,12/28/2012 0:00,1942,10/26/2011,1020,33048,2002,3,5,7,1942,0,0,0,,0,14TL47,WESTERN AV,MELROSE,70,S,N,A,-,N,,0,0,,,0,,,,N,4,0,1,2,A,-,5,21650,,N,D,C,A,A,H,-,A,D,0,,Y,,,Y,,L,4,0,0,1,0,0,0,1,0,0,-,-,0,0,1200,10,LOS ANGELES,LOS ANGELES,CA,-118.3091411,34.08331299,"N WESTERN AVE & MELROSE AVE, LOS ANGELES, CA, 90004",N WESTERN AVE,MELROSE AVE
-118.3841152,34.0522,99851,5385162,2011,1/14/2013 0:00,1942,10/26/2011,1640,38235,859,3,5,7,1942,0,0,0,H,0,8A36,ROBERTSON BL,CASHIO ST,8,S,N,A,-,N,,0,0,,,0,,,,N,4,0,1,2,A,-,11,21456,B,N,D,G,A,A,H,-,A,A,0,,Y,,,Y,,L,4,0,0,1,0,0,0,1,0,0,-,-,0,0,1800,10,LOS ANGELES,LOS ANGELES,CA,-118.3841152,34.0522,"S ROBERTSON BLVD & CASHIO ST, LOS ANGELES, CA, 90035",S ROBERTSON BLVD,CASHIO ST
-118.4672003,34.26623349,100943,5395610,2011,5/14/2013 0:00,1942,10/26/2011,800,40570,1941,3,5,7,1942,0,0,0,,0,19A93,SEPULVEDA BL,RT 118,2,W,N,A,G,Y,LA,7,118,-,R,10.21,R,1,W,N,3,0,1,2,A,-,5,21650,1,N,D,G,A,A,H,-,A,A,0,,Y,,,Y,,L,4,0,1,0,0,0,0,1,0,0,-,EF,0,0,900,10,LOS ANGELES,LOS ANGELES,CA,-118.4672003,34.26623349,118/WB OFF TO SEPULVEDA BLVD,118/WB OFF TO SEPULVEDA BLVD,
-118.5928822,34.20997238,101457,5400590,2011,12/26/2012 0:00,1942,10/26/2011,2015,34561,2126,3,5,7,1942,0,0,0,,0,15T43,VARIEL AV,KESWICK ST,100,S,N,A,-,N,,0,0,,,0,,,,N,4,0,1,2,A,-,3,22350,,N,B,G,A,A,H,-,C,D,0,,Y,,,Y,,L,4,0,0,1,0,0,0,1,0,0,-,-,0,0,2100,10,LOS ANGELES,LOS ANGELES,CA,-118.5928822,34.20997238,"VARIEL AVE & KESWICK ST, LOS ANGELES, CA, 91304",VARIEL AVE,KESWICK ST
-118.2877821,34.05434799,49694,4750550,2011,2/2/2013 0:00,1942,10/27/2011,930,39804,2058,4,5,7,1942,0,0,0,,0,20TL59,ELDEN AV,SAN MARINO ST,240,S,N,A,-,N,,0,0,,,0,,,,N,3,0,1,2,A,-,9,21804,A,N,D,G,A,A,H,-,A,D,0,,Y,,,Y,,A,1,0,1,0,0,0,0,1,0,0,-,-,0,0,1200,10,LOS ANGELES,LOS ANGELES,CA,-118.2877821,34.05434799,"ELDEN AVE & SAN MARINO ST, LOS ANGELES, CA, 90006",ELDEN AVE,SAN MARINO ST
-118.45171,34.26750946,98404,5367026,2011,12/26/2012 0:00,1942,10/27/2011,725,39473,1943,4,5,7,1942,0,0,0,,0,19TL75,ARLETA AV,FOX ST,0,,Y,A,-,N,,0,0,,,0,,,,N,4,0,1,2,A,-,12,22450,A,N,D,G,A,A,H,-,A,A,0,,Y,,,Y,,D,22,0,0,1,0,0,0,1,0,0,-,-,0,0,900,10,LOS ANGELES,LOS ANGELES,CA,-118.45171,34.26750946,"ARLETA AVE & FOX ST, LOS ANGELES, CA, 91345",ARLETA AVE,FOX ST
-118.3998507,34.028759,98618,5369619,2011,1/15/2013 0:00,1942,10/27/2011,1400,38266,1049,4,5,7,1942,0,0,0,J,0,8TL35,EXPOSITION BL,WATSEKA AV,85,W,N,A,-,N,,0,0,,,0,,,,N,3,0,1,2,A,-,17,22517,,N,H,E,A,A,H,-,A,D,0,,Y,,,Y,,A,1,0,1,0,0,0,0,1,0,0,-,-,0,0,1500,10,LOS ANGELES,LOS ANGELES,CA,-118.3998507,34.028759,"EXPOSITION BLVD & WATSEKA AVE, LOS ANGELES, CA, 90034",EXPOSITION BLVD,WATSEKA AVE
-118.50234,34.25753021,99620,5382938,2011,1/14/2013 0:00,1942,10/27/2011,800,40065,1757,4,5,7,1942,0,0,0,Q,0,17TL15,DEVONSHIRE ST,BALBOA BL,0,E,N,A,-,N,,0,0,,,0,,,,N,4,0,1,2,A,-,9,21804,,N,H,G,A,A,H,-,A,A,0,,Y,,,Y,,L,4,0,0,1,0,0,0,1,0,0,-,-,0,0,900,10,LOS ANGELES,LOS ANGELES,CA,-118.50234,34.25753021,"DEVONSHIRE ST & BALBOA BLVD, LOS ANGELES, CA, 91325",DEVONSHIRE ST,BALBOA BLVD
-118.26415,34.05083084,100484,5390643,2011,1/12/2013 0:00,1942,10/27/2011,2245,39359,249,4,5,7,1942,0,0,0,B,0,2TL15,S BIXEL AV,7TH ST,0,,Y,B,G,N,,0,0,,,0,,,,N,4,0,1,2,A,-,12,21453,A,N,D,G,A,A,H,-,C,A,0,,Y,,,Y,,-,-,0,0,1,0,0,0,1,0,0,-,-,0,0,2400,10,LOS ANGELES,LOS ANGELES,CA,-118.26415,34.05083084,"S BIXEL ST & W 7TH ST, LOS ANGELES, CA, 90017",S BIXEL ST,W 7TH ST
-118.46597,33.99061966,100574,5391375,2011,12/27/2012 0:00,1942,10/27/2011,1410,33048,1432,4,5,7,1942,0,0,0,N,0,14TL47,CALIFORNIA AV,ABBOTT KINNEY BL,0,,Y,A,-,N,,0,0,,,0,,,,N,4,0,1,2,A,-,21,22106,,N,H,G,A,A,H,-,A,D,0,,Y,,,Y,,A,7,0,0,1,0,0,0,1,0,0,-,-,0,0,1500,10,LOS ANGELES,LOS ANGELES,CA,-118.46597,33.99061966,"CALIFORNIA AVE & ABBOT KINNEY BLVD, LOS ANGELES, CA, 90291",CALIFORNIA AVE,ABBOT KINNEY BLVD
-118.27389,33.94556046,101107,5396692,2011,4/10/2013 0:00,1942,10/27/2011,655,40059,,4,5,7,1942,0,0,0,,0,,MAIN ST,CENTURY BL,0,,Y,A,-,N,,0,0,,,0,,,,N,4,0,1,2,A,-,9,21801,A,F,D,G,A,A,H,-,A,A,0,,Y,,,Y,,-,99,0,0,1,0,0,0,1,0,0,-,-,0,0,900,10,LOS ANGELES,LOS ANGELES,CA,-118.27389,33.94556046,"S MAIN ST & E CENTURY BLVD, LOS ANGELES, CA, 90003",S MAIN ST,E CENTURY BLVD
-118.5361121,34.23910523,102033,5408923,2011,1/7/2013 0:00,1942,10/27/2011,1445,37774,1785,4,5,7,1942,0,0,0,Q,0,10TL34,RESEDA BL,PRAIRIE ST,7,S,N,A,-,N,,0,0,,,0,,,,N,3,0,1,2,A,-,5,21202,A,N,D,G,A,A,H,-,A,D,0,,Y,,,Y,,L,4,0,1,0,0,0,0,1,0,0,-,-,0,0,1500,10,LOS ANGELES,LOS ANGELES,CA,-118.5361121,34.23910522,"RESEDA BLVD & PRAIRIE ST, LOS ANGELES, CA, 91324",RESEDA BLVD,PRAIRIE ST
-118.2758725,34.02842331,103481,5423182,2011,1/11/2013 0:00,1942,10/27/2011,1000,38503,319,4,5,7,1942,0,0,0,C,0,1ZTL41,FIGUEROA ST,ADAMS BL,110,N,N,A,-,N,,0,0,,,0,,,,N,3,0,1,2,A,-,9,21804,A,N,D,G,A,A,H,-,A,D,0,,Y,,,Y,,A,1,0,1,0,0,0,0,1,0,0,-,-,0,0,1200,10,LOS ANGELES,LOS ANGELES,CA,-118.2758725,34.02842331,"S FIGUEROA ST & W ADAMS BLVD, LOS ANGELES, CA, 90007",S FIGUEROA ST,W ADAMS BLVD