X,Y,FID,CASE_ID,ACCIDENT_YEAR,PROCDATE,JURIS,COLLISION_DATE,COLLISION_TIME,OFFICER_ID,REPORTING_DISTRICT,DAY_OF_WEEK,SHIFT,POPULATION,CNTY_CITY_LOC,SPECIAL_COND,BEAT_TYPE,CHP_BEAT_TYPE,CITY_DIVISION_LAPD,CHP_BEAT_CLASS,BEATNUMB,PRIMARY_RD,SECONDARY_RD,DISTANCE,DIRECTION,INTERSECTION,WEATHER_1,WEATHER_2,STATE_HWY_IND,CALTRANS_COUNTY,CALTRANS_DISTRICT,STATE_ROUTE,ROUTE_SUFFIX,POSTMILE_PREFIX,POSTMILE,LOCATION_TYPE,RAMP_INTERSECTION,SIDE_OF_HWY,TOW_AWAY,COLLISION_SEVERITY,NUMBER_KILLED,NUMBER_INJURED,PARTY_COUNT,PRIMARY_COLL_FACTOR,PCF_CODE_VIOL,PCF_VIOL_CATEGORY,PCF_VIOLATION,PCF_VIOL_SUBSECTION,HIT_AND_RUN,TYPE_OF_COLLISION,MVIW,PED_ACTION,ROAD_SURFACE,ROAD_COND_1,ROAD_COND_2,LIGHTING,CONTROL_DEVICE,CHP_ROAD_TYPE,PEDESTRIAN_ACCIDENT,BICYCLE_ACCIDENT,MOTORCYCLE_ACCIDENT,TRUCK_ACCIDENT,NOT_PRIVATE_PROPERTY,ALCOHOL_INVOLVED,STWD_VEHTYPE_AT_FAULT,CHP_VEHTYPE_AT_FAULT,COUNT_SEVERE_INJ,COUNT_VISIBLE_INJ,COUNT_COMPLAIN_PAIN,COUNT_PED_KILLED,COUNT_PED_INJURED,COUNT_BICYCLIST_KILLED,COUNT_BICYCLIST_INJURED,COUNT_MC_KILLED,COUNT_MC_INJURED,PRIMARY_RAMP,SECONDARY_RAMP,LATITUDE,LONGITUDE,TIMECAT,MONTH_,CITY,COUNTY,STATE,POINT_X,POINT_Y,Match_addr,m_primaryrd,m_secondrd
-118.423607,34.23419952,110089,5511854,2011,6/4/2013 0:00,1942,10/27/2011,1500,27744,1977,4,5,7,1942,0,0,0,,0,,BEACHY AV,BRACKEN ST,80,S,N,A,-,N,,0,0,,,0,,,,N,3,0,1,2,A,-,-,0,,F,D,G,A,A,H,-,A,D,0,,Y,,,Y,,-,99,0,1,0,0,0,0,1,0,0,-,-,0,0,1800,10,LOS ANGELES,LOS ANGELES,CA,-118.423607,34.23419952,"BEACHY AVE & BRACKEN ST, LOS ANGELES, CA, 91331",BEACHY AVE,BRACKEN ST
-118.3266645,34.09988403,98551,5369330,2011,12/27/2012 0:00,1942,10/28/2011,2040,38634,647,5,5,7,1942,0,0,0,F,0,6A79,VINE ST,SELMA AV,40,N,N,A,-,N,,0,0,,,0,,,,N,4,0,1,2,A,-,17,22517,,F,H,G,A,A,H,-,C,D,0,,Y,,,Y,,-,99,0,0,1,0,0,0,1,0,0,-,-,0,0,2100,10,LOS ANGELES,LOS ANGELES,CA,-118.3266645,34.09988403,"VINE ST & SELMA AVE, LOS ANGELES, CA, 90028",VINE ST,SELMA AVE
-118.3385932,34.10155487,99828,5385126,2011,1/15/2013 0:00,1942,10/28/2011,1632,38079,645,5,5,7,1942,0,0,0,F,0,6A15,HOLLYWOOD BL,HIGHLAND AV,30,E,N,A,-,N,,0,0,,,0,,,,N,4,0,1,2,A,-,7,21658,A,N,D,G,A,A,H,-,A,A,0,,Y,,,Y,,L,4,0,0,1,0,0,0,1,0,0,-,-,0,0,1800,10,LOS ANGELES,LOS ANGELES,CA,-118.3385932,34.10155487,"HOLLYWOOD BLVD & N HIGHLAND AVE, LOS ANGELES, CA, 90028",HOLLYWOOD BLVD,N HIGHLAND AVE
-118.30033,34.03905106,99875,5385196,2011,12/28/2012 0:00,1942,10/28/2011,2015,32896,2093,5,5,7,1942,0,0,0,,0,14T47,NORMANDIE AV,CORDOVA ST,0,,Y,A,-,N,,0,0,,,0,,,,N,3,0,1,2,A,-,12,22450,A,F,D,G,A,A,H,-,A,A,0,,Y,,,Y,,-,99,0,1,0,0,0,0,1,0,0,-,-,0,0,2100,10,LOS ANGELES,LOS ANGELES,CA,-118.30033,34.03905106,"S NORMANDIE AVE & CORDOVA ST, LOS ANGELES, CA, 90007",S NORMANDIE AVE,CORDOVA ST
-118.39318,34.05524826,100126,5387640,2011,12/26/2012 0:00,1942,10/28/2011,1645,R2657,857,5,5,7,1942,0,0,0,H,0,8Z4,PICO BL,GLENVILLE DR,0,,Y,A,-,N,,0,0,,,0,,,,N,3,0,1,2,A,-,9,21801,A,N,D,G,A,A,H,-,A,D,0,,Y,,,Y,,A,1,0,1,0,0,0,0,1,0,0,-,-,0,0,1800,10,LOS ANGELES,LOS ANGELES,CA,-118.39318,34.05524826,"W PICO BLVD & GLENVILLE DR, LOS ANGELES, CA, 90035",W PICO BLVD,GLENVILLE DR
-118.3615322,34.16136551,100133,5387649,2011,1/3/2013 0:00,1942,10/28/2011,715,39975,1557,5,5,7,1942,0,0,0,O,0,21TL65,CAHUENGA,ADDISON,30,N,N,A,-,N,,0,0,,,0,,,,N,3,0,1,2,A,-,7,21658,A,F,C,G,A,A,H,-,A,D,0,,Y,,,Y,,-,99,0,1,0,0,0,0,1,0,0,-,-,0,0,900,10,LOS ANGELES,LOS ANGELES,CA,-118.3615322,34.16136551,"CAHUENGA BLVD & ADDISON ST, LOS ANGELES, CA, 91601",CAHUENGA BLVD,ADDISON ST
-118.47605,34.26459122,102041,5408939,2011,1/7/2013 0:00,1942,10/28/2011,1240,39083,1739,5,5,7,1942,0,0,0,Q,0,17A35,CHATSWORTH ST,HASKELL AV,0,,Y,A,-,N,,0,0,,,0,,,,N,3,0,1,2,A,-,-,0,,N,D,G,A,A,H,-,A,A,0,,Y,,,Y,,L,4,0,1,0,0,0,0,1,0,0,-,-,0,0,1500,10,LOS ANGELES,LOS ANGELES,CA,-118.47605,34.26459122,"CHATSWORTH ST & HASKELL AVE, LOS ANGELES, CA, 91344",CHATSWORTH ST,HASKELL AVE
-118.44538,34.06365967,102073,5409690,2011,1/8/2013 0:00,1942,10/28/2011,2210,33757,818,5,5,7,1942,0,0,0,H,0,6T7,LE CONTE AV,WESTWOOD BL,0,,Y,A,-,N,,0,0,,,0,,,,N,3,0,1,3,A,-,9,21801,A,N,D,G,A,A,H,-,C,A,0,,Y,,,Y,,A,1,0,1,0,0,0,0,1,0,0,-,-,0,0,2400,10,LOS ANGELES,LOS ANGELES,CA,-118.44538,34.06365967,"LE CONTE AVE & WESTWOOD BLVD, LOS ANGELES, CA, 90024",LE CONTE AVE,WESTWOOD BLVD
-118.4707146,34.05251312,102118,5409749,2011,1/3/2013 0:00,1942,10/28/2011,1025,39354,832,5,5,7,1942,0,0,0,H,0,7TL23,SAN VICENTE BL,MONTANA AV,235,W,N,A,-,N,,0,0,,,0,,,,N,4,0,1,2,A,-,7,21658,A,N,D,G,A,A,H,-,A,A,0,,Y,,,Y,,L,4,0,0,1,0,0,0,1,0,0,-,-,0,0,1200,10,LOS ANGELES,LOS ANGELES,CA,-118.4707146,34.05251312,"SAN VICENTE BLVD & MONTANA AVE, LOS ANGELES, CA, 90049",SAN VICENTE BLVD,MONTANA AVE
-118.3522432,34.02973175,103480,5423181,2011,1/11/2013 0:00,1942,10/28/2011,1940,31745,393,5,5,7,1942,0,0,0,,0,3T5,LA BREA AV,FIR ST,18,N,N,A,-,N,,0,0,,,0,,,,N,4,0,1,2,A,-,8,22107,,N,D,G,A,-,H,-,C,A,0,,Y,,,Y,,A,1,0,0,1,0,0,0,1,0,0,-,-,0,0,2100,10,LOS ANGELES,LOS ANGELES,CA,-118.3522432,34.02973175,"S LA BREA AVE & FIR ST, LOS ANGELES, CA, 90016",S LA BREA AVE,FIR ST
-118.24192,33.95326996,104124,5433411,2011,1/22/2013 0:00,1942,10/28/2011,1610,25421,1827,5,5,7,1942,0,0,0,R,0,18SL26,92ND ST,BEACH ST,0,,Y,A,-,N,,0,0,,,0,,,,N,4,0,1,2,A,-,9,21801,A,N,B,G,A,-,-,-,A,D,0,,Y,,,Y,,-,-,0,0,1,0,0,0,1,0,0,-,-,0,0,1800,10,LOS ANGELES,LOS ANGELES,CA,-118.24192,33.95326996,"E 92ND ST & BEACH ST, FLORENCE-GRAHAM, CA, 90002",E 92ND ST,BEACH ST
-118.6045047,34.20101547,49695,4750554,2011,1/15/2013 0:00,1942,10/29/2011,945,39473,2136,6,5,7,1942,0,0,0,,0,19TL75,SHERMAN WY,VASSAR AV,25,W,N,A,-,N,,0,0,,,0,,,,N,4,0,1,2,A,-,9,21804,A,F,D,G,A,A,H,-,A,D,0,,Y,,,Y,,-,99,0,0,1,0,0,0,1,0,0,-,-,0,0,1200,10,LOS ANGELES,LOS ANGELES,CA,-118.6045047,34.20101547,"SHERMAN WAY & VASSAR AVE, LOS ANGELES, CA, 91303",SHERMAN WAY,VASSAR AVE
-118.42618,34.01057816,98542,5369318,2011,12/27/2012 0:00,1942,10/29/2011,1905,R2138,1435,6,5,7,1942,0,0,0,N,0,34TF34,MC LAUGHTLIN AV,VICTORIA AV,0,,Y,A,-,N,,0,0,,,0,,,,N,3,0,1,2,A,-,9,21804,A,N,H,G,A,A,H,-,C,A,0,,Y,,,Y,,A,1,0,1,0,0,0,0,1,0,0,-,-,0,0,2100,10,LOS ANGELES,LOS ANGELES,CA,-118.42618,34.01057816,"MCLAUGHLIN AVE & VICTORIA AVE, LOS ANGELES, CA, 90066",MCLAUGHLIN AVE,VICTORIA AVE
-118.4502,33.99541092,98556,5369337,2011,12/27/2012 0:00,1942,10/29/2011,2255,32896,1443,6,5,7,1942,0,0,0,N,0,14T47,VENICE BL,WALNUT AV,0,,Y,A,-,N,,0,0,,,0,,,,N,4,0,1,2,A,-,12,22450,A,F,H,G,A,A,H,-,C,A,0,,Y,,,Y,,-,99,0,0,1,0,0,0,1,0,0,-,-,0,0,2400,10,LOS ANGELES,LOS ANGELES,CA,-118.4502,33.99541092,"VENICE BLVD & WALNUT AVE, LOS ANGELES, CA, 90291",VENICE BLVD,WALNUT AVE
-118.2794522,34.09144592,99680,5383612,2011,1/3/2013 0:00,1942,10/29/2011,1615,38171,204,6,5,7,1942,0,0,0,B,0,2TL28,SUNSET BL,HYPERION AV,100,E,N,A,-,N,,0,0,,,0,,,,N,3,0,1,2,A,-,8,22107,,F,B,G,A,A,H,-,A,D,0,,Y,,,Y,,-,99,0,1,0,0,0,0,1,0,0,-,-,0,0,1800,10,LOS ANGELES,LOS ANGELES,CA,-118.2794522,34.09144592,"W SUNSET BLVD & HYPERION AVE, LOS ANGELES, CA, 90026",W SUNSET BLVD,HYPERION AVE
-118.4352062,34.0478859,99849,5385158,2011,1/14/2013 0:00,1942,10/29/2011,1040,23401,835,6,5,7,1942,0,0,0,H,0,8TL35,WESTWOOD BL,MISSOURI AV,129,S,N,A,-,N,,0,0,,,0,,,,N,3,0,1,2,D,-,0,0,,N,B,G,A,A,H,-,A,D,0,,Y,,,Y,,-,-,0,1,0,0,0,0,1,0,0,-,-,0,0,1200,10,LOS ANGELES,LOS ANGELES,CA,-118.4352062,34.04788589,"WESTWOOD BLVD & MISSOURI AVE, LOS ANGELES, CA, 90025",WESTWOOD BLVD,MISSOURI AVE
-118.5360557,34.20838547,100909,5395524,2011,1/4/2013 0:00,1942,10/29/2011,1620,30947,1012,6,5,7,1942,0,0,0,J,0,35M121,SATICOY ST,RESEDA BL,5,E,N,A,-,N,,0,0,,,0,,,,N,3,0,1,2,A,-,5,21650,,N,D,G,A,A,H,-,A,A,0,,Y,,,Y,,L,4,0,1,0,0,0,0,1,0,0,-,-,0,0,1800,10,LOS ANGELES,LOS ANGELES,CA,-118.5360557,34.20838547,"SATICOY ST & RESEDA BLVD, LOS ANGELES, CA, 91335",SATICOY ST,RESEDA BLVD
-118.44531,34.24264145,100970,5395654,2011,1/10/2013 0:00,1942,10/29/2011,1805,26736,1963,6,5,7,1942,0,0,0,,0,35M31,WOODMAN AV,PLUMMER ST,0,,Y,A,-,N,,0,0,,,0,,,,N,3,0,1,2,A,-,9,21801,A,N,D,G,A,A,H,-,B,A,0,,Y,,,Y,,-,-,0,1,0,0,0,0,1,0,0,-,-,0,0,2100,10,LOS ANGELES,LOS ANGELES,CA,-118.44531,34.24264145,"WOODMAN AVE & PLUMMER ST, LOS ANGELES, CA, 91331",WOODMAN AVE,PLUMMER ST
-118.2738792,33.94918823,103942,5430238,2011,1/15/2013 0:00,1942,10/29/2011,1830,36752,,6,5,7,1942,0,0,0,,0,,COLDEN AV,MAIN ST,7,E,N,A,-,N,,0,0,,,0,,,,N,3,0,1,2,A,-,5,21650,1,N,D,D,A,A,H,-,C,A,0,,Y,,,Y,,L,4,0,1,0,0,0,0,1,0,0,-,-,0,0,2100,10,LOS ANGELES,LOS ANGELES,CA,-118.2738792,33.94918823,"E COLDEN AVE & S MAIN ST, LOS ANGELES, CA, 90003",E COLDEN AVE,S MAIN ST
-118.1866753,34.13114929,99308,5377683,2011,1/2/2013 0:00,1942,10/30/2011,2015,36814,1119,7,5,7,1942,0,0,0,K,0,4T43,CRESTWOOD WY,PINE GROVE AV,60,E,N,A,-,N,,0,0,,,0,,,,N,3,0,1,2,A,-,3,22350,,N,H,A,A,A,B,-,C,D,0,,Y,,,Y,,L,4,0,1,0,0,0,0,1,0,0,-,-,0,0,2100,10,LOS ANGELES,LOS ANGELES,CA,-118.1866753,34.13114929,"CRESTWOOD WAY & PINE GROVE AVE, LOS ANGELES, CA, 90042",CRESTWOOD WAY,PINE GROVE AVE
-118.24663,34.0523796,99316,5377707,2011,1/2/2013 0:00,1942,10/30/2011,2015,38204,123,7,5,7,1942,0,0,0,A,0,,BROADWAY,2ND ST,0,,Y,A,-,N,,0,0,,,0,,,,N,3,0,1,2,A,-,12,21453,A,N,D,G,A,A,H,-,C,A,0,,Y,,,Y,,L,4,0,1,0,0,0,0,1,0,0,-,-,0,0,2100,10,LOS ANGELES,LOS ANGELES,CA,-118.24663,34.0523796,"S BROADWAY & W 2ND ST, LOS ANGELES, CA, 90012",S BROADWAY,W 2ND ST
-118.25178,34.08264923,99658,5383565,2011,1/3/2013 0:00,1942,10/30/2011,1945,38109,1184,7,5,7,1942,0,0,0,K,0,11T21W,MORTON AV,MORTON TER,0,,Y,A,-,N,,0,0,,,0,,,,N,3,0,1,2,A,-,17,21203,,F,H,G,A,A,H,-,C,D,0,,Y,,,Y,,L,4,0,1,0,0,0,0,1,0,0,-,-,0,0,2100,10,LOS ANGELES,LOS ANGELES,CA,-118.25178,34.08264923,"MORTON AVE & MORTON TER, LOS ANGELES, CA, 90026",MORTON AVE,MORTON TER
-118.4470754,34.30555725,100959,5395633,2011,1/11/2013 0:00,1942,10/30/2011,1215,33779,1915,7,5,7,1942,0,0,0,,0,15TL44,GLENOAKS BL,ORO GRANDE ST,120,S,N,A,-,N,,0,0,,,0,,,,N,3,0,1,2,A,-,5,21650,1,F,D,G,A,A,H,-,A,A,0,,Y,,,Y,,L,4,0,1,0,0,0,0,1,0,0,-,-,0,0,1500,10,LOS ANGELES,LOS ANGELES,CA,-118.4470754,34.30555725,"GLENOAKS BLVD & ORO GRANDE ST, LOS ANGELES, CA, 91342",GLENOAKS BLVD,ORO GRANDE ST
-118.3499182,34.08354569,98531,5369307,2011,12/26/2012 0:00,1942,10/31/2011,1525,32565,702,1,5,7,1942,0,0,0,G,0,20TL56,MELROSE AV,FULLER AV,17,W,N,A,-,N,,0,0,,,0,,,,N,3,0,2,3,A,-,9,21802,A,N,D,G,A,A,H,-,A,A,0,,Y,,,Y,,A,7,0,2,0,0,0,0,2,0,0,-,-,0,0,1800,10,LOS ANGELES,LOS ANGELES,CA,-118.3499182,34.08354568,"MELROSE AVE & N FULLER AVE, LOS ANGELES, CA, 90046",MELROSE AVE,N FULLER AVE
-118.3738,34.05286026,98564,5369347,2011,12/26/2012 0:00,1942,10/31/2011,840,34959,752,1,5,7,1942,0,0,0,G,0,7TL23,PICO BL,ALVIRA ST,0,,Y,A,-,N,,0,0,,,0,,,,N,4,0,1,2,A,-,9,21801,A,N,H,G,A,A,H,-,A,D,0,,Y,,,Y,,A,1,0,0,1,0,0,0,1,0,0,-,-,0,0,900,10,LOS ANGELES,LOS ANGELES,CA,-118.3738,34.05286026,"W PICO BLVD & ALVIRA ST, LOS ANGELES, CA, 90035",W PICO BLVD,ALVIRA ST
-118.430327,33.9719925,98652,5369663,2011,1/15/2013 0:00,1942,10/31/2011,845,23401,1465,1,5,7,1942,0,0,0,N,0,8TL35,LINCOLN BL,JEFFERSON BL,17,N,N,A,-,N,,0,0,,,0,,,,N,3,0,1,2,A,-,12,21453,A,N,D,G,A,A,H,-,A,B,0,,Y,,,Y,,L,4,0,1,0,0,0,0,1,0,0,-,-,0,0,900,10,LOS ANGELES,LOS ANGELES,CA,-118.430327,33.9719925,"SR 1 & W JEFFERSON BLVD, LOS ANGELES, CA, 90066",SR 1,W JEFFERSON BLVD
-118.3892531,34.15762329,99595,5382890,2011,1/3/2013 0:00,1942,10/31/2011,1205,31807,1545,1,5,7,1942,0,0,0,O,0,17T14,RIVERSIDE DR,MORELLA AV,224,E,N,A,-,N,,0,0,,,0,,,,N,3,0,1,2,A,-,9,21804,A,N,-,G,A,A,H,-,A,-,0,,Y,,,Y,,L,4,0,1,0,0,0,0,1,0,0,-,-,0,0,1500,10,LOS ANGELES,LOS ANGELES,CA,-118.3892531,34.15762329,"RIVERSIDE DR & MORELLA AVE, LOS ANGELES, CA, 91607",RIVERSIDE DR,MORELLA AVE
0,0,99856,5385170,2011,1/14/2013 0:00,1942,10/31/2011,1520,38776,904,1,5,7,1942,0,0,0,I,0,21TL63,SATICOY ST,NOBLE AV,5,,N,A,-,N,,0,0,,,0,,,,N,3,0,1,2,A,-,9,21802,A,F,H,G,A,A,H,-,A,A,0,,Y,,,Y,Y,-,99,0,1,0,0,0,0,1,0,0,-,-,0,0,1800,10,LOS ANGELES,LOS ANGELES,CA,0,0,,,
-118.2652528,34.00260925,100994,5395924,2011,1/23/2013 0:00,1942,10/31/2011,740,37225,1353,1,5,7,1942,0,0,0,M,0,13TL55,AVALON BL,45TH ST,34,N,N,A,-,N,,0,0,,,0,,,,N,4,0,1,2,D,-,0,0,,N,G,G,A,A,H,-,A,D,0,,Y,,,Y,,-,-,0,0,1,0,0,0,1,0,0,-,-,0,0,900,10,LOS ANGELES,LOS ANGELES,CA,-118.2652528,34.00260925,"AVALON BLVD & E 45TH ST, LOS ANGELES, CA, 90011",AVALON BLVD,E 45TH ST
-118.25333,34.03367996,101002,5395999,2011,1/11/2013 0:00,1942,10/31/2011,1640,39097,,1,5,7,1942,0,0,0,,0,,SAN PEDRO,12TH ST,0,,Y,A,-,N,,0,0,,,0,,,,N,3,0,1,2,A,-,12,21453,A,N,D,G,A,A,H,-,A,A,0,,Y,,,Y,,-,-,0,1,0,0,0,0,1,0,0,-,-,0,0,1800,10,LOS ANGELES,LOS ANGELES,CA,-118.25333,34.03367996,"S SAN PEDRO ST & E 12TH ST, LOS ANGELES, CA, 90015",S SAN PEDRO ST,E 12TH ST
-118.5990522,34.20759964,101448,5400566,2011,12/26/2012 0:00,1942,10/31/2011,1520,35084,2136,1,5,7,1942,0,0,0,,0,21A1,ALABAMA AV,SATICOY,250,S,N,A,-,N,,0,0,,,0,,,,N,2,0,1,3,A,-,17,22517,,N,H,G,A,A,H,-,A,D,0,,Y,,,Y,Y,A,1,1,0,0,0,0,0,1,0,0,-,-,0,0,1800,10,LOS ANGELES,LOS ANGELES,CA,-118.5990522,34.20759964,"ALABAMA AVE & SATICOY ST, LOS ANGELES, CA, 91303",ALABAMA AVE,SATICOY ST
-118.28421,34.05239868,99137,5373779,2011,1/24/2013 0:00,1942,11/1/2011,1825,37611,271,2,5,7,1942,0,0,0,B,0,1T24,OLYMPIC BL,HOOVER ST,0,,Y,A,-,N,,0,0,,,0,,,,N,4,0,1,2,A,-,9,21801,A,N,D,G,A,A,H,-,B,A,0,,Y,,,Y,,L,4,0,0,1,0,0,0,1,0,0,-,-,0,0,2100,11,LOS ANGELES,LOS ANGELES,CA,-118.28421,34.05239868,"W OLYMPIC BLVD & S HOOVER ST, LOS ANGELES, CA, 90006",W OLYMPIC BLVD,S HOOVER ST
-118.2020216,34.02824218,99292,5377499,2011,6/21/2013 0:00,1942,11/1/2011,905,32996,478,2,5,7,1942,0,0,0,,0,4TL43,WHITTIER BL,LORENA ST,318,W,N,A,-,Y,LA,7,60,-,R,1.123,R,1,E,N,4,0,1,2,A,-,9,21802,A,N,D,G,A,A,H,-,A,A,0,,Y,,,Y,,A,1,0,0,1,0,0,0,1,0,0,-,-,0,0,1200,11,LOS ANGELES,LOS ANGELES,CA,-118.2020216,34.02824218,60/EB OFF WHITIER & LORENA,60/EB OFF WHITIER & LORENA,
-118.2189,34.07069016,100097,5386967,2011,1/25/2013 0:00,1942,11/1/2011,650,32996,421,2,5,7,1942,0,0,0,D,0,4TL43,AVENUE 20,ALBION ST,0,,Y,A,-,N,,0,0,,,0,,,,N,2,0,1,2,A,-,6,21750,,N,B,G,A,A,H,-,B,D,0,,Y,,Y,Y,,F,21,1,0,0,0,0,0,1,0,0,-,-,0,0,900,11,LOS ANGELES,LOS ANGELES,CA,-118.2189,34.07069016,"S AVE 20 & ALBION ST, LOS ANGELES, CA, 90031",S AVE 20,ALBION ST
-118.2444604,34.0530014,100107,5387011,2011,1/25/2013 0:00,1942,11/1/2011,910,37482,124,2,5,7,1942,0,0,0,A,0,1TL11,SPRING ST,1ST ST,18,N,N,A,-,N,,0,0,,,0,,,,N,4,0,1,2,A,-,5,21650,1,N,D,G,A,A,H,-,A,A,0,,Y,,,Y,,L,4,0,0,1,0,0,0,1,0,0,-,-,0,0,1200,11,LOS ANGELES,LOS ANGELES,CA,-118.2444604,34.0530014,"N SPRING ST & W 1ST ST, LOS ANGELES, CA, 90012",N SPRING ST,W 1ST ST
-118.2152398,34.05010986,100412,5390404,2011,1/19/2013 0:00,1942,11/1/2011,1600,35009,453,2,5,7,1942,0,0,0,D,0,4A66,CESAR CHAVEZ,STATE ST,20,W,N,A,-,N,,0,0,,,0,,,,N,4,0,1,2,A,-,5,21650,,N,D,G,A,A,H,-,A,A,0,,Y,,,Y,,L,4,0,0,1,0,0,0,1,0,0,-,-,0,0,1800,11,LOS ANGELES,LOS ANGELES,CA,-118.2152398,34.05010986,"E CESAR E CHAVEZ AVE & N STATE ST, LOS ANGELES, CA, 90033",E CESAR E CHAVEZ AVE,N STATE ST
-118.25936,34.11465073,100434,5390426,2011,1/24/2013 0:00,1942,11/1/2011,940,34265,,2,5,7,1942,0,0,0,,0,,TYBURN ST,MADERA AV,0,,Y,A,-,N,,0,0,,,0,,,,N,4,0,1,2,A,-,12,22450,A,N,D,G,A,A,H,-,A,A,0,,Y,,,Y,,A,1,0,0,1,0,0,0,1,0,0,-,-,0,0,1200,11,LOS ANGELES,LOS ANGELES,CA,-118.25936,34.11465073,"TYBURN ST & MADERA AVE, LOS ANGELES, CA, 90039",TYBURN ST,MADERA AVE
-118.332353,34.06624985,100602,5391695,2011,1/24/2013 0:00,1942,11/1/2011,940,30261,738,2,5,7,1942,0,0,0,G,0,8TL83,HUDSON AV,4TH ST,2,S,N,A,-,N,,0,0,,,0,,,,N,3,0,1,2,A,-,12,22450,A,N,D,G,A,B,H,-,A,A,0,,Y,,,Y,,L,4,0,1,0,0,0,0,1,0,0,-,-,0,0,1200,11,LOS ANGELES,LOS ANGELES,CA,-118.332353,34.06624985,"S HUDSON AVE & W 4TH ST, LOS ANGELES, CA, 90020",S HUDSON AVE,W 4TH ST
-118.3266651,34.09785843,102068,5409683,2011,1/26/2013 0:00,1942,11/1/2011,1155,37770,666,2,5,7,1942,0,0,0,F,0,6TL2,VINE ST,SUNSET BL,50,S,N,A,-,N,,0,0,,,0,,,,N,4,0,1,2,A,-,5,21650,1,N,D,G,A,A,H,-,A,A,0,,Y,,,Y,,L,4,0,0,1,0,0,0,1,0,0,-,-,0,0,1200,11,LOS ANGELES,LOS ANGELES,CA,-118.3266651,34.09785843,"VINE ST & W SUNSET BLVD, LOS ANGELES, CA, 90028",VINE ST,W SUNSET BLVD
-118.2818167,34.02666092,102676,5416490,2011,1/12/2013 0:00,1942,11/1/2011,1805,39970,328,2,5,7,1942,0,0,0,C,0,12T73,30TH ST,UNIVERSITY DR,5,W,N,A,-,N,,0,0,,,0,,,,N,3,0,1,2,A,-,12,22450,A,N,H,G,A,A,H,-,B,A,0,,Y,,,Y,,A,1,0,1,0,0,0,0,1,0,0,-,-,0,0,2100,11,LOS ANGELES,LOS ANGELES,CA,-118.2818167,34.02666092,"W 30TH ST & UNIVERSITY AVE, LOS ANGELES, CA, 90007",W 30TH ST,UNIVERSITY AVE
-118.2427815,33.78107071,103108,5419629,2011,1/23/2013 0:00,1942,11/1/2011,1140,37146,529,2,5,7,1942,0,0,0,E,0,5TL21,ANAHEIM ST,CRISTOBAL AV,9,W,N,A,-,N,,0,0,,,0,,,,N,4,0,1,2,A,-,5,21650,1,N,D,G,A,A,H,-,A,A,0,,Y,,,Y,,L,4,0,0,1,0,0,0,1,0,0,-,-,0,0,1200,11,LOS ANGELES,LOS ANGELES,CA,-118.2427815,33.78107071,"E ANAHEIM ST & CRISTOBAL AVE, LOS ANGELES, CA, 90744",E ANAHEIM ST,CRISTOBAL AVE
-118.2975,34.07275009,103190,5421871,2011,1/22/2013 0:00,1942,11/1/2011,1830,45025,2016,2,5,7,1942,0,0,0,,0,7T23,1ST ST,EDGEMONT,0,,Y,A,-,N,,0,0,,,0,,,,N,3,0,1,2,A,-,9,21802,A,N,D,G,A,A,H,-,C,A,0,,Y,,,Y,,L,4,0,1,0,0,0,0,1,0,0,-,-,0,0,2100,11,LOS ANGELES,LOS ANGELES,CA,-118.2975,34.07275009,"W 1ST ST & N EDGEMONT ST, LOS ANGELES, CA, 90004",W 1ST ST,N EDGEMONT ST
-118.3798744,34.17353439,103236,5421943,2011,2/6/2013 0:00,1942,11/1/2011,1640,39575,1535,2,5,7,1942,0,0,0,O,0,16TL28,LANKERSHIM BL,COLLINS ST,175,S,N,A,-,N,,0,0,,,0,,,,N,3,0,1,2,A,-,17,22517,,N,H,G,A,A,H,-,A,D,0,,Y,,,Y,,A,7,0,1,0,0,0,0,1,0,0,-,-,0,0,1800,11,LOS ANGELES,LOS ANGELES,CA,-118.3798744,34.17353439,"LANKERSHIM BLVD & COLLINS ST, LOS ANGELES, CA, 91601",LANKERSHIM BLVD,COLLINS ST
-118.37467,34.19105148,103242,5421951,2011,1/23/2013 0:00,1942,11/1/2011,1620,33779,1527,2,5,7,1942,0,0,0,O,0,15TL44,LEMAY ST,FAIR AV,0,,Y,A,-,N,,0,0,,,0,,,,N,3,0,1,2,A,-,12,22450,A,N,D,G,A,A,H,-,A,A,0,,Y,,,Y,,L,4,0,1,0,0,0,0,1,0,0,-,-,0,0,1800,11,LOS ANGELES,LOS ANGELES,CA,-118.37467,34.19105148,"LEMAY ST & FAIR AVE, LOS ANGELES, CA, 91606",LEMAY ST,FAIR AVE