X,Y,FID,CASE_ID,ACCIDENT_YEAR,PROCDATE,JURIS,COLLISION_DATE,COLLISION_TIME,OFFICER_ID,REPORTING_DISTRICT,DAY_OF_WEEK,SHIFT,POPULATION,CNTY_CITY_LOC,SPECIAL_COND,BEAT_TYPE,CHP_BEAT_TYPE,CITY_DIVISION_LAPD,CHP_BEAT_CLASS,BEATNUMB,PRIMARY_RD,SECONDARY_RD,DISTANCE,DIRECTION,INTERSECTION,WEATHER_1,WEATHER_2,STATE_HWY_IND,CALTRANS_COUNTY,CALTRANS_DISTRICT,STATE_ROUTE,ROUTE_SUFFIX,POSTMILE_PREFIX,POSTMILE,LOCATION_TYPE,RAMP_INTERSECTION,SIDE_OF_HWY,TOW_AWAY,COLLISION_SEVERITY,NUMBER_KILLED,NUMBER_INJURED,PARTY_COUNT,PRIMARY_COLL_FACTOR,PCF_CODE_VIOL,PCF_VIOL_CATEGORY,PCF_VIOLATION,PCF_VIOL_SUBSECTION,HIT_AND_RUN,TYPE_OF_COLLISION,MVIW,PED_ACTION,ROAD_SURFACE,ROAD_COND_1,ROAD_COND_2,LIGHTING,CONTROL_DEVICE,CHP_ROAD_TYPE,PEDESTRIAN_ACCIDENT,BICYCLE_ACCIDENT,MOTORCYCLE_ACCIDENT,TRUCK_ACCIDENT,NOT_PRIVATE_PROPERTY,ALCOHOL_INVOLVED,STWD_VEHTYPE_AT_FAULT,CHP_VEHTYPE_AT_FAULT,COUNT_SEVERE_INJ,COUNT_VISIBLE_INJ,COUNT_COMPLAIN_PAIN,COUNT_PED_KILLED,COUNT_PED_INJURED,COUNT_BICYCLIST_KILLED,COUNT_BICYCLIST_INJURED,COUNT_MC_KILLED,COUNT_MC_INJURED,PRIMARY_RAMP,SECONDARY_RAMP,LATITUDE,LONGITUDE,TIMECAT,MONTH_,CITY,COUNTY,STATE,POINT_X,POINT_Y,Match_addr,m_primaryrd,m_secondrd
-118.4934722,34.27199554,105987,5462107,2011,1/28/2013 0:00,1942,12/21/2011,1830,39575,1737,3,5,7,1942,0,0,0,Q,0,16TL28,HAYVENHURST AV,SAN FERNANDO MISSION,4,N,N,A,-,N,,0,0,,,0,,,,N,4,0,1,2,A,-,5,21650,1,N,-,G,A,A,H,-,C,A,0,,Y,,,Y,,L,4,0,0,1,0,0,0,1,0,0,-,-,0,0,2100,12,LOS ANGELES,LOS ANGELES,CA,-118.4934722,34.27199554,"HAYVENHURST AVE & SAN FERNANDO MISSION BLVD, LOS ANGELES, CA, 91344",HAYVENHURST AVE,SAN FERNANDO MISSION BLVD
-118.431241,34.0050163,106909,5473686,2011,1/28/2013 0:00,1942,12/21/2011,1100,37770,1443,3,5,7,1942,0,0,0,N,0,7TL23,VENICE BL,GRAND VIEW BL,26,E,N,A,-,N,,0,0,,,0,,,,N,3,0,1,2,A,-,9,21801,A,N,D,G,A,A,H,-,A,A,0,,Y,,,Y,,A,1,0,1,0,0,0,0,1,0,0,-,-,0,0,1200,12,LOS ANGELES,LOS ANGELES,CA,-118.431241,34.0050163,"VENICE BLVD & GRAND VIEW BLVD, LOS ANGELES, CA, 90066",VENICE BLVD,GRAND VIEW BLVD
-118.43016,34.17572022,107263,5477601,2011,1/29/2013 0:00,1942,12/21/2011,930,33829,948,3,5,7,1942,0,0,0,I,0,10TL32,BUFFALO AV,HATTERAS AV,0,,Y,A,-,N,,0,0,,,0,,,,N,3,0,1,2,A,-,3,22350,,N,B,G,A,A,H,-,A,D,0,,Y,,,Y,,A,7,0,1,0,0,0,0,1,0,0,-,-,0,0,1200,12,LOS ANGELES,LOS ANGELES,CA,-118.43016,34.17572021,"BUFFALO AVE & HATTERAS ST, LOS ANGELES, CA, 91401",BUFFALO AVE,HATTERAS ST
-118.4487701,34.20175171,107265,5477609,2011,1/29/2013 0:00,1942,12/21/2011,1045,30452,914,3,5,7,1942,0,0,0,I,0,9TL53,VAN NUYS BL,SHERMAN WAY,206,N,N,A,-,N,,0,0,,,0,,,,N,4,0,1,2,B,-,22,0,,N,H,G,A,-,H,-,A,D,0,,Y,,,Y,,L,4,0,0,1,0,0,0,1,0,0,-,-,0,0,1200,12,LOS ANGELES,LOS ANGELES,CA,-118.4487701,34.20175171,"VAN NUYS BLVD & SHERMAN WAY, LOS ANGELES, CA, 91405",VAN NUYS BLVD,SHERMAN WAY
0,0,109038,5496774,2011,2/4/2013 0:00,1942,12/21/2011,1630,37292,355,3,5,7,1942,0,0,0,C,0,3A54,CIMARRON AV,JEFFERSON BL,2,N,N,A,-,N,,0,0,,,0,,,,N,4,0,1,2,A,-,5,21650,1,N,D,G,A,A,H,-,C,D,0,,Y,,,Y,,L,4,0,0,1,0,0,0,1,0,0,-,-,0,0,1800,12,LOS ANGELES,LOS ANGELES,CA,0,0,,,
-118.3059387,34.05586624,104939,5451232,2011,1/28/2013 0:00,1942,12/22/2011,820,38421,2033,4,5,7,1942,0,0,0,,0,7TL23,JAMES M WOOD,HOBART AV,178,W,N,A,-,N,,0,0,,,0,,,,N,4,0,1,2,A,-,9,21801,A,N,H,G,A,A,H,-,A,D,0,,Y,,,Y,,D,22,0,0,1,0,0,0,1,0,0,-,-,0,0,900,12,LOS ANGELES,LOS ANGELES,CA,-118.3059387,34.05586624,"JAMES M WOOD BLVD & S HOBART BLVD, LOS ANGELES",JAMES M WOOD BLVD,S HOBART BLVD
0,0,106725,5469607,2011,1/29/2013 0:00,1942,12/22/2011,1100,37469,834,4,5,7,1942,0,0,0,H,0,8TL35,BELLAGIO RD,SUNSET BL,19,N,N,A,-,N,,0,0,,,0,,,,N,4,0,1,3,A,-,4,21703,,N,H,C,A,A,H,-,A,A,0,,Y,,,Y,,A,8,0,0,1,0,0,0,1,0,0,-,-,0,0,1200,12,LOS ANGELES,LOS ANGELES,CA,0,0,,,
-118.350613,34.06877518,106868,5472421,2011,2/4/2013 0:00,1942,12/22/2011,840,37469,734,4,5,7,1942,0,0,0,G,0,8TL35,HAUSER AV,FULLER AV,5,N,N,A,-,N,,0,0,,,0,,,,N,3,0,1,2,A,-,10,21950,A,N,G,G,A,A,H,-,A,D,0,,Y,,,Y,,D,22,0,1,0,0,0,0,1,0,0,-,-,0,0,900,12,LOS ANGELES,LOS ANGELES,CA,-118.350613,34.06877518,"HAUSER BLVD & S FULLER AVE, LOS ANGELES, CA, 90036",HAUSER BLVD,S FULLER AVE
-118.450899,34.18264389,107266,5477613,2011,1/29/2013 0:00,1942,12/22/2011,950,30452,933,4,5,7,1942,0,0,0,I,0,9TL53,DELANO ST,VESPER AV,4,E,N,A,-,N,,0,0,,,0,,,,N,4,0,1,2,A,-,9,21804,A,N,H,G,A,A,H,-,A,D,0,,Y,,,Y,,L,4,0,0,1,0,0,0,1,0,0,-,-,0,0,1200,12,LOS ANGELES,LOS ANGELES,CA,-118.450899,34.18264389,"DELANO ST & VESPER AVE, LOS ANGELES, CA, 91411",DELANO ST,VESPER AVE
-118.3042,34.25962067,105256,5453713,2011,1/29/2013 0:00,1942,12/23/2011,1835,10398,,5,5,7,1942,0,0,0,,0,,FOOTHILL BL,JARDINE ST,37,E,N,A,-,N,,0,0,,,0,,,,N,2,0,1,2,D,-,0,0,,F,D,G,A,A,H,-,C,D,0,,Y,,,Y,Y,-,-,1,0,0,0,0,0,1,0,0,-,-,0,0,2100,12,LOS ANGELES,LOS ANGELES,CA,-118.3042,34.25962067,"FOOTHILL BLVD & JARDINE AVE, LOS ANGELES, CA, 91040",FOOTHILL BLVD,JARDINE AVE
-118.3389835,34.04850769,105937,5462056,2011,2/4/2013 0:00,1942,12/23/2011,2045,37911,765,5,5,7,1942,0,0,0,G,0,20T54,PICO BL,SAN VICENTE BL,150,E,N,A,-,N,,0,0,,,0,,,,N,4,0,1,2,B,-,22,0,,N,H,G,A,A,H,-,C,D,0,,Y,,,Y,,A,1,0,0,1,0,0,0,1,0,0,-,-,0,0,2100,12,LOS ANGELES,LOS ANGELES,CA,-118.3389835,34.04850769,"W PICO BLVD & SAN VICENTE BLVD, LOS ANGELES, CA, 90019",W PICO BLVD,SAN VICENTE BLVD
-118.4093523,34.25429153,106093,5462808,2011,1/29/2013 0:00,1942,12/23/2011,1945,38980,1653,5,5,7,1942,0,0,0,P,0,9T57,OSBORNE ST,SAN FERNANDO RD,60,E,N,A,-,N,,0,0,,,0,,,,N,3,0,1,2,A,-,12,22451,,N,D,G,A,-,H,-,D,A,0,,Y,,,Y,,L,4,0,1,0,0,0,0,1,0,0,-,-,0,0,2100,12,LOS ANGELES,LOS ANGELES,CA,-118.4093523,34.25429153,"OSBORNE ST & SAN FERNANDO RD, LOS ANGELES, CA, 91331",OSBORNE ST,SAN FERNANDO RD
-118.380159,34.20118332,106158,5462876,2011,2/4/2013 0:00,1942,12/23/2011,1920,35330,1505,5,5,7,1942,0,0,0,O,0,16T23,SHERMAN WAY,KRAFT AV,4,E,N,A,-,N,,0,0,,,0,,,,N,4,0,1,2,A,-,9,21804,A,N,D,G,A,A,H,-,C,D,0,,Y,,,Y,Y,L,4,0,0,1,0,0,0,1,0,0,-,-,0,0,2100,12,LOS ANGELES,LOS ANGELES,CA,-118.380159,34.20118332,"SHERMAN WAY & KRAFT AVE, LOS ANGELES, CA, 91605",SHERMAN WAY,KRAFT AVE
-118.2873493,33.75128555,106620,5468963,2011,2/21/2013 0:00,1942,12/23/2011,1630,31271,555,5,5,7,1942,0,0,0,E,0,3A19,FRONT ST,PACIFIC AV,10,E,N,A,-,N,,0,0,,,0,,,,N,3,0,1,2,A,-,9,21804,A,N,D,G,A,A,H,-,B,A,0,,Y,,,Y,,L,4,0,1,0,0,0,0,1,0,0,-,-,0,0,1800,12,LOS ANGELES,LOS ANGELES,CA,-118.2873493,33.75128555,"N FRONT ST & N PACIFIC AVE, LOS ANGELES, CA, 90731",N FRONT ST,N PACIFIC AVE
-118.50665,34.26477814,107153,5476390,2011,2/4/2013 0:00,1942,12/23/2011,1350,32690,1735,5,5,7,1942,0,0,0,Q,0,10TL34,CHATSWORTH ST,AMESTOY AV,0,,Y,A,-,N,,0,0,,,0,,,,N,4,0,1,2,A,-,5,21650,1,N,D,G,A,A,H,-,A,A,0,,Y,,,Y,,L,4,0,0,1,0,0,0,1,0,0,-,-,0,0,1500,12,LOS ANGELES,LOS ANGELES,CA,-118.50665,34.26477814,"CHATSWORTH ST & AMESTOY AVE, LOS ANGELES, CA, 91344",CHATSWORTH ST,AMESTOY AVE
-118.53606,34.20117188,105086,5453041,2011,1/28/2013 0:00,1942,12/24/2011,1800,39479,,6,5,7,1942,0,0,0,,0,,SHERMAN WY,RESEDA AV,0,,Y,A,-,N,,0,0,,,0,,,,N,4,0,1,2,A,-,5,21650,1,N,A,G,A,A,H,-,C,A,0,,Y,,,Y,,L,4,0,0,1,0,0,0,1,0,0,-,-,0,0,2100,12,LOS ANGELES,LOS ANGELES,CA,-118.53606,34.20117188,"SHERMAN WAY & RESEDA BLVD, LOS ANGELES, CA, 91335",SHERMAN WAY,RESEDA BLVD
-118.2916951,34.06179428,106040,5462731,2011,2/4/2013 0:00,1942,12/24/2011,2135,39187,2027,6,5,7,1942,0,0,0,,0,6T11,WILSHIRE BL,VERMONT AV,10,W,N,A,-,N,,0,0,,,0,,,,N,4,0,1,2,A,-,9,21804,A,N,H,G,A,A,H,-,C,A,0,,Y,,,Y,,L,4,0,0,1,0,0,0,1,0,0,-,-,0,0,2400,12,LOS ANGELES,LOS ANGELES,CA,-118.2916951,34.06179428,"WILSHIRE BLVD & S VERMONT AVE, LOS ANGELES, CA, 90010",WILSHIRE BLVD,S VERMONT AVE
-118.285306,34.06882095,106043,5462735,2011,2/4/2013 0:00,1942,12/24/2011,955,39835,2029,6,5,7,1942,0,0,0,,0,6T7,3RD ST,COMMONWEALTH AV,138,E,N,A,-,N,,0,0,,,0,,,,N,3,0,1,2,A,-,4,21703,,F,C,G,A,A,H,-,A,D,0,,Y,,,Y,,-,99,0,1,0,0,0,0,1,0,0,-,-,0,0,1200,12,LOS ANGELES,LOS ANGELES,CA,-118.285306,34.06882095,"W 3RD ST & S COMMONWEALTH AVE, LOS ANGELES, CA, 90020",W 3RD ST,S COMMONWEALTH AVE
-118.4291152,34.19029617,106050,5462744,2011,2/8/2013 0:00,1942,12/24/2011,1315,39372,929,6,5,7,1942,0,0,0,I,0,9A63W2,KITTRIDGE ST,VENTURA CANYON AV,10,W,N,A,-,N,,0,0,,,0,,,,N,4,0,1,2,A,-,8,22107,,N,B,G,A,A,H,-,A,D,0,,Y,,,Y,,L,4,0,0,1,0,0,0,1,0,0,-,-,0,0,1500,12,LOS ANGELES,LOS ANGELES,CA,-118.4291152,34.19029617,"KITTRIDGE ST & VENTURA CANYON AVE, LOS ANGELES, CA, 91401",KITTRIDGE ST,VENTURA CANYON AVE
-118.2916272,34.04818344,106056,5462752,2011,2/4/2013 0:00,1942,12/25/2011,1345,32565,2069,7,5,7,1942,0,0,0,,0,20TL56,VERMONT AV,OLYMPIC BL,1590,S,N,A,-,N,,0,0,,,0,,,,N,4,0,1,2,A,-,5,21650,1,N,D,G,A,A,H,-,A,A,0,,Y,,,Y,,L,4,0,0,1,0,0,0,1,0,0,-,-,0,0,1500,12,LOS ANGELES,LOS ANGELES,CA,-118.2916272,34.04818344,"S VERMONT AVE & W OLYMPIC BLVD, LOS ANGELES, CA, 90006",S VERMONT AVE,W OLYMPIC BLVD
-118.2879623,33.73057938,107408,5478393,2011,1/31/2013 0:00,1942,12/25/2011,1525,36911,567,7,5,7,1942,0,0,0,E,0,6T25,PACIFIC AV,15TH ST,6,S,N,A,-,N,,0,0,,,0,,,,N,3,0,1,2,A,-,9,21801,A,N,D,G,A,A,H,-,A,D,0,,Y,,,Y,,A,1,0,1,0,0,0,0,1,0,0,-,-,0,0,1800,12,LOS ANGELES,LOS ANGELES,CA,-118.2879623,33.73057938,"S PACIFIC AVE & W 15TH ST, LOS ANGELES, CA, 90731",S PACIFIC AVE,W 15TH ST
-118.3012423,34.03271484,107430,5478434,2011,1/31/2013 0:00,1942,12/25/2011,1010,33599,326,7,5,7,1942,0,0,0,,0,3TL5,ADAMS BL,BRIGHTON AV,88,E,N,A,-,N,,0,0,,,0,,,,N,3,0,1,2,A,-,17,22517,,N,H,G,A,A,H,-,A,D,0,,Y,,,Y,,A,7,0,1,0,0,0,0,1,0,0,-,-,0,0,1200,12,LOS ANGELES,LOS ANGELES,CA,-118.3012423,34.03271484,"W ADAMS BLVD & BRIGHTON AVE, LOS ANGELES, CA, 90018",W ADAMS BLVD,BRIGHTON AVE
-118.37769,34.1699791,106136,5462852,2011,1/29/2013 0:00,1942,12/26/2011,1710,33779,1549,1,5,7,1942,0,0,0,O,0,15TL44,CUMPSTON ST,LANKERSHIM BL,0,,Y,A,-,N,,0,0,,,0,,,,N,3,0,1,2,A,-,5,21650,1,N,D,G,A,A,H,-,B,A,0,,Y,,,Y,,A,1,0,1,0,0,0,0,1,0,0,-,-,0,0,1800,12,LOS ANGELES,LOS ANGELES,CA,-118.37769,34.1699791,"CUMPSTON ST & LANKERSHIM BLVD, LOS ANGELES, CA, 91601",CUMPSTON ST,LANKERSHIM BLVD
-118.2915424,34.02548599,109045,5496789,2011,2/4/2013 0:00,1942,12/26/2011,1400,24673,358,1,5,7,1942,0,0,0,C,0,3MQ57,JEFFERSON BL,VERMONT AV,6,E,N,A,-,N,,0,0,,,0,,,,N,2,0,1,2,A,-,5,21650,1,F,D,G,A,A,H,-,A,A,0,,Y,,,Y,,L,4,1,0,0,0,0,0,1,0,0,-,-,0,0,1500,12,LOS ANGELES,LOS ANGELES,CA,-118.2915424,34.02548599,"W JEFFERSON BLVD & S VERMONT AVE, LOS ANGELES, CA, 90007",W JEFFERSON BLVD,S VERMONT AVE
-118.44551,34.05836105,106090,5462805,2011,1/30/2013 0:00,1942,12/27/2011,1330,37715,833,2,5,7,1942,0,0,0,H,0,8TL35,WILSHIRE BL,GAYLEY AV,0,,Y,A,-,N,,0,0,,,0,,,,N,4,0,1,2,A,-,5,21650,,N,D,G,A,A,H,-,A,A,0,,Y,,,Y,,L,4,0,0,1,0,0,0,1,0,0,-,-,0,0,1500,12,LOS ANGELES,LOS ANGELES,CA,-118.44551,34.05836105,"WILSHIRE BLVD & GAYLEY AVE, LOS ANGELES, CA, 90024",WILSHIRE BLVD,GAYLEY AVE
-118.39037,34.0283012,106091,5462806,2011,2/5/2013 0:00,1942,12/27/2011,2250,39222,1409,2,5,7,1942,0,0,0,N,0,7T23,ROBERTSON BL,VENICE BL,0,,Y,A,-,N,,0,0,,,0,,,,N,3,0,1,2,A,-,12,21453,A,N,D,G,A,A,H,-,C,A,0,,Y,,,Y,,-,-,0,1,0,0,0,0,1,0,0,-,-,0,0,2400,12,LOS ANGELES,LOS ANGELES,CA,-118.39037,34.0283012,"ROBERTSON BLVD & VENICE BLVD, LOS ANGELES, CA, 90232",ROBERTSON BLVD,VENICE BLVD
0,0,106400,5466423,2011,2/2/2013 0:00,1942,12/27/2011,720,38383,1321,2,5,7,1942,0,0,0,M,0,2TL25,WASHINGTON BL,MAIN ST,50,W,N,A,-,N,,0,0,,,0,,,,N,4,0,1,2,A,-,3,22350,,F,B,G,A,A,H,-,A,D,0,,Y,,,Y,,-,99,0,0,1,0,0,0,1,0,0,-,-,0,0,900,12,LOS ANGELES,LOS ANGELES,CA,0,0,,,
-118.55349,34.1758194,106959,5473751,2011,1/28/2013 0:00,1942,12/27/2011,1640,13807,1041,2,5,7,1942,0,0,0,J,0,17TL14,TAMPA AV,HATTERAS ST,0,,Y,A,-,N,,0,0,,,0,,,,N,3,0,1,2,A,-,3,22350,,F,D,G,A,-,H,-,A,A,0,,Y,,,Y,,-,99,0,1,0,0,0,0,1,0,0,-,-,0,0,1800,12,LOS ANGELES,LOS ANGELES,CA,-118.55349,34.1758194,"TAMPA AVE & HATTERAS ST, LOS ANGELES, CA, 91356",TAMPA AVE,HATTERAS ST
-118.4070688,34.0188293,105950,5462069,2011,2/1/2013 0:00,1942,12/28/2011,1455,33839,1438,3,5,7,1942,0,0,0,N,0,6TL2,OVERLAND AV,VENICE BL,20,N,N,A,-,N,,0,0,,,0,,,,N,4,0,1,2,A,-,5,21650,1,F,D,G,A,A,H,-,A,A,0,,Y,,,Y,,L,4,0,0,1,0,0,0,1,0,0,-,-,0,0,1500,12,LOS ANGELES,LOS ANGELES,CA,-118.4070688,34.0188293,"OVERLAND AVE & VENICE BLVD, LOS ANGELES, CA, 90034",OVERLAND AVE,VENICE BLVD
-118.3878219,34.20662689,106125,5462840,2011,1/29/2013 0:00,1942,12/28/2011,1220,38033,1504,3,5,7,1942,0,0,0,O,0,19TL72,LANKERSHIM BL,COHASSET ST,3,S,N,A,-,N,,0,0,,,0,,,,N,4,0,1,2,A,-,5,21650,1,N,D,G,A,A,H,-,A,A,0,,Y,,,Y,,L,4,0,0,1,0,0,0,1,0,0,-,-,0,0,1500,12,LOS ANGELES,LOS ANGELES,CA,-118.3878219,34.20662689,"LANKERSHIM BLVD & COHASSET ST, LOS ANGELES, CA, 91605",LANKERSHIM BLVD,COHASSET ST
-118.2603497,34.11861038,106409,5466459,2011,2/2/2013 0:00,1942,12/28/2011,1825,33330,1123,3,5,7,1942,0,0,0,K,0,11A1,GLENDALE BL,BRUNSWICK,8,S,N,A,-,N,,0,0,,,0,,,,N,3,0,1,2,D,-,0,0,,N,G,G,A,A,H,-,C,A,0,,Y,,,Y,,-,-,0,1,0,0,0,0,1,0,0,-,-,0,0,2100,12,LOS ANGELES,LOS ANGELES,CA,-118.2603497,34.11861038,"GLENDALE BLVD & BRUNSWICK AVE, LOS ANGELES, CA, 90039",GLENDALE BLVD,BRUNSWICK AVE
-118.29585,34.07629013,105058,5452754,2011,1/26/2013 0:00,1942,12/29/2011,1030,37223,221,4,5,7,1942,0,0,0,,0,2A31,HELIOTROPE DR,BEVERLY BL,0,,Y,B,-,N,,0,0,,,0,,,,N,4,0,1,2,A,-,9,21801,A,N,D,G,A,A,H,-,A,D,0,,Y,,,Y,,A,1,0,0,1,0,0,0,1,0,0,-,-,0,0,1200,12,LOS ANGELES,LOS ANGELES,CA,-118.29585,34.07629013,"N HELIOTROPE DR & BEVERLY BLVD, LOS ANGELES, CA, 90004",N HELIOTROPE DR,BEVERLY BLVD
-118.5360013,34.17368287,105927,5462043,2011,5/3/2013 0:00,1942,12/29/2011,2120,38820,1063,4,5,7,1942,0,0,0,J,0,9T55,RESEDA BL,COLLINS ST,110,S,N,A,-,Y,LA,7,101,-,-,21.104,R,4,N,N,4,0,1,2,A,-,5,21650,1,F,D,G,A,A,H,-,C,A,0,,Y,,,Y,,L,4,0,0,1,0,0,0,1,0,0,-,-,0,0,2400,12,LOS ANGELES,LOS ANGELES,CA,-118.5360013,34.17368287,101/NB OFF RESEDA BLVD,101/NB OFF RESEDA BLVD,
-118.3965222,34.18585205,106113,5462828,2011,1/29/2013 0:00,1942,12/29/2011,1355,38380,54628,4,5,7,1942,0,0,0,,0,9TL56,LAUREL CANYON BL,VICTORY BL,300,S,N,A,-,N,,0,0,,,0,,,,N,4,0,1,2,A,-,5,21650,1,N,D,G,A,A,H,-,A,A,0,,Y,,,Y,,L,4,0,0,1,0,0,0,1,0,0,-,-,0,0,1500,12,LOS ANGELES,LOS ANGELES,CA,-118.3965222,34.18585205,"LAUREL CANYON BLVD & VICTORY BLVD, LOS ANGELES, CA, 91606",LAUREL CANYON BLVD,VICTORY BLVD
-118.2679343,34.12812805,106166,5463556,2011,1/26/2013 0:00,1942,12/29/2011,1815,27150,1102,4,5,7,1942,0,0,0,K,0,11A1,BRUNSWICK AV,RIGALI AV,300,S,N,A,-,N,,0,0,,,0,,,,N,4,0,1,2,A,-,14,21201,D,N,B,G,A,A,H,-,C,D,0,,Y,,,Y,,L,4,0,0,1,0,0,0,1,0,0,-,-,0,0,2100,12,LOS ANGELES,LOS ANGELES,CA,-118.2679343,34.12812805,"BRUNSWICK AVE & RIGALI AVE, LOS ANGELES, CA, 90039",BRUNSWICK AVE,RIGALI AVE
-118.28309,34.0632019,106401,5466427,2011,2/2/2013 0:00,1942,12/29/2011,1905,34252,241,4,5,7,1942,0,0,0,B,0,4T43,6TH ST,LAFAYETTE PARK PL,0,,N,A,-,N,,0,0,,,0,,,,N,4,0,1,2,A,-,5,21202,A,N,D,G,A,A,H,-,C,D,0,,Y,,,Y,,L,4,0,0,1,0,0,0,1,0,0,-,-,0,0,2100,12,LOS ANGELES,LOS ANGELES,CA,-118.28309,34.0632019,"W 6TH ST & S LA FAYETTE PARK PL, LOS ANGELES, CA, 90057",W 6TH ST,S LA FAYETTE PARK PL
-118.3003542,34.0398674,106875,5472437,2011,2/4/2013 0:00,1942,12/29/2011,2120,37686,2093,4,5,7,1942,0,0,0,,0,20T59,NORMANDIE AV,WASHINGTON BL,35,S,N,A,-,N,,0,0,,,0,,,,Y,3,0,1,2,A,-,8,22107,,N,B,G,A,A,H,-,C,D,0,,Y,,,Y,,D,22,0,1,0,0,0,0,1,0,0,-,-,0,0,2400,12,LOS ANGELES,LOS ANGELES,CA,-118.3003542,34.0398674,"NORMANDIE AVE & W WASHINGTON BLVD, LOS ANGELES, CA, 90007",NORMANDIE AVE,W WASHINGTON BLVD
-118.41979,34.23609924,108070,5484551,2011,1/26/2013 0:00,1942,12/29/2011,1725,36347,1979,4,5,7,1942,0,0,0,,0,19X66,ARLETA AV,BRANFORD ST,0,,Y,A,-,N,,0,0,,,0,,,,N,4,0,1,2,A,-,8,22107,,N,C,G,A,A,H,-,C,A,0,,Y,,,Y,,L,4,0,0,1,0,0,0,1,0,0,-,-,0,0,1800,12,LOS ANGELES,LOS ANGELES,CA,-118.41979,34.23609924,"ARLETA AVE & BRANFORD ST, LOS ANGELES, CA, 91331",ARLETA AVE,BRANFORD ST
-118.31731,34.06893921,109035,5496769,2011,2/15/2013 0:00,1942,12/29/2011,1540,36061,393,4,5,7,1942,0,0,0,C,0,3A63,43RD ST,NORTON AV,0,,Y,A,-,N,,0,0,,,0,,,,N,4,0,1,2,A,-,9,21802,A,N,D,G,A,A,H,-,A,D,0,,Y,,,Y,,-,-,0,0,1,0,0,0,1,0,0,-,-,0,0,1800,12,LOS ANGELES,LOS ANGELES,CA,-118.31731,34.06893921,"W 3RD ST & S NORTON AVE, LOS ANGELES, CA, 90020",W 3RD ST,S NORTON AVE
-118.2947925,34.00265884,105887,5461813,2011,1/29/2013 0:00,1942,12/30/2011,1800,36659,1204,5,5,7,1942,0,0,0,L,0,12TL73,45TH ST,BUDLONG AV,340,E,N,A,-,N,,0,0,,,0,,,,N,4,0,1,2,A,-,17,22517,,F,B,G,A,A,H,-,C,D,0,,Y,,,Y,,-,99,0,0,1,0,0,0,1,0,0,-,-,0,0,2100,12,LOS ANGELES,LOS ANGELES,CA,-118.2947925,34.00265884,"W 45TH ST & S BUDLONG AVE, LOS ANGELES, CA, 90037",W 45TH ST,S BUDLONG AVE
-118.28909,34.05498886,107043,5475860,2011,1/29/2013 0:00,1942,12/30/2011,1350,34959,2049,5,5,7,1942,0,0,0,,0,20T59,WESTMORELAND AV,SAN MARINO ST,0,,Y,A,-,N,,0,0,,,0,,,,N,3,0,1,2,A,-,9,21802,A,N,H,G,A,A,H,-,A,A,0,,Y,,,Y,,A,7,0,1,0,0,0,0,1,0,0,-,-,0,0,1500,12,LOS ANGELES,LOS ANGELES,CA,-118.28909,34.05498886,"S WESTMORELAND AVE & SAN MARINO ST, LOS ANGELES, CA, 90006",S WESTMORELAND AVE,SAN MARINO ST
-118.24088,34.0503693,107259,5477193,2011,1/28/2013 0:00,1942,12/30/2011,1410,37547,127,5,5,7,1942,0,0,0,A,0,4A71,SAN PEDRO,1ST ST,0,,Y,A,-,N,,0,0,,,0,,,,N,4,0,1,2,A,-,12,21453,A,N,D,G,A,A,H,-,A,A,0,,Y,,,Y,,-,-,0,0,1,0,0,0,1,0,0,-,-,0,0,1500,12,LOS ANGELES,LOS ANGELES,CA,-118.24088,34.0503693,"S SAN PEDRO ST & E 1ST ST, LOS ANGELES, CA, 90012",S SAN PEDRO ST,E 1ST ST
-118.2583147,34.0771637,106172,5463727,2011,2/2/2013 0:00,1942,12/31/2011,2015,30083,218,6,5,7,1942,0,0,0,B,0,11T521,SUNSET BL,LOGAN ST,40,E,N,A,-,N,,0,0,,,0,,,,N,3,0,1,2,A,-,12,21453,A,N,H,G,A,A,H,-,C,A,0,,Y,,,Y,Y,L,4,0,1,0,0,0,0,1,0,0,-,-,0,0,2100,12,LOS ANGELES,LOS ANGELES,CA,-118.2583147,34.0771637,"W SUNSET BLVD & LOGAN ST, LOS ANGELES, CA, 90026",W SUNSET BLVD,LOGAN ST
-118.2723943,34.04843521,107210,5477125,2011,1/28/2013 0:00,1942,12/31/2011,725,32973,279,6,5,7,1942,0,0,0,B,0,2TL15,VALENCIA ST,OLYMPIC BL,5,E,N,A,-,N,,0,0,,,0,,,,N,4,0,1,2,A,-,5,21650,1,N,D,G,A,A,H,-,A,A,0,,Y,,,Y,,L,4,0,0,1,0,0,0,1,0,0,-,-,0,0,900,12,LOS ANGELES,LOS ANGELES,CA,-118.2723943,34.04843521,"VALENCIA ST & W OLYMPIC BLVD, LOS ANGELES, CA, 90015",VALENCIA ST,W OLYMPIC BLVD