X,Y,FID,CASE_ID,ACCIDENT_YEAR,PROCDATE,JURIS,COLLISION_DATE,COLLISION_TIME,OFFICER_ID,REPORTING_DISTRICT,DAY_OF_WEEK,SHIFT,POPULATION,CNTY_CITY_LOC,SPECIAL_COND,BEAT_TYPE,CHP_BEAT_TYPE,CITY_DIVISION_LAPD,CHP_BEAT_CLASS,BEATNUMB,PRIMARY_RD,SECONDARY_RD,DISTANCE,DIRECTION,INTERSECTION,WEATHER_1,WEATHER_2,STATE_HWY_IND,CALTRANS_COUNTY,CALTRANS_DISTRICT,STATE_ROUTE,ROUTE_SUFFIX,POSTMILE_PREFIX,POSTMILE,LOCATION_TYPE,RAMP_INTERSECTION,SIDE_OF_HWY,TOW_AWAY,COLLISION_SEVERITY,NUMBER_KILLED,NUMBER_INJURED,PARTY_COUNT,PRIMARY_COLL_FACTOR,PCF_CODE_VIOL,PCF_VIOL_CATEGORY,PCF_VIOLATION,PCF_VIOL_SUBSECTION,HIT_AND_RUN,TYPE_OF_COLLISION,MVIW,PED_ACTION,ROAD_SURFACE,ROAD_COND_1,ROAD_COND_2,LIGHTING,CONTROL_DEVICE,CHP_ROAD_TYPE,PEDESTRIAN_ACCIDENT,BICYCLE_ACCIDENT,MOTORCYCLE_ACCIDENT,TRUCK_ACCIDENT,NOT_PRIVATE_PROPERTY,ALCOHOL_INVOLVED,STWD_VEHTYPE_AT_FAULT,CHP_VEHTYPE_AT_FAULT,COUNT_SEVERE_INJ,COUNT_VISIBLE_INJ,COUNT_COMPLAIN_PAIN,COUNT_PED_KILLED,COUNT_PED_INJURED,COUNT_BICYCLIST_KILLED,COUNT_BICYCLIST_INJURED,COUNT_MC_KILLED,COUNT_MC_INJURED,PRIMARY_RAMP,SECONDARY_RAMP,LATITUDE,LONGITUDE,TIMECAT,MONTH_,CITY,COUNTY,STATE,POINT_X,POINT_Y,Match_addr,m_primaryrd,m_secondrd
-118.3090121,34.0363159,107836,5483054,2012,6/11/2013 0:00,1942,1/10/2012,1630,32565,2091,2,5,7,1942,0,0,0,,0,2OTL56,WESTERN AV,22ND ST,3,S,N,A,-,N,,0,0,,,0,,,,N,4,0,1,2,A,-,5,21650,1,N,D,G,A,A,H,-,A,A,0,,Y,,,Y,,L,4,0,0,1,0,0,0,1,0,0,-,-,0,0,1800,1,LOS ANGELES,LOS ANGELES,CA,-118.3090121,34.0363159,"S WESTERN AVE & W 22ND ST, LOS ANGELES, CA, 90018",S WESTERN AVE,W 22ND ST
-118.4387336,34.02275085,107867,5483095,2012,6/8/2013 0:00,1942,1/10/2012,1535,39316,1402,2,5,7,1942,0,0,0,N,0,8TL28,BARRINGTON BL,NATIONAL BL,33,N,N,A,-,N,,0,0,,,0,,,,N,3,0,1,2,A,-,5,21650,1,N,D,G,A,A,H,-,A,A,0,,Y,,,Y,,L,4,0,1,0,0,0,0,1,0,0,-,-,0,0,1800,1,LOS ANGELES,LOS ANGELES,CA,-118.4387336,34.02275085,"S BARRINGTON AVE & NATIONAL BLVD, LOS ANGELES, CA, 90064",S BARRINGTON AVE,NATIONAL BLVD
-118.3416732,34.10154343,107904,5483163,2012,8/6/2013 0:00,1942,1/10/2012,2120,39565,645,2,5,7,1942,0,0,0,F,0,8T35,HOLLYWOOD BL,ORANGE AV,30,E,N,A,-,N,,0,0,,,0,,,,N,3,0,1,2,A,-,7,21658,A,F,B,G,A,A,H,-,C,D,0,,Y,,,Y,,-,99,0,1,0,0,0,0,1,0,0,-,-,0,0,2400,1,LOS ANGELES,LOS ANGELES,CA,-118.3416732,34.10154343,"HOLLYWOOD BLVD & N ORANGE DR, LOS ANGELES, CA, 90028",HOLLYWOOD BLVD,N ORANGE DR
-118.3295217,34.06196594,107905,5483166,2012,6/8/2013 0:00,1942,1/10/2012,1700,37387,749,2,5,7,1942,0,0,0,G,0,20A22,WILSHIRE BL,W MUIRFIELD RD,12,W,N,A,-,N,,0,0,,,0,,,,N,3,0,1,2,A,-,5,21650,,N,D,G,A,A,H,-,B,D,0,,Y,,,Y,,L,4,0,1,0,0,0,0,1,0,0,-,-,0,0,1800,1,LOS ANGELES,LOS ANGELES,CA,-118.3295217,34.06196594,"WILSHIRE BLVD & S MUIRFIELD RD, LOS ANGELES, CA, 90005",WILSHIRE BLVD,S MUIRFIELD RD
-118.3002689,34.04721451,107950,5483314,2012,6/13/2013 0:00,1942,1/10/2012,2030,35199,2074,2,5,7,1942,0,0,0,,0,7T23W3,PICO BL,NORMANDIE AV,84,W,N,A,-,N,,0,0,,,0,,,,N,2,0,1,2,A,-,17,22517,,N,H,G,A,A,H,-,C,D,0,,Y,,,Y,,A,1,1,0,0,0,0,0,1,0,0,-,-,0,0,2100,1,LOS ANGELES,LOS ANGELES,CA,-118.3002689,34.04721451,"W PICO BLVD & S NORMANDIE AVE, LOS ANGELES, CA, 90006",W PICO BLVD,S NORMANDIE AVE
-118.2651,33.96012878,108832,5494810,2012,6/8/2013 0:00,1942,1/10/2012,2000,35936,1803,2,5,7,1942,0,0,0,R,0,12T41,AVALON BL,MANCHESTER AV,0,,Y,A,-,N,,0,0,,,0,,,,N,3,0,1,2,A,-,12,21453,A,N,D,G,A,A,H,-,C,A,0,,Y,,,Y,,L,4,0,1,0,0,0,0,1,0,0,-,-,0,0,2100,1,LOS ANGELES,LOS ANGELES,CA,-118.2651,33.96012878,"AVALON BLVD & E MANCHESTER AVE, LOS ANGELES, CA, 90001",AVALON BLVD,E MANCHESTER AVE
-118.5536022,34.24271393,108910,5495949,2012,7/13/2013 0:00,1942,1/10/2012,1750,31807,1764,2,5,7,1942,0,0,0,Q,0,17T14,TAMPA AV,PLUMMER ST,8,S,N,A,-,N,,0,0,,,0,,,,N,4,0,1,2,A,-,9,21804,A,N,D,G,A,A,H,-,C,A,0,,Y,,,Y,,L,4,0,0,1,0,0,0,1,0,0,-,-,0,0,1800,1,LOS ANGELES,LOS ANGELES,CA,-118.5536022,34.24271393,"TAMPA AVE & PLUMMER ST, LOS ANGELES, CA, 91324",TAMPA AVE,PLUMMER ST
-118.2974624,33.79772186,110424,5514654,2012,6/25/2013 0:00,1942,1/10/2012,750,38707,513,2,5,7,1942,0,0,0,E,0,12TL41,NORMANDLE,LOMITA BL,5,S,N,A,-,N,,0,0,,,0,,,,N,3,0,1,2,A,-,5,21650,,N,D,G,A,A,H,-,A,D,0,,Y,,,Y,,L,4,0,1,0,0,0,0,1,0,0,-,-,0,0,900,1,LOS ANGELES,LOS ANGELES,CA,-118.2974624,33.79772186,"NORMANDIE AVE & LOMITA BLVD, LOS ANGELES, CA, 90710",NORMANDIE AVE,LOMITA BLVD
-118.2916426,34.05596542,107830,5483046,2012,6/11/2013 0:00,1942,1/11/2012,1535,32565,2049,3,5,7,1942,0,0,0,,0,20TL56,VERMONT AV,JAMES M WOOD BL,15,N,N,A,-,N,,0,0,,,0,,,,N,4,0,2,2,B,-,22,0,,N,H,B,F,A,H,-,A,A,0,Y,Y,,,Y,,L,4,0,0,2,0,1,0,1,0,0,-,-,0,0,1800,1,LOS ANGELES,LOS ANGELES,CA,-118.2916426,34.05596542,"S VERMONT AVE & JAMES M WOOD BLVD, LOS ANGELES, CA, 90005",S VERMONT AVE,JAMES M WOOD BLVD
-118.2917307,34.08065033,107984,5483602,2012,6/17/2013 0:00,1942,1/11/2012,2255,39184,211,3,5,7,1942,0,0,0,B,0,13T53,VERMONT AV,CLINTON ST,410,S,N,A,-,N,,0,0,,,0,,,,Y,3,0,1,2,A,-,12,21453,A,N,D,G,A,A,H,-,C,A,0,,Y,,,Y,,-,-,0,1,0,0,0,0,1,0,0,-,-,0,0,2400,1,LOS ANGELES,LOS ANGELES,CA,-118.2917307,34.08065033,"N VERMONT AVE & CLINTON ST, LOS ANGELES, CA, 90004",N VERMONT AVE,CLINTON ST
-118.25646,33.99663162,108095,5484594,2012,6/12/2013 0:00,1942,1/11/2012,1930,34426,1363,3,5,7,1942,0,0,0,M,0,1T24,CENTRAL AV,51ST ST,0,,Y,A,-,N,,0,0,,,0,,,,N,4,0,1,2,A,-,5,21650,1,N,D,G,A,A,H,-,C,A,0,,Y,,,Y,,L,4,0,0,1,0,0,0,1,0,0,-,-,0,0,2100,1,LOS ANGELES,LOS ANGELES,CA,-118.25646,33.99663162,"S CENTRAL AVE & E 51ST ST, LOS ANGELES, CA, 90011",S CENTRAL AVE,E 51ST ST
-118.457453,34.17944336,108148,5485155,2012,6/5/2013 0:00,1942,1/11/2012,1330,39975,941,3,5,7,1942,0,0,0,I,0,9TL54,KESTER AV,OXNARD ST,21,N,N,A,-,N,,0,0,,,0,,,,N,3,0,1,2,A,-,9,21801,A,N,D,G,A,A,H,-,A,A,0,,Y,,,Y,,A,1,0,1,0,0,0,0,1,0,0,-,-,0,0,1500,1,LOS ANGELES,LOS ANGELES,CA,-118.457453,34.17944336,"KESTER AVE & OXNARD ST, LOS ANGELES, CA, 91411",KESTER AVE,OXNARD ST
-118.3038424,33.83150864,113919,5556054,2012,6/11/2013 0:00,1942,1/11/2012,1820,36911,506,3,5,7,1942,0,0,0,E,0,5T25,DENKER AV,CARSON ST,5,N,N,A,-,N,,0,0,,,0,,,,N,4,0,1,2,A,-,5,21650,1,N,D,G,A,A,H,-,C,A,0,,Y,,,Y,Y,L,4,0,0,1,0,0,0,1,0,0,-,-,0,0,2100,1,LOS ANGELES,LOS ANGELES,CA,-118.3038424,33.83150864,"DENKER AVE & W CARSON ST, LOS ANGELES, CA, 90501",DENKER AVE,W CARSON ST
-118.35043,34.04508972,105451,5455857,2012,6/15/2013 0:00,1942,1/12/2012,1620,38220,774,4,5,7,1942,0,0,0,G,0,7A1,VENICE BL,REDONDO BL,0,,N,A,-,N,,0,0,,,0,,,,N,4,0,1,2,A,-,5,21650,1,N,G,G,A,A,H,-,A,A,0,,Y,,,Y,,L,4,0,0,1,0,0,0,1,0,0,-,-,0,0,1800,1,LOS ANGELES,LOS ANGELES,CA,-118.35043,34.04508972,"VENICE BLVD & S REDONDO BLVD, LOS ANGELES, CA, 90019",VENICE BLVD,S REDONDO BLVD
-118.40362,34.02906036,105473,5456040,2012,6/15/2013 0:00,1942,1/12/2012,800,33191,1407,4,5,7,1942,0,0,0,N,0,14TL47,NATIONAL BL,EXPOSTION BL,0,,Y,A,-,N,,0,0,,,0,,,,N,4,0,1,2,A,-,5,21650,1,N,A,G,A,A,H,-,A,D,0,,Y,,,Y,,L,4,0,0,1,0,0,0,1,0,0,-,-,0,0,900,1,LOS ANGELES,LOS ANGELES,CA,-118.40362,34.02906036,"NATIONAL BLVD & EXPOSITION BLVD, LOS ANGELES, CA, 90034",NATIONAL BLVD,EXPOSITION BLVD
-118.2365771,34.06574249,107997,5483638,2012,6/17/2013 0:00,1942,1/12/2012,925,37482,111,4,5,7,1942,0,0,0,A,0,2TL15,NORTH BROADWAY,BAMBOO LN,3,N,N,A,-,N,,0,0,,,0,,,,N,3,0,1,2,A,-,8,22107,,N,B,G,A,A,H,-,A,D,0,,Y,,,Y,,A,1,0,1,0,0,0,0,1,0,0,-,-,0,0,1200,1,LOS ANGELES,LOS ANGELES,CA,-118.2365771,34.06574249,"N BROADWAY & BAMBOO LN, LOS ANGELES, CA, 90012",N BROADWAY,BAMBOO LN
-118.27544,34.06280899,108012,5483669,2012,6/17/2013 0:00,1942,1/12/2012,1905,33260,245,4,5,7,1942,0,0,0,B,0,2T15,GRAND VIEW AV,OCEAN VIEW ST,0,,Y,A,-,N,,0,0,,,0,,,,N,4,0,1,2,A,-,12,22450,A,N,D,G,A,A,H,-,C,A,0,,Y,,,Y,,L,4,0,0,1,0,0,0,1,0,0,-,-,0,0,2100,1,LOS ANGELES,LOS ANGELES,CA,-118.27544,34.06280899,"S GRAND VIEW ST & OCEAN VIEW AVE, LOS ANGELES",S GRAND VIEW ST,OCEAN VIEW AVE
-118.19458,34.02027893,108261,5485602,2012,6/25/2013 0:00,1942,1/12/2012,2045,30083,,4,5,7,1942,0,0,0,,0,,BESWICK ST,LOS PALOS ST,0,,Y,A,-,N,,0,0,,,0,,,,N,3,0,1,2,A,-,12,22450,A,F,D,G,A,A,H,-,C,D,0,,Y,,,Y,,-,99,0,1,0,0,0,0,1,0,0,-,-,0,0,2100,1,LOS ANGELES,LOS ANGELES,CA,-118.19458,34.02027893,"BESWICK ST & LOS PALOS ST, LOS ANGELES, CA, 90023",BESWICK ST,LOS PALOS ST
-118.5549211,34.0384712,109691,5504766,2012,9/17/2013 0:00,1942,1/12/2012,2300,35199,861,4,5,7,1942,0,0,0,,0,8TL34W,PACIFIC COAST HWY,SUNSET BL,222,S,N,A,-,Y,LA,7,1,-,-,39.29,H,-,S,Y,3,0,1,2,A,-,5,21650,1,N,D,G,A,A,H,-,C,D,0,,Y,,,Y,,L,4,0,1,0,0,0,0,1,0,0,-,-,0,0,2400,1,LOS ANGELES,LOS ANGELES,CA,-118.5549211,34.0384712,"SR 1 & W SUNSET BLVD, LOS ANGELES, CA, 90272",SR 1,W SUNSET BLVD
-118.30455,34.01818848,111112,5522365,2012,6/22/2013 0:00,1942,1/12/2012,2000,37724,376,4,5,7,1942,0,0,0,C,0,18T27,EXPOSITION BL,DENKER AV,0,,Y,A,-,N,,0,0,,,0,,,,N,4,0,1,2,A,-,12,21453,A,N,G,G,A,A,H,-,C,A,0,,Y,,,Y,Y,A,1,0,0,1,0,0,0,1,0,0,-,-,0,0,2100,1,LOS ANGELES,LOS ANGELES,CA,-118.30455,34.01818848,"EXPOSITION BLVD & DENKER AVE, LOS ANGELES, CA, 90018",EXPOSITION BLVD,DENKER AVE
-118.25859,33.96936035,105366,5454683,2012,6/15/2013 0:00,1942,1/13/2012,700,36256,,5,5,7,1942,0,0,0,,0,,77TH ST,WADSWORTH AV,0,,Y,A,-,N,,0,0,,,0,,,,N,3,0,1,2,A,-,1,21200,5,N,H,G,A,A,H,-,A,A,0,,Y,,,Y,,L,4,0,1,0,0,0,0,1,0,0,-,-,0,0,900,1,LOS ANGELES,LOS ANGELES,CA,-118.25859,33.96936035,"E 77TH ST & WADSWORTH AVE, LOS ANGELES, CA, 90001",E 77TH ST,WADSWORTH AVE
-118.3496733,34.04082108,105534,5457314,2012,6/15/2013 0:00,1942,1/13/2012,1850,24517,774,5,5,7,1942,0,0,0,G,0,7TL38,ORANGE DR,WASHINGTON BL,10,N,N,A,-,N,,0,0,,,0,,,,N,4,0,1,2,A,-,5,21650,1,N,A,G,A,A,H,-,C,A,0,,Y,,,Y,,L,4,0,0,1,0,0,0,1,0,0,-,-,0,0,2100,1,LOS ANGELES,LOS ANGELES,CA,-118.3496733,34.04082108,"S ORANGE DR & W WASHINGTON BLVD, LOS ANGELES, CA, 90016",S ORANGE DR,W WASHINGTON BLVD
-118.43307,34.0605011,105541,5457329,2012,6/15/2013 0:00,1942,1/13/2012,1425,40097,834,5,5,7,1942,0,0,0,H,0,8TL28,ASHTON AV,WESTHOLME AV,0,,Y,A,-,N,,0,0,,,0,,,,N,3,0,2,2,A,-,9,21803,A,N,D,G,A,A,H,-,A,A,0,,Y,,,Y,,A,1,0,1,1,0,0,0,1,0,0,-,-,0,0,1500,1,LOS ANGELES,LOS ANGELES,CA,-118.43307,34.0605011,"ASHTON AVE & WESTHOLME AVE, LOS ANGELES, CA, 90024",ASHTON AVE,WESTHOLME AVE
-118.34018,34.10411835,105542,5457330,2012,6/15/2013 0:00,1942,1/13/2012,1505,31255,645,5,5,7,1942,0,0,0,F,0,6TL2,FRANKLIN AV,ORCHID AV,0,,Y,A,-,N,,0,0,,,0,,,,N,2,0,1,2,A,-,9,21801,A,N,D,G,A,A,H,-,A,A,0,,Y,,,Y,,A,1,1,0,0,0,0,0,1,0,0,-,-,0,0,1800,1,LOS ANGELES,LOS ANGELES,CA,-118.34018,34.10411835,"FRANKLIN AVE & ORCHID AVE, LOS ANGELES, CA, 90028",FRANKLIN AVE,ORCHID AVE
-118.2675639,34.07011032,105766,5460712,2012,6/10/2013 0:00,1942,1/13/2012,2040,36946,235,5,5,7,1942,0,0,0,,0,1T11,TEMPLE ST,ALVARADO ST,150,S,N,A,-,N,,0,0,,,0,,,,N,4,0,1,2,A,-,17,21200,,N,H,G,A,A,H,-,C,D,0,,Y,,,Y,Y,L,4,0,0,1,0,0,0,1,0,0,-,-,0,0,2100,1,LOS ANGELES,LOS ANGELES,CA,-118.2675639,34.07011032,"W TEMPLE ST & N ALVARADO ST, LOS ANGELES, CA, 90026",W TEMPLE ST,N ALVARADO ST
-118.42866,34.02733994,106742,5469690,2012,6/20/2013 0:00,1942,1/13/2012,1930,34385,1403,5,5,7,1942,0,0,0,N,0,6TL7,SEPULVEDA BL,NATIONAL BL,0,,Y,A,-,N,,0,0,,,0,,,,N,3,0,1,2,A,-,9,21801,A,N,D,G,A,A,H,-,C,A,0,,Y,,,Y,,L,4,0,1,0,0,0,0,1,0,0,-,-,0,0,2100,1,LOS ANGELES,LOS ANGELES,CA,-118.42866,34.02733994,"S SEPULVEDA BLVD & NATIONAL BLVD, LOS ANGELES, CA, 90034",S SEPULVEDA BLVD,NATIONAL BLVD
-118.29267,34.05265045,107693,5481402,2012,6/6/2013 0:00,1942,1/13/2012,1200,39212,2056,5,5,7,1942,0,0,0,,0,20TL56,OLYMPIC BL,NEW HAMPSHIRE AV,0,,Y,A,-,N,,0,0,,,0,,,,N,3,0,1,2,A,-,9,21801,A,N,D,G,A,A,H,-,A,D,0,,Y,,,Y,,A,8,0,1,0,0,0,0,1,0,0,-,-,0,0,1500,1,LOS ANGELES,LOS ANGELES,CA,-118.29267,34.05265045,"W OLYMPIC BLVD & S NEW HAMPSHIRE AVE, LOS ANGELES, CA, 90006",W OLYMPIC BLVD,S NEW HAMPSHIRE AVE
-118.2916972,34.07699585,107853,5483077,2012,6/11/2013 0:00,1942,1/13/2012,1915,39299,2015,5,5,7,1942,0,0,0,,0,20T59,VERMONT AV,BEVERLY BL,245,N,N,A,-,N,,0,0,,,0,,,,N,4,0,1,2,A,-,8,22107,,N,D,G,A,A,H,-,C,D,0,,Y,,,Y,,A,7,0,0,1,0,0,0,1,0,0,-,-,0,0,2100,1,LOS ANGELES,LOS ANGELES,CA,-118.2916972,34.07699585,"N VERMONT AVE & BEVERLY BLVD, LOS ANGELES, CA, 90004",N VERMONT AVE,BEVERLY BLVD
0,0,107930,5483229,2012,6/7/2013 0:00,1942,1/13/2012,2005,22801,724,5,5,7,1942,0,0,0,,0,6U2,FAIRFAX AV,2ND ST,8,S,N,A,-,N,,0,0,,,0,,,,N,4,0,1,2,A,-,7,21658,A,F,H,G,A,A,H,-,C,D,0,,Y,,,Y,,-,99,0,0,1,0,0,0,1,0,0,-,-,0,0,2100,1,LOS ANGELES,LOS ANGELES,CA,0,0,,,
-118.3394408,34.04843521,107939,5483269,2012,6/7/2013 0:00,1942,1/13/2012,1000,37911,765,5,5,7,1942,0,0,0,,0,7T23,SAN VICENTE BL,PICO BL,10,S,N,A,-,N,,0,0,,,0,,,,N,4,0,1,2,A,-,5,21650,,F,B,G,A,A,H,-,A,A,0,,Y,,,Y,,-,99,0,0,1,0,0,0,1,0,0,-,-,0,0,1200,1,LOS ANGELES,LOS ANGELES,CA,-118.3394408,34.04843521,"SAN VICENTE BLVD & W PICO BLVD, LOS ANGELES, CA, 90019",SAN VICENTE BLVD,W PICO BLVD
-118.2024611,34.06860733,108010,5483665,2012,6/17/2013 0:00,1942,1/13/2012,1050,32973,424,5,5,7,1942,0,0,0,D,0,13TL22,LINCOLN PARK AV,MISSION RD,300,N,N,A,-,N,,0,0,,,0,,,,N,4,0,1,2,C,-,18,0,,N,B,E,A,A,H,-,A,D,0,,Y,,,Y,,-,-,0,0,1,0,0,0,1,0,0,-,-,0,0,1200,1,LOS ANGELES,LOS ANGELES,CA,-118.2024611,34.06860733,"LINCOLN PARK AVE & N MISSION RD, LOS ANGELES, CA, 90031",LINCOLN PARK AVE,N MISSION RD
-118.4509,34.18463898,108128,5485135,2012,6/5/2013 0:00,1942,1/13/2012,1320,37582,933,5,5,7,1942,0,0,0,I,0,9A23,SYLVAN ST,VESPER AV,0,,Y,A,-,N,,0,0,,,0,,,,N,4,0,1,2,A,-,12,22450,A,N,B,G,A,A,H,-,A,D,0,,Y,,,Y,,L,4,0,0,1,0,0,0,1,0,0,-,-,0,0,1500,1,LOS ANGELES,LOS ANGELES,CA,-118.4509,34.18463898,"SYLVAN ST & VESPER AVE, LOS ANGELES, CA, 91411",SYLVAN ST,VESPER AVE
-118.2580712,34.04203796,108266,5485609,2012,6/25/2013 0:00,1942,1/13/2012,1840,36946,,5,5,7,1942,0,0,0,,0,,HILL ST,OLYMPIC BL,200,N,N,A,-,N,,0,0,,,0,,,,N,4,0,1,2,A,-,9,21804,A,F,D,G,A,A,H,-,C,D,0,,Y,,,Y,,-,99,0,0,1,0,0,0,1,0,0,-,-,0,0,2100,1,LOS ANGELES,LOS ANGELES,CA,-118.2580712,34.04203796,"S HILL ST & W OLYMPIC BLVD, LOS ANGELES, CA, 90015",S HILL ST,W OLYMPIC BLVD
-118.2914612,33.89689636,108831,5494806,2012,6/8/2013 0:00,1942,1/13/2012,1850,39991,1871,5,5,7,1942,0,0,0,R,0,12T73,149TH ST,VERMONT AV,50,E,N,A,-,N,,0,0,,,0,,,,N,4,0,1,2,A,-,10,21950,A,N,D,G,A,A,H,-,C,A,0,,Y,,,Y,,A,1,0,0,1,0,0,0,1,0,0,-,-,0,0,2100,1,LOS ANGELES,LOS ANGELES,CA,-118.2914612,33.89689636,"W 149TH ST & VERMONT AVE, LOS ANGELES, CA, 90247",W 149TH ST,VERMONT AVE
-118.2157106,34.02249146,108299,5485659,2012,6/27/2013 0:00,1942,1/14/2012,1500,37952,497,6,5,7,1942,0,0,0,D,0,4TL4,OLYMPIC BL,CAMULOS ST,20,W,N,A,-,N,,0,0,,,0,,,,N,3,0,1,2,A,-,5,21650,,F,D,G,A,A,H,-,A,D,0,,Y,,,Y,,L,4,0,1,0,0,0,0,1,0,0,-,-,0,0,1800,1,LOS ANGELES,LOS ANGELES,CA,-118.2157106,34.02249146,"E OLYMPIC BLVD & CAMULOS ST, LOS ANGELES, CA, 90023",E OLYMPIC BLVD,CAMULOS ST
0,0,110528,5515973,2012,6/15/2013 0:00,1942,1/14/2012,1600,34997,319,6,5,7,1942,0,0,0,C,0,,24TH ST,FIGUEROA ST,3,E,N,A,-,N,,0,0,,,0,,,,N,4,0,1,2,A,-,-,0,,N,D,G,A,A,H,-,A,A,0,,Y,,,Y,,-,-,0,0,1,0,0,0,1,0,0,-,-,0,0,1800,1,LOS ANGELES,LOS ANGELES,CA,0,0,,,
-118.2894958,34.08358765,105741,5460663,2012,6/11/2013 0:00,1942,1/15/2012,1740,40471,212,7,5,7,1942,0,0,0,,0,2A12,MELROSE AV,MADISON AV,80,W,N,B,-,N,,0,0,,,0,,,,N,3,0,1,2,A,-,9,21802,A,N,D,G,A,A,H,-,C,D,0,,Y,,,Y,,-,-,0,1,0,0,0,0,1,0,0,-,-,0,0,1800,1,LOS ANGELES,LOS ANGELES,CA,-118.2894958,34.08358765,"MELROSE AVE & N MADISON AVE, LOS ANGELES, CA, 90029",MELROSE AVE,N MADISON AVE
-118.2723863,34.10678482,108295,5485654,2012,6/25/2013 0:00,1942,1/15/2012,1830,3307,,7,5,7,1942,0,0,0,,0,,GRIFFITH PARK BL,HYPERION AV,15,N,N,A,-,N,,0,0,,,0,,,,N,3,0,1,2,A,-,7,21658,A,F,C,G,A,A,H,-,A,A,0,,Y,,,Y,,-,99,0,1,0,0,0,0,1,0,0,-,-,0,0,2100,1,LOS ANGELES,LOS ANGELES,CA,-118.2723863,34.10678482,"GRIFFITH PARK BLVD & HYPERION AVE, LOS ANGELES, CA, 90027",GRIFFITH PARK BLVD,HYPERION AVE
-118.3385568,34.0979767,105436,5455820,2012,9/9/2013 0:00,1942,1/16/2012,2150,39565,645,1,5,7,1942,0,0,0,F,0,7T23,SUNSET BL,HIGHLAND AV,35,E,N,A,-,N,,0,0,,,0,,,,N,3,0,1,2,A,-,7,21658,A,N,B,G,A,A,H,-,C,A,0,,Y,,,Y,,-,-,0,1,0,0,0,0,1,0,0,-,-,0,0,2400,1,LOS ANGELES,LOS ANGELES,CA,-118.3385568,34.0979767,"SUNSET BLVD & HIGHLAND AVE, LOS ANGELES, CA",SUNSET BLVD,HIGHLAND AVE
-118.28697,33.9236908,107573,5479513,2012,6/21/2013 0:00,1942,1/16/2012,1740,36911,1861,1,5,7,1942,0,0,0,R,0,5T25,120TH ST,HOOVER ST,0,,Y,A,-,N,,0,0,,,0,,,,N,3,0,1,2,A,-,12,21453,A,N,D,G,A,A,H,-,C,A,0,,Y,,,Y,,D,22,0,1,0,0,0,0,1,0,0,-,-,0,0,1800,1,LOS ANGELES,LOS ANGELES,CA,-118.28697,33.9236908,"W 120TH ST & S HOOVER ST, LOS ANGELES, CA, 90044",W 120TH ST,S HOOVER ST
-118.2958036,34.04792023,107684,5481373,2012,6/6/2013 0:00,1942,1/16/2012,1525,40097,2055,1,5,7,1942,0,0,0,,0,14TL52,DEWEY AV,PICO BL,250,N,N,A,-,N,,0,0,,,0,,,,N,4,0,1,2,A,-,5,21650,1,N,D,G,A,A,H,-,A,D,0,,Y,,,Y,,L,4,0,0,1,0,0,0,1,0,0,-,-,0,0,1800,1,LOS ANGELES,LOS ANGELES,CA,-118.2958036,34.04792023,"DEWEY AVE & W PICO BLVD, LOS ANGELES, CA, 90006",DEWEY AVE,W PICO BLVD
-118.23588,34.06674957,107993,5483630,2012,6/17/2013 0:00,1942,1/16/2012,1830,34426,105,1,5,7,1942,0,0,0,A,0,1T24,BROADWAY,BERNARD ST,0,,Y,A,-,N,,0,0,,,0,,,,N,3,0,1,2,A,-,9,21801,A,N,D,G,A,A,H,-,C,A,0,,Y,,,Y,,A,7,0,1,0,0,0,0,1,0,0,-,-,0,0,2100,1,LOS ANGELES,LOS ANGELES,CA,-118.23588,34.06674957,"N BROADWAY & BERNARD ST, LOS ANGELES, CA, 90012",N BROADWAY,BERNARD ST
-118.2847882,34.0963707,108301,5485662,2012,6/25/2013 0:00,1942,1/16/2012,125,39184,,1,5,7,1942,0,0,0,,0,,W SUNSET BL,FOUNTAIN AV,280,W,N,A,-,N,,0,0,,,0,,,,N,3,0,1,2,A,-,9,21801,A,N,D,G,A,A,H,-,C,D,0,,Y,,,Y,,A,8,0,1,0,0,0,0,1,0,0,-,-,0,0,300,1,LOS ANGELES,LOS ANGELES,CA,-118.2847882,34.0963707,"W SUNSET BLVD & FOUNTAIN AVE, LOS ANGELES, CA, 90029",W SUNSET BLVD,FOUNTAIN AVE
-118.46707,34.26924133,110394,5514369,2012,6/19/2013 0:00,1942,1/16/2012,1445,30947,1941,1,5,7,1942,0,0,0,,0,35M121,BRAND BL,SEPULVEDA BL,0,,Y,A,-,N,,0,0,,,0,,,,N,3,0,1,2,A,-,12,21453,A,N,D,G,A,A,H,-,A,A,0,,Y,,,Y,,L,4,0,1,0,0,0,0,1,0,0,-,-,0,0,1500,1,LOS ANGELES,LOS ANGELES,CA,-118.46707,34.26924133,"BRAND BLVD & SEPULVEDA BLVD, LOS ANGELES, CA, 91345",BRAND BLVD,SEPULVEDA BLVD
-118.55461,34.1974411,107622,5480238,2012,6/22/2013 0:00,1942,1/17/2012,635,33875,1021,2,5,7,1942,0,0,0,J,0,17T13,AURA AV,HART ST,0,,Y,A,-,N,,0,0,,,0,,,,N,3,0,1,2,A,-,5,21650,1,N,A,G,A,A,H,-,A,A,0,,Y,,Y,Y,,L,4,0,1,0,0,0,0,1,0,0,-,-,0,0,900,1,LOS ANGELES,LOS ANGELES,CA,-118.55461,34.1974411,"AURA AVE & HART ST, LOS ANGELES, CA, 91335",AURA AVE,HART ST