X,Y,FID,CASE_ID,ACCIDENT_YEAR,PROCDATE,JURIS,COLLISION_DATE,COLLISION_TIME,OFFICER_ID,REPORTING_DISTRICT,DAY_OF_WEEK,SHIFT,POPULATION,CNTY_CITY_LOC,SPECIAL_COND,BEAT_TYPE,CHP_BEAT_TYPE,CITY_DIVISION_LAPD,CHP_BEAT_CLASS,BEATNUMB,PRIMARY_RD,SECONDARY_RD,DISTANCE,DIRECTION,INTERSECTION,WEATHER_1,WEATHER_2,STATE_HWY_IND,CALTRANS_COUNTY,CALTRANS_DISTRICT,STATE_ROUTE,ROUTE_SUFFIX,POSTMILE_PREFIX,POSTMILE,LOCATION_TYPE,RAMP_INTERSECTION,SIDE_OF_HWY,TOW_AWAY,COLLISION_SEVERITY,NUMBER_KILLED,NUMBER_INJURED,PARTY_COUNT,PRIMARY_COLL_FACTOR,PCF_CODE_VIOL,PCF_VIOL_CATEGORY,PCF_VIOLATION,PCF_VIOL_SUBSECTION,HIT_AND_RUN,TYPE_OF_COLLISION,MVIW,PED_ACTION,ROAD_SURFACE,ROAD_COND_1,ROAD_COND_2,LIGHTING,CONTROL_DEVICE,CHP_ROAD_TYPE,PEDESTRIAN_ACCIDENT,BICYCLE_ACCIDENT,MOTORCYCLE_ACCIDENT,TRUCK_ACCIDENT,NOT_PRIVATE_PROPERTY,ALCOHOL_INVOLVED,STWD_VEHTYPE_AT_FAULT,CHP_VEHTYPE_AT_FAULT,COUNT_SEVERE_INJ,COUNT_VISIBLE_INJ,COUNT_COMPLAIN_PAIN,COUNT_PED_KILLED,COUNT_PED_INJURED,COUNT_BICYCLIST_KILLED,COUNT_BICYCLIST_INJURED,COUNT_MC_KILLED,COUNT_MC_INJURED,PRIMARY_RAMP,SECONDARY_RAMP,LATITUDE,LONGITUDE,TIMECAT,MONTH_,CITY,COUNTY,STATE,POINT_X,POINT_Y,Match_addr,m_primaryrd,m_secondrd
-118.27336,34.05284119,120373,5662532,2012,10/30/2013 0:00,1942,5/17/2012,1555,38171,266,4,5,7,1942,0,0,0,B,0,2T28,BEACON AV,8TH ST,0,,Y,A,-,N,,0,0,,,0,,,,N,4,0,1,2,A,-,5,21650,1,F,D,G,A,A,H,-,A,D,0,,Y,,,Y,,L,4,0,0,1,0,0,0,1,0,0,-,-,0,0,1800,5,LOS ANGELES,LOS ANGELES,CA,-118.27336,34.05284119,"BEACON AVE & W 8TH ST, LOS ANGELES, CA, 90017",BEACON AVE,W 8TH ST
-118.3067621,34.00371933,121066,5669489,2012,9/7/2013 0:00,1942,5/17/2012,1750,37699,395,4,5,7,1942,0,0,0,,0,3U2,HARVARD BL,VERNON AV,2,N,N,A,-,N,,0,0,,,0,,,,N,3,0,1,2,A,-,9,21801,A,N,D,G,A,A,H,-,A,D,0,,Y,,,Y,,A,1,0,1,0,0,0,0,1,0,0,-,-,0,0,1800,5,LOS ANGELES,LOS ANGELES,CA,-118.3067621,34.00371933,"S HARVARD BLVD & W VERNON AVE, LOS ANGELES, CA, 90062",S HARVARD BLVD,W VERNON AVE
-118.2793415,33.96013641,119495,5632621,2012,9/13/2013 0:00,1942,5/18/2012,2020,36659,1267,5,5,7,1942,0,0,0,L,0,12TL73,MANCHESTER AV,OLIVE ST,15,W,N,A,-,N,,0,0,,,0,,,,N,4,0,1,2,A,-,5,21650,1,N,D,G,A,A,H,-,C,D,0,,Y,,,Y,,L,4,0,0,1,0,0,0,1,0,0,-,-,0,0,2100,5,LOS ANGELES,LOS ANGELES,CA,-118.2793415,33.96013641,"W MANCHESTER AVE & S OLIVE ST, LOS ANGELES, CA, 90003",W MANCHESTER AVE,S OLIVE ST
-118.33527,34.09616089,120065,5641821,2012,10/30/2013 0:00,1942,5/18/2012,945,39507,646,5,5,7,1942,0,0,0,,0,6TL7,CHEROKEE AV,DE LONGPRE AV,0,,Y,A,-,N,,0,0,,,0,,,,N,4,0,1,2,A,-,12,22450,A,N,D,G,A,A,H,-,A,A,0,,Y,,,Y,,-,-,0,0,1,0,0,0,1,0,0,-,-,0,0,1200,5,LOS ANGELES,LOS ANGELES,CA,-118.33527,34.09616089,"N CHEROKEE AVE & DE LONGPRE AVE, LOS ANGELES, CA, 90028",N CHEROKEE AVE,DE LONGPRE AVE
-118.2646524,34.0310326,120353,5662498,2012,9/20/2013 0:00,1942,5/18/2012,1810,38383,195,5,5,7,1942,0,0,0,A,0,13TL22,WASHINGTON BL,MAIN ST,10,E,N,A,-,N,,0,0,,,0,,,,N,3,0,1,2,A,-,7,21658,A,N,H,G,A,A,H,-,A,A,0,,Y,,,Y,,-,99,0,1,0,0,0,0,1,0,0,-,-,0,0,2100,5,LOS ANGELES,LOS ANGELES,CA,-118.2646524,34.0310326,"E WASHINGTON BLVD & S MAIN ST, LOS ANGELES, CA, 90015",E WASHINGTON BLVD,S MAIN ST
-118.2281798,34.03453827,120366,5662519,2012,9/25/2013 0:00,1942,5/18/2012,2200,39062,1309,5,5,7,1942,0,0,0,M,0,13T53,7TH ST,SANTA FE AV,590,E,N,A,-,N,,0,0,,,0,,,,N,3,0,1,2,A,-,3,22350,,F,C,G,A,A,H,-,C,D,0,,Y,,,Y,,-,99,0,1,0,0,0,0,1,0,0,-,-,0,0,2400,5,LOS ANGELES,LOS ANGELES,CA,-118.2281798,34.03453827,"E 7TH ST & S SANTA FE AVE, LOS ANGELES, CA, 90021",E 7TH ST,S SANTA FE AVE
-118.42909,34.26098251,120580,5666002,2012,9/3/2013 0:00,1942,5/18/2012,720,39150,1641,5,5,7,1942,0,0,0,P,0,16A11,VAN NUYS BL,HADDON AV,100,W,N,A,-,N,,0,0,,,0,,,,N,4,0,1,2,D,-,0,0,,F,D,G,A,A,-,-,A,D,0,,Y,,,Y,,-,-,0,0,1,0,0,0,1,0,0,-,-,0,0,900,5,LOS ANGELES,LOS ANGELES,CA,-118.42909,34.26098251,"VAN NUYS BLVD & HADDON AVE, LOS ANGELES, CA, 91331",VAN NUYS BLVD,HADDON AVE
-118.2153119,34.02231598,120666,5666639,2012,9/21/2013 0:00,1942,5/18/2012,1715,35474,497,5,5,7,1942,0,0,0,D,0,1TL11,OLYMPIC BL,CAMULOS ST,117,E,N,A,-,N,,0,0,,,0,,,,N,3,0,1,2,A,-,6,21755,,N,B,G,A,A,H,-,A,D,0,,Y,,,Y,,A,1,0,1,0,0,0,0,1,0,0,-,-,0,0,1800,5,LOS ANGELES,LOS ANGELES,CA,-118.2153119,34.02231598,"E OLYMPIC BLVD & CAMULOS ST, LOS ANGELES, CA, 90023",E OLYMPIC BLVD,CAMULOS ST
0,0,120716,5667936,2012,8/31/2013 0:00,1942,5/18/2012,100,25495,701,5,5,7,1942,0,0,0,G,0,7TL23,MELROSE AV,FAIRFAX AV,8,S,N,A,-,N,,0,0,,,0,,,,N,2,0,1,1,A,-,3,22350,,N,E,I,A,A,H,-,C,D,0,,Y,,,Y,Y,L,4,1,0,0,0,0,0,1,0,0,-,-,0,0,300,5,LOS ANGELES,LOS ANGELES,CA,0,0,,,
-118.45529,34.22470856,121736,5678843,2012,9/10/2013 0:00,1942,5/18/2012,1645,30825,1984,5,5,7,1942,0,0,0,,0,15TL46,CHASE ST,WILLIS AV,0,,Y,A,-,N,,0,0,,,0,,,,N,4,0,1,2,A,-,5,21650,1,N,D,G,A,A,H,-,A,A,0,,Y,,,Y,,L,4,0,0,1,0,0,0,1,0,0,-,-,0,0,1800,5,LOS ANGELES,LOS ANGELES,CA,-118.45529,34.22470856,"CHASE ST & WILLIS AVE, LOS ANGELES, CA, 91402",CHASE ST,WILLIS AVE
-118.4441836,34.03653336,121963,5680012,2012,9/7/2013 0:00,1942,5/18/2012,1120,37469,884,5,5,7,1942,0,0,0,H,0,8TL35,BUTLER AV,OLYMPIC BL,5,N,N,A,-,N,,0,0,,,0,,,,N,4,0,1,2,A,-,12,22450,A,N,H,G,A,A,H,-,A,A,0,,Y,,,Y,,A,1,0,0,1,0,0,0,1,0,0,-,-,0,0,1200,5,LOS ANGELES,LOS ANGELES,CA,-118.4441836,34.03653336,"BUTLER AVE & W OLYMPIC BLVD, LOS ANGELES, CA, 90025",BUTLER AVE,W OLYMPIC BLVD
-118.3702,34.1404419,119593,5633041,2012,8/31/2013 0:00,1942,5/19/2012,1345,38794,1596,6,5,7,1942,0,0,0,O,0,15X66,VENTURA BL,VINELAND BL,0,,Y,A,-,N,,0,0,,,0,,,,N,4,0,1,2,A,-,8,22107,,N,B,G,A,A,H,-,A,A,0,,Y,,,Y,,D,22,0,0,1,0,0,0,1,0,0,-,-,0,0,1500,5,LOS ANGELES,LOS ANGELES,CA,-118.3702,34.14044189,"VENTURA BLVD & VINELAND AVE, LOS ANGELES, CA, 91604",VENTURA BLVD,VINELAND AVE
-118.305737,34.09502792,120073,5641837,2012,9/14/2013 0:00,1942,5/19/2012,1605,33839,669,6,5,7,1942,0,0,0,,0,7TL38,FOUNTAIN AV,HOBART BL,38,W,N,A,-,N,,0,0,,,0,,,,N,3,0,1,2,A,-,8,22107,,N,D,G,A,A,H,-,A,D,0,,Y,,,Y,,A,1,0,1,0,0,0,0,1,0,0,-,-,0,0,1800,5,LOS ANGELES,LOS ANGELES,CA,-118.305737,34.09502792,"FOUNTAIN AVE & N HOBART BLVD, LOS ANGELES, CA, 90029",FOUNTAIN AVE,N HOBART BLVD
-118.469323,34.0019722,120144,5642772,2012,2/4/2014 0:00,1942,5/19/2012,935,39507,1415,6,5,7,1942,0,0,0,N,0,7TL23,LINCOLN BL,ROSE AV,480,N,N,A,-,Y,LA,7,1,-,-,33.26,H,-,S,N,3,0,1,2,A,-,8,22107,,N,D,G,A,A,H,-,A,D,0,,Y,,,Y,,A,1,0,1,0,0,0,0,1,0,0,-,-,0,0,1200,5,LOS ANGELES,LOS ANGELES,CA,-118.469323,34.0019722,"SR 1 & ROSE AVE, LOS ANGELES, CA, 90291",SR 1,ROSE AVE
-118.21562,34.07363129,120367,5662520,2012,9/20/2013 0:00,1942,5/19/2012,230,38204,415,6,5,7,1942,0,0,0,D,0,2T15,BROADWAY,DALY ST,0,,Y,A,-,N,,0,0,,,0,,,,N,4,0,1,2,A,-,5,21650,,N,D,G,A,A,H,-,C,A,0,,Y,,,Y,,L,4,0,0,1,0,0,0,1,0,0,-,-,0,0,300,5,LOS ANGELES,LOS ANGELES,CA,-118.21562,34.07363129,"N BROADWAY & DALY ST, LOS ANGELES, CA, 90031",N BROADWAY,DALY ST
-118.1922756,34.11854172,120387,5662560,2012,9/20/2013 0:00,1942,5/19/2012,1755,39889,1127,6,5,7,1942,0,0,0,K,0,13TL22,MILWAUKEE AV,YORK BL,5,S,N,A,-,N,,0,0,,,0,,,,N,4,0,1,2,A,-,5,21650,1,N,A,G,A,A,H,-,A,A,0,,Y,,,Y,,L,4,0,0,1,0,0,0,1,0,0,-,-,0,0,1800,5,LOS ANGELES,LOS ANGELES,CA,-118.1922756,34.11854172,"MILWAUKEE AVE & YORK BLVD, LOS ANGELES, CA, 90042",MILWAUKEE AVE,YORK BLVD
-118.3089224,33.96088409,120473,5663294,2012,9/11/2013 0:00,1942,5/19/2012,2258,40608,1263,6,5,7,1942,0,0,0,L,0,12X59,85TH ST,WESTERN,6,E,N,A,-,N,,0,0,,,0,,,,N,4,0,1,2,A,-,9,21802,A,N,D,G,A,A,H,-,C,A,0,,Y,,,Y,,A,1,0,0,1,0,0,0,1,0,0,-,-,0,0,2400,5,LOS ANGELES,LOS ANGELES,CA,-118.3089224,33.96088409,"W 85TH ST & S WESTERN AVE, LOS ANGELES, CA, 90047",W 85TH ST,S WESTERN AVE
-118.2992324,33.84827423,121074,5669505,2012,9/9/2013 0:00,1942,5/19/2012,1330,37146,504,6,5,7,1942,0,0,0,,0,5TL25,NORMANDIE AV,JON ST,4,S,N,A,-,N,,0,0,,,0,,,,N,4,0,1,2,A,-,5,21650,1,N,D,G,A,A,H,-,A,A,0,,Y,,,Y,,L,4,0,0,1,0,0,0,1,0,0,-,-,0,0,1500,5,LOS ANGELES,LOS ANGELES,CA,-118.2992324,33.84827423,"NORMANDIE AVE & JON ST, TORRANCE, CA, 90502",NORMANDIE AVE,JON ST
-118.2629916,33.93650055,121515,5678098,2012,10/29/2013 0:00,1942,5/19/2012,1740,39976,1844,6,5,7,1942,0,0,0,R,0,12T73,STANFORD AV,109TH PL,16,N,N,A,-,N,,0,0,,,0,,,,N,4,0,1,2,A,-,13,22515,A,N,E,G,A,A,H,-,A,D,0,,Y,,,Y,,J,48,0,0,1,0,0,0,1,0,0,-,-,0,0,1800,5,LOS ANGELES,LOS ANGELES,CA,-118.2629916,33.93650055,"STANFORD AVE & E 109TH PL, LOS ANGELES, CA, 90059",STANFORD AVE,E 109TH PL
-118.61464,34.18645859,121650,5678497,2012,9/11/2013 0:00,1942,5/19/2012,1030,32319,2155,6,5,7,1942,0,0,0,,0,35M89,SHOUP AV,VICTORY BL,0,,Y,A,-,N,,0,0,,,0,,,,N,3,0,1,1,B,-,22,0,,N,H,A,A,A,H,-,A,A,0,,Y,,,Y,,-,-,0,1,0,0,0,0,1,0,0,-,-,0,0,1200,5,LOS ANGELES,LOS ANGELES,CA,-118.61464,34.18645859,"SHOUP AVE & VICTORY BLVD, LOS ANGELES, CA, 91307",SHOUP AVE,VICTORY BLVD
-118.40414,34.21572113,120162,5642790,2012,9/14/2013 0:00,1942,5/20/2012,940,30830,1622,7,5,7,1942,0,0,0,P,0,16TL23,STRATHERN ST,WILKINSON AV,0,,Y,A,-,N,,0,0,,,0,,,,N,3,0,1,2,A,-,5,21650,1,N,H,G,A,A,H,-,A,A,0,,Y,,,Y,,L,4,0,1,0,0,0,0,1,0,0,-,-,0,0,1200,5,LOS ANGELES,LOS ANGELES,CA,-118.40414,34.21572113,"STRATHERN ST & WILKINSON AVE, LOS ANGELES, CA, 91605",STRATHERN ST,WILKINSON AVE
-118.24909,34.03847885,120347,5662488,2012,9/25/2013 0:00,1942,5/20/2012,1155,40008,1307,7,5,7,1942,0,0,0,M,0,11TL21,8TH ST,SAN PEDRO,0,,Y,A,-,N,,0,0,,,0,,,,N,4,0,1,2,A,-,12,21453,A,F,D,G,A,A,H,-,A,A,0,,Y,,,Y,,-,-,0,0,1,0,0,0,1,0,0,-,-,0,0,1200,5,LOS ANGELES,LOS ANGELES,CA,-118.24909,34.03847885,"E 8TH ST & S SAN PEDRO ST, LOS ANGELES, CA, 90014",E 8TH ST,S SAN PEDRO ST
-118.3089276,34.01837921,122141,5682600,2012,9/7/2013 0:00,1942,5/20/2012,1130,39678,355,7,5,7,1942,0,0,0,C,0,,WESTERN AV,EXPOSITION BL,20,S,N,A,-,N,,0,0,,,0,,,,N,4,0,1,2,A,-,-,0,,N,H,G,A,-,H,-,A,D,0,,Y,,,Y,,-,-,0,0,1,0,0,0,1,0,0,-,-,0,0,1200,5,LOS ANGELES,LOS ANGELES,CA,-118.3089276,34.01837921,"S WESTERN AVE & EXPOSITION BLVD, LOS ANGELES, CA, 90018",S WESTERN AVE,EXPOSITION BLVD
-118.3041856,34.05195618,122333,5685896,2012,9/24/2013 0:00,1942,5/20/2012,1930,39299,2053,7,5,7,1942,0,0,0,,0,8T35,HARVARD BL,OLYMPIC BL,247,S,N,A,-,N,,0,0,,,0,,,,N,4,0,1,2,A,-,9,21804,A,N,H,G,A,A,H,-,C,D,0,,Y,,,Y,,L,4,0,0,1,0,0,0,1,0,0,-,-,0,0,2100,5,LOS ANGELES,LOS ANGELES,CA,-118.3041856,34.05195618,"S HARVARD BLVD & W OLYMPIC BLVD, LOS ANGELES, CA, 90006",S HARVARD BLVD,W OLYMPIC BLVD
-118.2695121,33.96656036,119110,5627904,2012,9/14/2013 0:00,1942,5/21/2012,1135,36752,1269,1,5,7,1942,0,0,0,L,0,3TL5,SAN PEDRO ST,80TH ST,35,N,N,A,-,N,,0,0,,,0,,,,N,4,0,1,2,A,-,3,22350,,N,H,G,A,A,H,-,A,A,0,,Y,,,Y,,L,4,0,0,1,0,0,0,1,0,0,-,-,0,0,1200,5,LOS ANGELES,LOS ANGELES,CA,-118.2695121,33.96656036,"S SAN PEDRO ST & E 80TH ST, LOS ANGELES, CA, 90003",S SAN PEDRO ST,E 80TH ST
-118.25287,34.04944992,119393,5632484,2012,9/14/2013 0:00,1942,5/21/2012,1415,33977,152,1,5,7,1942,0,0,0,A,0,4TL4,OLIVE ST,5TH ST,0,,Y,A,-,N,,0,0,,,0,,,,N,3,0,1,2,A,-,5,21202,A,N,A,G,A,A,H,-,A,A,0,,Y,,,Y,,L,4,0,1,0,0,0,0,1,0,0,-,-,0,0,1500,5,LOS ANGELES,LOS ANGELES,CA,-118.25287,34.04944992,"S OLIVE ST & W 5TH ST, LOS ANGELES, CA, 90013",S OLIVE ST,W 5TH ST
-118.3790806,34.19861221,119640,5633429,2012,3/13/2014 0:00,1942,5/21/2012,1930,39477,1506,1,5,7,1942,0,0,0,O,0,9T53,TUJUNGA AV,SHERMAN WY,940,S,N,A,-,N,,0,0,,,0,,,,Y,2,0,1,2,A,-,3,22350,,F,E,I,A,A,H,-,A,D,0,,Y,,,Y,,A,1,1,0,0,0,0,0,1,0,0,-,-,0,0,2100,5,LOS ANGELES,LOS ANGELES,CA,-118.3790806,34.19861221,"TUJUNGA AVE & SHERMAN WAY, LOS ANGELES, CA, 91605",TUJUNGA AVE,SHERMAN WAY
-118.3461605,34.04774094,120187,5642848,2012,9/7/2013 0:00,1942,5/21/2012,1350,37715,765,1,5,7,1942,0,0,0,G,0,14TL47,PICO BL,MANSFIELD AV,85,W,N,A,-,N,,0,0,,,0,,,,N,3,0,1,2,A,-,5,21650,,F,A,G,A,A,H,-,A,D,0,,Y,,,Y,,L,4,0,1,0,0,0,0,1,0,0,-,-,0,0,1500,5,LOS ANGELES,LOS ANGELES,CA,-118.3461605,34.04774094,"W PICO BLVD & S MANSFIELD AVE, LOS ANGELES, CA, 90019",W PICO BLVD,S MANSFIELD AVE
-118.2770635,34.06910324,120351,5662495,2012,9/28/2013 0:00,1942,5/21/2012,1815,27435,233,1,5,7,1942,0,0,0,,0,2A52,RAMPART BL,BEVERLY BL,159,S,N,A,-,N,,0,0,,,0,,,,N,3,0,1,2,A,-,5,21650,1,N,H,G,A,A,H,-,A,D,0,,Y,,,Y,,L,4,0,1,0,0,0,0,1,0,0,-,-,0,0,2100,5,LOS ANGELES,LOS ANGELES,CA,-118.2770635,34.06910324,"N RAMPART BLVD & BEVERLY BLVD, LOS ANGELES, CA, 90026",N RAMPART BLVD,BEVERLY BLVD
-118.281082,34.07131958,120354,5662499,2012,9/28/2013 0:00,1942,5/21/2012,2020,34870,231,1,5,7,1942,0,0,0,,0,2A39,BEVERLY BL,RENO ST,75,E,N,A,-,N,,0,0,,,0,,,,N,3,0,1,2,A,-,17,22517,,N,H,G,A,A,H,-,C,D,0,,Y,,,Y,,A,1,0,1,0,0,0,0,1,0,0,-,-,0,0,2100,5,LOS ANGELES,LOS ANGELES,CA,-118.281082,34.07131958,"BEVERLY BLVD & N RENO ST, LOS ANGELES, CA, 90057",BEVERLY BLVD,N RENO ST
-118.315782,34.09469605,126370,5754100,2012,9/26/2013 0:00,1942,5/21/2012,1830,35330,667,1,5,7,1942,0,0,0,F,0,6X46,VAN NESS AV,FOUNTAIN AV,3,S,N,A,-,N,,0,0,,,0,,,,N,3,0,1,2,A,-,5,21650,1,N,D,G,A,A,H,-,A,D,0,,Y,,,Y,,L,4,0,1,0,0,0,0,1,0,0,-,-,0,0,2100,5,LOS ANGELES,LOS ANGELES,CA,-118.315782,34.09469604,"N VAN NESS AVE & FOUNTAIN AVE, LOS ANGELES, CA, 90028",N VAN NESS AVE,FOUNTAIN AVE
-118.27895,34.05535889,119705,5633916,2012,9/19/2013 0:00,1942,5/22/2012,1205,40325,265,2,5,7,1942,0,0,0,B,0,13TL53,8TH ST,LAKE ST,0,,Y,A,-,N,,0,0,,,0,,,,N,4,0,1,2,A,-,5,21650,1,N,H,G,A,A,H,-,A,A,0,,Y,,Y,Y,,L,4,0,0,1,0,0,0,1,0,0,-,-,0,0,1500,5,LOS ANGELES,LOS ANGELES,CA,-118.27895,34.05535889,"W 8TH ST & S LAKE ST, LOS ANGELES, CA, 90057",W 8TH ST,S LAKE ST
-118.26094,34.08176041,119710,5633937,2012,9/21/2013 0:00,1942,5/22/2012,950,34265,1181,2,5,7,1942,0,0,0,K,0,2T15,ALVARADO ST,SCOTT AV,0,,Y,A,-,N,,0,0,,,0,,,,N,2,0,2,3,A,-,5,21460,A,N,A,G,A,A,H,-,A,A,0,,Y,,,Y,,L,4,1,1,0,0,0,0,1,0,0,-,-,0,0,1200,5,LOS ANGELES,LOS ANGELES,CA,-118.26094,34.08176041,"N ALVARADO ST & SCOTT AVE, LOS ANGELES, CA, 90026",N ALVARADO ST,SCOTT AVE
-118.4049621,34.19395447,121660,5678517,2012,9/11/2013 0:00,1942,5/22/2012,1915,38471,1513,2,5,7,1942,0,0,0,O,0,15A3,VANOWEN ST,WHITSETT AV,100,E,N,A,-,N,,0,0,,,0,,,,N,3,0,1,2,A,-,7,21658,A,N,H,G,A,A,H,-,C,D,0,,Y,,,Y,,L,4,0,1,0,0,0,0,1,0,0,-,-,0,0,2100,5,LOS ANGELES,LOS ANGELES,CA,-118.4049621,34.19395447,"VANOWEN ST & WHITSETT AVE, LOS ANGELES, CA, 91605",VANOWEN ST,WHITSETT AVE
-118.4934722,34.27199936,121744,5678854,2012,9/12/2013 0:00,1942,5/22/2012,1400,35481,1737,2,5,7,1942,0,0,0,Q,0,16R28,HAYVENHURST AV,SAN FERNANDO MISSION BL,5,N,N,A,-,N,,0,0,,,0,,,,N,4,0,1,2,A,-,9,21453,B,N,D,G,A,A,H,-,A,A,0,,Y,,,Y,,A,8,0,0,1,0,0,0,1,0,0,-,-,0,0,1500,5,LOS ANGELES,LOS ANGELES,CA,-118.4934722,34.27199936,"HAYVENHURST AVE & SAN FERNANDO MISSION BLVD, LOS ANGELES, CA, 91344",HAYVENHURST AVE,SAN FERNANDO MISSION BLVD
-118.4677112,34.03862381,122334,5685897,2012,9/16/2013 0:00,1942,5/22/2012,1430,37696,1401,2,5,7,1942,0,0,0,N,0,14TL52,CENTINELLA AV,SANTA MONICA FWY,5,E,N,A,-,N,,0,0,,,0,,,,N,3,0,1,2,A,-,9,21804,A,N,D,G,A,A,H,-,A,D,0,,Y,,,Y,,L,4,0,1,0,0,0,0,1,0,0,-,-,0,0,1500,5,LOS ANGELES,LOS ANGELES,CA,-118.4677112,34.03862381,"CENTINELA AVE & SANTA MONICA BLVD, LOS ANGELES, CA, 90025",CENTINELA AVE,SANTA MONICA BLVD
-118.4487889,33.99000549,122343,5685917,2012,9/16/2013 0:00,1942,5/22/2012,1445,31255,1444,2,5,7,1942,0,0,0,N,0,6TL2,WASHINGTON BL,STANFORD AV,100,E,N,A,-,N,,0,0,,,0,,,,N,3,0,1,3,A,-,3,22350,,N,B,G,A,A,H,-,A,D,0,,Y,,,Y,Y,L,4,0,1,0,0,0,0,1,0,0,-,-,0,0,1500,5,LOS ANGELES,LOS ANGELES,CA,-118.4487889,33.99000549,"WASHINGTON BLVD & STANFORD AVE, LOS ANGELES, CA, 90292",WASHINGTON BLVD,STANFORD AVE
-118.5926871,34.20103455,123313,5721269,2012,9/12/2013 0:00,1942,5/22/2012,1640,39446,2147,2,5,7,1942,0,0,0,,0,10X8,SHERMAN WY,VARIEL AV,50,E,N,A,-,N,,0,0,,,0,,,,N,4,0,1,2,A,-,17,22517,,N,H,G,A,A,H,-,A,D,0,,Y,,Y,Y,,F,27,0,0,1,0,0,0,1,0,0,-,-,0,0,1800,5,LOS ANGELES,LOS ANGELES,CA,-118.5926871,34.20103455,"SHERMAN WAY & VARIEL AVE, LOS ANGELES, CA, 91303",SHERMAN WAY,VARIEL AVE
-118.21695,34.07361984,119713,5633953,2012,9/21/2013 0:00,1942,5/23/2012,730,31426,412,3,5,7,1942,0,0,0,D,0,2TL15,AVENUE 24,NORTH BROADWAY,0,,Y,A,-,N,,0,0,,,0,,,,N,4,0,1,2,A,-,12,21453,A,N,D,G,A,A,H,-,A,A,0,,Y,,,Y,,D,22,0,0,1,0,0,0,1,0,0,-,-,0,0,900,5,LOS ANGELES,LOS ANGELES,CA,-118.21695,34.07361984,"S AVE 24 & N BROADWAY, LOS ANGELES, CA, 90031",S AVE 24,N BROADWAY
-118.2970117,34.07901382,120348,5662491,2012,9/28/2013 0:00,1942,5/23/2012,1915,38050,221,3,5,7,1942,0,0,0,,0,2T15,ROSEWOOD AV,KENMORE AV,12,W,N,A,-,N,,0,0,,,0,,,,N,3,0,1,2,A,-,8,22107,,N,H,G,A,A,H,-,A,D,0,,Y,,,Y,,A,7,0,1,0,0,0,0,1,0,0,-,-,0,0,2100,5,LOS ANGELES,LOS ANGELES,CA,-118.2970117,34.07901382,"ROSEWOOD AVE & N KENMORE AVE, LOS ANGELES, CA, 90004",ROSEWOOD AVE,N KENMORE AVE
-118.2698389,34.0230484,120380,5662547,2012,9/25/2013 0:00,1942,5/23/2012,755,32996,1331,3,5,7,1942,0,0,0,M,0,13TL53,MAIN ST,28TH ST,88,S,N,A,-,N,,0,0,,,0,,,,N,3,0,1,2,A,-,8,22107,,N,B,G,A,A,H,-,A,D,0,,Y,,,Y,,A,1,0,1,0,0,0,0,1,0,0,-,-,0,0,900,5,LOS ANGELES,LOS ANGELES,CA,-118.2698389,34.0230484,"S MAIN ST & E 28TH ST, LOS ANGELES, CA, 90007",S MAIN ST,E 28TH ST
0,0,120407,5662600,2012,9/17/2013 0:00,1942,5/23/2012,1340,38061,1144,3,5,7,1942,0,0,0,K,0,13TL55,SILVER LAKE BL,PELT PL,0,,Y,A,-,N,,0,0,,,0,,,,N,4,0,1,2,A,-,9,21804,A,N,D,G,A,A,H,-,A,A,0,,Y,,,Y,,A,1,0,0,1,0,0,0,1,0,0,-,-,0,0,1500,5,LOS ANGELES,LOS ANGELES,CA,0,0,,,
0,0,120717,5667937,2012,8/31/2013 0:00,1942,5/23/2012,1145,321565,615,3,5,7,1942,0,0,0,F,0,20TL56,CAHUENGA BL,CAHUENGA DR,0,,Y,A,-,N,,0,0,,,0,,,,N,2,0,1,2,A,-,5,21650,,N,B,G,A,A,H,-,A,A,0,,Y,,,Y,,L,4,1,0,0,0,0,0,1,0,0,-,-,0,0,1200,5,LOS ANGELES,LOS ANGELES,CA,0,0,,,
-118.43176,34.04386902,120731,5667951,2012,8/31/2013 0:00,1942,5/23/2012,2300,32896,884,3,5,7,1942,0,0,0,H,0,14T47,WESTWOOD BL,OLYMPIC BL,0,,Y,A,-,N,,0,0,,,0,,,,N,3,0,1,2,A,-,12,21453,A,N,D,G,A,A,H,-,C,A,0,,Y,,,Y,,A,1,0,1,0,0,0,0,1,0,0,-,-,0,0,2400,5,LOS ANGELES,LOS ANGELES,CA,-118.43176,34.04386902,"WESTWOOD BLVD & W OLYMPIC BLVD, LOS ANGELES, CA, 90025",WESTWOOD BLVD,W OLYMPIC BLVD
-118.3351218,34.0182152,121056,5669461,2012,9/7/2013 0:00,1942,5/23/2012,1130,26217,363,3,5,7,1942,0,0,0,,0,3MQ7,CRENSHAW BL,COLISEUM ST,0,,Y,A,-,N,,0,0,,,0,,,,N,4,0,1,2,A,-,5,21202,A,N,D,G,A,A,H,-,A,B,0,,Y,,,Y,,L,4,0,0,1,0,0,0,1,0,0,-,-,0,0,1200,5,LOS ANGELES,LOS ANGELES,CA,-118.3351218,34.0182152,"CRENSHAW BLVD & COLISEUM ST, LOS ANGELES, CA",CRENSHAW BLVD,COLISEUM ST