X,Y,FID,CASE_ID,ACCIDENT_YEAR,PROCDATE,JURIS,COLLISION_DATE,COLLISION_TIME,OFFICER_ID,REPORTING_DISTRICT,DAY_OF_WEEK,SHIFT,POPULATION,CNTY_CITY_LOC,SPECIAL_COND,BEAT_TYPE,CHP_BEAT_TYPE,CITY_DIVISION_LAPD,CHP_BEAT_CLASS,BEATNUMB,PRIMARY_RD,SECONDARY_RD,DISTANCE,DIRECTION,INTERSECTION,WEATHER_1,WEATHER_2,STATE_HWY_IND,CALTRANS_COUNTY,CALTRANS_DISTRICT,STATE_ROUTE,ROUTE_SUFFIX,POSTMILE_PREFIX,POSTMILE,LOCATION_TYPE,RAMP_INTERSECTION,SIDE_OF_HWY,TOW_AWAY,COLLISION_SEVERITY,NUMBER_KILLED,NUMBER_INJURED,PARTY_COUNT,PRIMARY_COLL_FACTOR,PCF_CODE_VIOL,PCF_VIOL_CATEGORY,PCF_VIOLATION,PCF_VIOL_SUBSECTION,HIT_AND_RUN,TYPE_OF_COLLISION,MVIW,PED_ACTION,ROAD_SURFACE,ROAD_COND_1,ROAD_COND_2,LIGHTING,CONTROL_DEVICE,CHP_ROAD_TYPE,PEDESTRIAN_ACCIDENT,BICYCLE_ACCIDENT,MOTORCYCLE_ACCIDENT,TRUCK_ACCIDENT,NOT_PRIVATE_PROPERTY,ALCOHOL_INVOLVED,STWD_VEHTYPE_AT_FAULT,CHP_VEHTYPE_AT_FAULT,COUNT_SEVERE_INJ,COUNT_VISIBLE_INJ,COUNT_COMPLAIN_PAIN,COUNT_PED_KILLED,COUNT_PED_INJURED,COUNT_BICYCLIST_KILLED,COUNT_BICYCLIST_INJURED,COUNT_MC_KILLED,COUNT_MC_INJURED,PRIMARY_RAMP,SECONDARY_RAMP,LATITUDE,LONGITUDE,TIMECAT,MONTH_,CITY,COUNTY,STATE,POINT_X,POINT_Y,Match_addr,m_primaryrd,m_secondrd
-118.2813639,34.06238556,126594,5757681,2012,10/24/2013 0:00,1942,7/29/2012,2015,38383,251,7,5,7,1942,0,0,0,B,0,4TL4,RAMPART BL,6TH ST,25,S,N,A,-,N,,0,0,,,0,,,,N,3,0,1,2,A,-,1,21200,5,N,H,G,A,A,H,-,C,D,0,,Y,,,Y,,L,4,0,1,0,0,0,0,1,0,0,-,-,0,0,2100,7,LOS ANGELES,LOS ANGELES,CA,-118.2813639,34.06238556,"S RAMPART BLVD & W 6TH ST, LOS ANGELES, CA, 90057",S RAMPART BLVD,W 6TH ST
-118.29415,34.06359863,127629,5774640,2012,10/24/2013 0:00,1942,7/29/2012,1440,37715,2027,7,5,7,1942,0,0,0,,0,20XL3,6TH ST,BERENDO ST,0,W,N,A,-,N,,0,0,,,0,,,,N,4,0,1,2,A,-,3,22350,,N,B,G,A,A,H,-,A,D,0,,Y,,,Y,,L,4,0,0,1,0,0,0,1,0,0,-,-,0,0,1500,7,LOS ANGELES,LOS ANGELES,CA,-118.29415,34.06359863,"W 6TH ST & S BERENDO ST, LOS ANGELES, CA, 90020",W 6TH ST,S BERENDO ST
-118.4675612,34.0531311,127975,5780514,2012,10/19/2013 0:00,1942,7/29/2012,1400,37903,832,7,5,7,1942,0,0,0,H,0,8TL28,SAN VICENTE BL,GORHAM AV,165,W,N,A,-,N,,0,0,,,0,,,,N,3,0,1,2,A,-,17,22517,,N,H,G,A,A,H,-,A,D,0,,Y,,,Y,,A,1,0,1,0,0,0,0,1,0,0,-,-,0,0,1500,7,LOS ANGELES,LOS ANGELES,CA,-118.4675612,34.0531311,"SAN VICENTE BLVD & GORHAM AVE, LOS ANGELES, CA, 90049",SAN VICENTE BLVD,GORHAM AVE
-118.41321,34.2408905,128956,5795252,2012,10/17/2013 0:00,1942,7/29/2012,1955,38273,1661,7,5,7,1942,0,0,0,P,0,15T45,LAUREL CANYON BL,BRANFORD ST,0,,Y,A,-,N,,0,0,,,0,,,,N,4,0,1,2,A,-,12,21453,A,N,H,G,A,A,H,-,C,A,0,,Y,,,Y,,-,-,0,0,1,0,0,0,1,0,0,-,-,0,0,2100,7,LOS ANGELES,LOS ANGELES,CA,-118.41321,34.2408905,"LAUREL CANYON BLVD & BRANFORD ST, LOS ANGELES, CA, 91331",LAUREL CANYON BLVD,BRANFORD ST
-118.26296,33.96842957,125885,5751011,2012,1/23/2014 0:00,1942,7/30/2012,2040,38503,1259,1,5,7,1942,0,0,0,L,0,12T41,STANFORD AV,78TH ST,0,,Y,A,-,N,,0,0,,,0,,,,N,3,0,1,2,A,-,12,22450,A,N,D,G,A,A,H,-,C,A,0,,Y,,,Y,,L,4,0,1,0,0,0,0,1,0,0,-,-,0,0,2100,7,LOS ANGELES,LOS ANGELES,CA,-118.26296,33.96842957,"STANFORD AVE & E 78TH ST, LOS ANGELES, CA, 90001",STANFORD AVE,E 78TH ST
-118.2484816,34.05983353,125907,5751603,2012,10/23/2013 0:00,1942,7/30/2012,2230,33042,132,1,5,7,1942,0,0,0,A,0,,FIGUEROA ST,TEMPLE ST,10,S,N,A,-,N,,0,0,,,0,,,,N,4,0,1,2,D,-,0,0,,N,H,G,A,A,H,-,C,A,0,,Y,,,Y,,-,-,0,0,1,0,0,0,1,0,0,-,-,0,0,2400,7,LOS ANGELES,LOS ANGELES,CA,-118.2484816,34.05983353,"N FIGUEROA ST & W TEMPLE ST, LOS ANGELES, CA, 90012",N FIGUEROA ST,W TEMPLE ST
-118.2718779,34.03214645,126153,5753081,2012,10/24/2013 0:00,1942,7/30/2012,1740,38171,1321,1,5,7,1942,0,0,0,M,0,2TL28,FLOWER ST,20TH ST,105,S,N,A,-,N,,0,0,,,0,,,,N,3,0,1,2,A,-,9,21804,A,N,D,G,A,A,H,-,A,D,0,,Y,,,Y,,A,8,0,1,0,0,0,0,1,0,0,-,-,0,0,1800,7,LOS ANGELES,LOS ANGELES,CA,-118.2718779,34.03214645,"S FLOWER ST & W 20TH ST, LOS ANGELES, CA, 90007",S FLOWER ST,W 20TH ST
-118.16936,34.07862854,126571,5757642,2012,11/22/2013 0:00,1942,7/30/2012,1530,35631,438,1,5,7,1942,0,0,0,D,0,4A9,CHESTER ST,VAQUERO AV,0,,Y,A,-,N,,0,0,,,0,,,,N,3,0,1,2,A,-,9,21802,A,N,D,G,A,A,H,-,A,A,0,,Y,,,Y,,L,,0,1,0,0,0,0,1,0,0,-,-,0,0,1800,7,LOS ANGELES,LOS ANGELES,CA,-118.16936,34.07862854,"CHESTER ST & VAQUERO AVE, LOS ANGELES, CA, 90032",CHESTER ST,VAQUERO AVE
-118.5660869,34.2748642,128977,5795345,2012,10/17/2013 0:00,1942,7/30/2012,2500,37590,1701,1,5,7,1942,0,0,0,Q,0,35T90,RINALDI ST,CORBIN AV,1200,W,N,A,-,N,,0,0,,,0,,,,N,4,0,1,2,A,-,-,0,,N,H,G,A,A,H,-,A,A,0,,Y,,,Y,,-,-,0,0,1,0,0,0,1,0,0,-,-,0,0,300,7,LOS ANGELES,LOS ANGELES,CA,-118.5660869,34.2748642,"RINALDI ST & CORBIN AVE, LOS ANGELES, CA, 91311",RINALDI ST,CORBIN AVE
-118.3766175,34.0772934,134311,5858523,2012,10/17/2013 0:00,1942,7/30/2012,1820,40664,711,1,5,7,1942,0,0,0,G,0,8A53,LA CIENEGA BL,OAKWOOD AV,300,S,N,A,-,N,,0,0,,,0,,,,N,3,0,1,1,C,-,18,0,,N,A,I,A,A,A,-,A,D,0,,Y,,,Y,,-,-,0,1,0,0,0,0,1,0,0,-,-,0,0,2100,7,LOS ANGELES,LOS ANGELES,CA,-118.3766175,34.0772934,"N LA CIENEGA BLVD & OAKWOOD AVE, LOS ANGELES, CA, 90048",N LA CIENEGA BLVD,OAKWOOD AVE
-118.2608838,34.04833221,126556,5757626,2012,10/30/2013 0:00,1942,7/31/2012,1220,38365,162,2,5,7,1942,0,0,0,A,0,2TL15,FIGUEROA ST,8TH ST,181,N,N,A,-,N,,0,0,,,0,,,,N,3,0,1,2,A,-,3,22350,,N,D,G,A,A,H,-,A,D,0,,Y,,,Y,,L,4,0,1,0,0,0,0,1,0,0,-,-,0,0,1500,7,LOS ANGELES,LOS ANGELES,CA,-118.2608838,34.04833221,"S FIGUEROA ST & W 8TH ST, LOS ANGELES, CA, 90017",S FIGUEROA ST,W 8TH ST
-118.4149931,34.0474968,127977,5780522,2012,10/19/2013 0:00,1942,7/31/2012,1300,4005,885,2,5,7,1942,0,0,0,H,0,20TL58,PICO BL,KERWOOD AV,115,E,N,A,-,N,,0,0,,,0,,,,N,3,0,1,2,A,-,17,22517,,N,H,G,A,A,H,-,A,D,0,,Y,,,Y,,A,7,0,1,0,0,0,0,1,0,0,-,-,0,0,1500,7,LOS ANGELES,LOS ANGELES,CA,-118.4149931,34.0474968,"W PICO BLVD & KERWOOD AVE, LOS ANGELES, CA, 90064",W PICO BLVD,KERWOOD AVE
-118.4916775,34.04853058,128833,5793415,2012,10/23/2013 0:00,1942,7/31/2012,1740,39695,831,2,5,7,1942,0,0,0,,0,20TL59,SAN VICENTE BL,26TH ST,120,E,N,A,-,N,,0,0,,,0,,,,N,3,0,1,2,A,-,3,22350,,N,C,G,A,A,H,-,A,D,0,,Y,,,Y,,L,4,0,1,0,0,0,0,1,0,0,-,-,0,0,1800,7,LOS ANGELES,LOS ANGELES,CA,-118.4916775,34.04853058,"SAN VICENTE BLVD & 26TH ST, LOS ANGELES, CA, 90049",SAN VICENTE BLVD,26TH ST
0,0,128982,5795357,2012,10/17/2013 0:00,1942,7/31/2012,1830,34265,1794,2,5,7,1942,0,0,0,Q,0,21TL68,PARTHENIA ST,LINDEN AV,7,E,N,A,-,N,,0,0,,,0,,,,N,3,0,1,2,A,-,5,21650,1,N,H,G,A,A,H,-,A,A,0,,Y,,,Y,,L,4,0,1,0,0,0,0,1,0,0,-,-,0,0,2100,7,LOS ANGELES,LOS ANGELES,CA,0,0,,,
-118.44818,34.24705887,129212,5796347,2012,10/21/2013 0:00,1942,7/31/2012,1135,37766,1963,2,5,7,1942,0,0,0,,0,17TL13,VAN NUYS BL,WOODMAN AV,0,E,N,A,-,N,,0,0,,,0,,,,N,4,0,1,2,A,-,5,21650,1,N,D,G,A,A,H,-,A,A,0,,Y,,,Y,,L,4,0,0,1,0,0,0,1,0,0,-,-,0,0,1200,7,LOS ANGELES,LOS ANGELES,CA,-118.44818,34.24705887,"VAN NUYS BLVD & WOODMAN AVE, LOS ANGELES, CA, 91331",VAN NUYS BLVD,WOODMAN AVE
-118.2555242,34.00483322,126460,5755543,2012,12/2/2013 0:00,1942,8/1/2012,1030,37952,1353,3,5,7,1942,0,0,0,M,0,13TL53,43RD PL,CENTRAL AV,300,E,N,A,-,N,,0,0,,,0,,,,N,4,0,1,2,A,-,7,21658,A,N,B,G,A,A,H,-,A,D,0,,Y,,Y,Y,,-,-,0,0,1,0,0,0,1,0,0,-,-,0,0,1200,8,LOS ANGELES,LOS ANGELES,CA,-118.2555242,34.00483322,"E 43RD PL & S CENTRAL AVE, LOS ANGELES, CA, 90011",E 43RD PL,S CENTRAL AVE
-118.2199952,34.07473141,126468,5755576,2012,4/28/2014 0:00,1942,8/1/2012,1210,32973,411,3,5,7,1942,0,0,0,D,0,11TL21,PASADENA AV,AVENUE 21,0,,Y,A,-,Y,LA,7,5,-,-,20.057,R,4,S,N,2,0,1,2,A,-,9,21801,A,N,D,G,A,A,H,-,A,D,0,,Y,,Y,Y,,F,26,1,0,0,0,0,0,1,0,0,-,-,0,0,1500,8,LOS ANGELES,LOS ANGELES,CA,-118.2199952,34.07473141,5/SEG SB TO PASADENA AVE,5/SEG SB TO PASADENA AVE,
-118.23692,33.94060898,128153,5783776,2012,11/27/2013 0:00,1942,8/1/2012,1453,38557,RD183,3,5,7,1942,0,0,0,,0,5A1,GRAPE ST,105TH ST,0,,Y,A,-,N,,0,0,,,0,,,,N,3,0,1,2,A,-,5,21650,1,N,G,G,A,A,H,-,A,D,0,,Y,,,Y,,L,4,0,1,0,0,0,0,1,0,0,-,-,0,0,1500,8,LOS ANGELES,LOS ANGELES,CA,-118.23692,33.94060898,"GRAPE ST & E 105TH ST, LOS ANGELES, CA, 90002",GRAPE ST,E 105TH ST
-118.24339,34.00391007,128602,5789960,2012,11/21/2013 0:00,1942,8/1/2012,1205,37952,1347,3,5,7,1942,0,0,0,M,0,13TL53,LONG BEACH AV,VERNON AV,0,,N,A,-,N,,0,0,,,0,,,,N,3,0,1,2,A,-,12,21453,A,N,D,G,A,A,H,-,-,A,0,,Y,,,Y,,L,4,0,1,0,0,0,0,1,0,0,-,-,0,0,1500,8,LOS ANGELES,LOS ANGELES,CA,-118.24339,34.00391006,"LONG BEACH AVE & E VERNON AVE, LOS ANGELES, CA, 90058",LONG BEACH AVE,E VERNON AVE
-118.605969,34.208847,128617,5790117,2012,5/2/2014 0:00,1942,8/1/2012,1305,40644,2125,3,5,7,1942,0,0,0,,0,16T23,TOPANGA CANYON BL,SATICOY ST,205,N,N,A,-,Y,LA,7,27,-,-,15.08,H,-,N,N,4,0,1,2,A,-,3,22350,,N,H,G,A,A,H,-,A,D,0,,Y,,,Y,,L,4,0,0,1,0,0,0,1,0,0,-,-,0,0,1500,8,LOS ANGELES,LOS ANGELES,CA,-118.605969,34.208847,"SR 27 & SATICOY ST, LOS ANGELES, CA, 91303",SR 27,SATICOY ST
-118.2157474,34.07650757,129134,5796010,2012,11/19/2013 0:00,1942,8/1/2012,1000,39010,412,3,5,7,1942,0,0,0,D,0,24T90,DALY ST,AVE 26,14,S,N,A,-,N,,0,0,,,0,,,,N,3,0,1,2,A,-,-,0,,N,D,G,A,A,H,-,A,A,0,,Y,,,Y,,-,-,0,1,0,0,0,0,1,0,0,-,-,0,0,1200,8,LOS ANGELES,LOS ANGELES,CA,-118.2157474,34.07650757,"DALY ST & E AVE 26, LOS ANGELES, CA, 90031",DALY ST,E AVE 26
-118.4067118,34.2457161,129166,5796132,2012,12/14/2013 0:00,1942,8/1/2012,1800,39476,1653,3,5,7,1942,0,0,0,P,0,,TELFAIR AV,BRANFORD ST,5,W,N,A,-,N,,0,0,,,0,,,,N,3,0,1,2,A,-,5,21650,1,N,D,G,A,A,H,-,A,A,0,,Y,,,Y,,L,4,0,1,0,0,0,0,1,0,0,-,-,0,0,2100,8,LOS ANGELES,LOS ANGELES,CA,-118.4067118,34.24571609,"TELFAIR AVE & BRANFORD ST, LOS ANGELES, CA, 91331",TELFAIR AVE,BRANFORD ST
-118.39625,33.9310303,129234,5796548,2012,11/16/2013 0:00,1942,8/1/2012,1145,40451,1494,3,5,7,1942,0,0,0,N,0,14A49,SEPULVEDA BL,IMPERIAL HWY,0,,Y,A,-,N,,0,0,,,0,,,,N,3,0,1,2,A,-,17,21451,A,N,D,G,A,A,H,-,A,A,0,,Y,,,Y,,-,-,0,1,0,0,0,0,1,0,0,-,-,0,0,1200,8,LOS ANGELES,LOS ANGELES,CA,-118.39625,33.9310303,"N SEPULVEDA BLVD & IMPERIAL HWY, EL SEGUNDO, CA, 90245",N SEPULVEDA BLVD,IMPERIAL HWY
-118.3966147,34.19394302,129330,5797117,2012,11/16/2013 0:00,1942,8/1/2012,815,39355,1503,3,5,7,1942,0,0,0,O,0,15A21,VANOWEN ST,LAUREL CANYON BL,25,W,N,A,-,N,,0,0,,,0,,,,N,3,0,2,2,A,-,3,22350,,N,H,G,F,-,H,-,A,D,0,Y,Y,,,Y,,L,4,0,1,1,0,1,0,1,0,0,-,-,0,0,900,8,LOS ANGELES,LOS ANGELES,CA,-118.3966147,34.19394302,"VANOWEN ST & LAUREL CANYON BLVD, LOS ANGELES, CA, 91605",VANOWEN ST,LAUREL CANYON BLVD
-118.4290631,34.00623322,142834,5963918,2012,11/9/2013 0:00,1942,8/1/2012,1330,37770,1446,3,5,7,1942,0,0,0,N,0,7TL72,VENICE BL,INGLEWOOD BL,15,W,N,A,-,N,,0,0,,,0,,,,N,3,0,1,2,A,-,5,21650,1,N,D,G,A,A,H,-,A,A,0,,Y,,,Y,,L,4,0,1,0,0,0,0,1,0,0,-,-,0,0,1500,8,LOS ANGELES,LOS ANGELES,CA,-118.4290631,34.00623322,"VENICE BLVD & INGLEWOOD BLVD, LOS ANGELES, CA, 90066",VENICE BLVD,INGLEWOOD BLVD
-118.2542433,33.93918991,125897,5751196,2012,11/25/2013 0:00,1942,8/2/2012,1040,38444,1835,4,5,7,1942,0,0,0,R,0,STL21,CENTRAL,107TH ST,20,S,N,A,-,N,,0,0,,,0,,,,N,4,0,1,2,A,-,9,21804,A,F,D,G,A,A,H,-,A,D,0,,Y,,,Y,,-,99,0,0,1,0,0,0,1,0,0,-,-,0,0,1200,8,LOS ANGELES,LOS ANGELES,CA,-118.2542433,33.93918991,"S CENTRAL AVE & E 107TH ST, LOS ANGELES, CA, 90002",S CENTRAL AVE,E 107TH ST
-118.21438,34.07363129,125931,5751724,2012,2/10/2014 0:00,1942,8/2/2012,2000,39359,415,4,5,7,1942,0,0,0,D,0,2T15,NORTH BROADWAY,WORKMAN AV,0,,Y,A,-,N,,0,0,,,0,,,,N,3,0,1,2,A,-,12,21453,A,N,D,G,A,A,H,-,B,A,0,,Y,,,Y,,-,-,0,1,0,0,0,0,1,0,0,-,-,0,0,2100,8,LOS ANGELES,LOS ANGELES,CA,-118.21438,34.07363129,"N BROADWAY & WORKMAN ST, LOS ANGELES, CA, 90031",N BROADWAY,WORKMAN ST
-118.2696925,33.96017075,125944,5751744,2012,11/25/2013 0:00,1942,8/2/2012,1850,37724,1269,4,5,7,1942,0,0,0,L,0,3TL57,MANCHESTER AV,SAN PEDRO ST,70,W,N,A,-,N,,0,0,,,0,,,,N,4,0,1,2,A,-,9,21804,,N,D,G,A,A,H,-,A,D,0,,Y,,,Y,,A,1,0,0,1,0,0,0,1,0,0,-,-,0,0,2100,8,LOS ANGELES,LOS ANGELES,CA,-118.2696925,33.96017075,"E MANCHESTER AVE & S SAN PEDRO ST, LOS ANGELES, CA, 90003",E MANCHESTER AVE,S SAN PEDRO ST
-118.2153904,34.02235031,128155,5783832,2012,11/27/2013 0:00,1942,8/2/2012,950,40042,497,4,5,7,1942,0,0,0,D,0,4TL43,OLYMPIC BL,CAMULOS ST,90,E,N,A,-,N,,0,0,,,0,,,,N,3,0,1,2,A,-,4,21703,,F,C,G,A,A,H,-,A,D,0,,Y,,,Y,,-,99,0,1,0,0,0,0,1,0,0,-,-,0,0,1200,8,LOS ANGELES,LOS ANGELES,CA,-118.2153904,34.02235031,"E OLYMPIC BLVD & CAMULOS ST, LOS ANGELES, CA, 90023",E OLYMPIC BLVD,CAMULOS ST
-118.4721209,34.22137833,128626,5790150,2012,11/30/2013 0:00,1942,8/2/2012,1500,39971,1981,4,5,7,1942,0,0,0,,0,19TL76,ORION AV,ROSCOE BL,5,N,N,A,-,N,,0,0,,,0,,,,N,4,0,1,2,A,-,9,21804,A,N,H,G,A,A,H,-,A,A,0,,Y,,,Y,,L,4,0,0,1,0,0,0,1,0,0,-,-,0,0,1800,8,LOS ANGELES,LOS ANGELES,CA,-118.4721209,34.22137833,"ORION AVE & ROSCOE BLVD, LOS ANGELES, CA, 91343",ORION AVE,ROSCOE BLVD
-118.3344333,34.03255844,128662,5790322,2012,11/23/2013 0:00,1942,8/2/2012,1900,40476,314,4,5,7,1942,0,0,0,C,0,12T41,ADAMS BL,CRENSHAW BL,200,E,N,A,-,N,,0,0,,,0,,,,N,4,0,1,2,A,-,17,22517,,F,B,G,A,A,H,-,A,A,0,,Y,,,Y,,-,99,0,0,1,0,0,0,1,0,0,-,-,0,0,2100,8,LOS ANGELES,LOS ANGELES,CA,-118.3344333,34.03255844,"W ADAMS BLVD & CRENSHAW BLVD, LOS ANGELES, CA, 90016",W ADAMS BLVD,CRENSHAW BLVD
-118.305098,34.02461624,128673,5790350,2012,11/23/2013 0:00,1942,8/2/2012,1225,36607,356,4,5,7,1942,0,0,0,C,0,18T23,35TH ST,DENKER AV,105,W,N,A,-,N,,0,0,,,0,,,,N,3,0,1,2,B,-,22,0,,F,D,G,A,A,H,-,A,D,0,,Y,,,Y,,-,-,0,1,0,0,0,0,1,0,0,-,-,0,0,1500,8,LOS ANGELES,LOS ANGELES,CA,-118.305098,34.02461624,"W 35TH ST & DENKER AVE, LOS ANGELES, CA, 90018",W 35TH ST,DENKER AVE
-118.2506156,34.03236008,129057,5795640,2012,11/16/2013 0:00,1942,8/2/2012,1240,30248,1303,4,5,7,1942,0,0,0,M,0,1TL11,12TH ST,TOWNE AV,84,E,N,A,-,N,,0,0,,,0,,,,Y,4,0,1,2,A,-,5,21650,,N,H,G,A,A,H,-,A,D,0,,Y,,,Y,,L,4,0,0,1,0,0,0,1,0,0,-,-,0,0,1500,8,LOS ANGELES,LOS ANGELES,CA,-118.2506156,34.03236008,"E 12TH ST & TOWNE AVE, LOS ANGELES, CA, 90021",E 12TH ST,TOWNE AVE
-118.27994,34.0110817,131477,5819512,2012,11/22/2013 0:00,1942,8/2/2012,1915,37191,1341,4,5,7,1942,0,0,0,M,0,12A45,MARTIN LUTHER KING JR BL,HILL ST,0,,Y,A,-,N,,0,0,,,0,,,,N,3,0,1,2,A,-,5,21650,1,N,H,G,A,A,H,-,A,A,0,,Y,,,Y,,L,4,0,1,0,0,0,0,1,0,0,-,-,0,0,2100,8,LOS ANGELES,LOS ANGELES,CA,-118.27994,34.0110817,"W MARTIN LUTHER KING JR BLVD & S HILL ST, LOS ANGELES, CA, 90037",W MARTIN LUTHER KING JR BLVD,S HILL ST
-118.319712,33.97819519,125915,5751688,2012,11/25/2013 0:00,1942,8/3/2012,1045,40088,1252,5,5,7,1942,0,0,0,L,0,12TL45,67TH ST,2ND AV,3,W,N,A,-,N,,0,0,,,0,,,,Y,3,0,2,2,A,-,12,22450,A,N,D,G,A,A,H,-,A,A,0,,Y,,,Y,,L,4,0,1,1,0,0,0,1,0,0,-,-,0,0,1200,8,LOS ANGELES,LOS ANGELES,CA,-118.319712,33.97819519,"W 67TH ST & 2ND AVE, LOS ANGELES, CA, 90043",W 67TH ST,2ND AVE
-118.2130965,34.12517929,126438,5754596,2012,11/25/2013 0:00,1942,8/3/2012,2145,38233,1125,5,5,7,1942,0,0,0,K,0,11T21,CAMPUS RD,N AVENUE 47,14,E,N,A,-,N,,0,0,,,0,,,,N,3,0,1,2,A,-,5,21650,,N,D,G,A,A,H,-,C,A,0,,Y,,,Y,,L,4,0,1,0,0,0,0,1,0,0,-,-,0,0,2400,8,LOS ANGELES,LOS ANGELES,CA,-118.2130965,34.12517929,"CAMPUS RD & N AVE 47, LOS ANGELES, CA, 90041",CAMPUS RD,N AVE 47
-118.4450871,34.04258728,128459,5789059,2012,12/3/2013 0:00,1942,8/3/2012,1500,37911,833,5,5,7,1942,0,0,0,,0,8TL35,SAWTELLE BL,MISSOURI AV,50,N,N,A,-,N,,0,0,,,0,,,,N,4,0,1,2,A,-,8,22107,,N,B,G,A,A,H,-,A,A,0,,Y,,,Y,,A,1,0,0,1,0,0,0,1,0,0,-,-,0,0,1800,8,LOS ANGELES,LOS ANGELES,CA,-118.4450871,34.04258728,"SAWTELLE BLVD & MISSOURI AVE, LOS ANGELES, CA, 90025",SAWTELLE BLVD,MISSOURI AVE
-118.2922121,34.05977249,128707,5790668,2012,11/30/2013 0:00,1942,8/3/2012,1245,33839,2038,5,5,7,1942,0,0,0,,0,6TL2,7TH ST,VERMONT AV,170,W,N,B,-,N,,0,0,,,0,,,,N,3,0,1,2,A,-,7,21658,A,N,B,G,A,A,H,-,A,D,0,,Y,,,Y,,A,1,0,1,0,0,0,0,1,0,0,-,-,0,0,1500,8,LOS ANGELES,LOS ANGELES,CA,-118.2922121,34.05977249,"W 7TH ST & S VERMONT AVE, LOS ANGELES, CA, 90005",W 7TH ST,S VERMONT AVE
-118.46618,34.1957283,130212,5808343,2012,11/9/2013 0:00,1942,8/3/2012,1515,36618,911,5,5,7,1942,0,0,0,I,0,217L64,SEPULVEDA BL,BASSETT ST,0,,Y,A,-,N,,0,0,,,0,,,,N,4,0,1,2,A,-,5,21650,1,N,H,G,A,A,H,-,A,A,0,,Y,,,Y,,L,4,0,0,1,0,0,0,1,0,0,-,-,0,0,1800,8,LOS ANGELES,LOS ANGELES,CA,-118.46618,34.1957283,"SEPULVEDA BLVD & BASSETT ST, LOS ANGELES, CA, 91405",SEPULVEDA BLVD,BASSETT ST
-118.2381354,34.06270599,131392,5819390,2012,11/23/2013 0:00,1942,8/3/2012,2105,38050,111,5,5,7,1942,0,0,0,A,0,1TL11,BROADWAY,ALPINE ST,150,N,N,A,-,N,,0,0,,,0,,,,N,3,0,1,2,A,-,17,22517,,N,H,G,A,A,H,-,C,D,0,,Y,,,Y,Y,A,1,0,1,0,0,0,0,1,0,0,-,-,0,0,2400,8,LOS ANGELES,LOS ANGELES,CA,-118.2381354,34.06270599,"N BROADWAY & ALPINE ST, LOS ANGELES, CA, 90012",N BROADWAY,ALPINE ST
-118.239715,34.01722717,131462,5819496,2012,11/22/2013 0:00,1942,8/3/2012,1500,39889,1309,5,5,7,1942,0,0,0,M,0,13TL44,21ST ST,ALAMEDA ST,4,W,N,B,-,N,,0,0,,,0,,,,N,4,0,1,2,A,-,5,21650,1,N,H,G,A,A,H,-,-,A,0,,Y,,,Y,,L,4,0,0,1,0,0,0,1,0,0,-,-,0,0,1800,8,LOS ANGELES,LOS ANGELES,CA,-118.239715,34.01722717,"E 21ST ST & S ALAMEDA ST, LOS ANGELES, CA, 90058",E 21ST ST,S ALAMEDA ST
-118.30914,34.08543015,137835,5904755,2012,12/5/2013 0:00,1942,8/3/2012,1740,36847,678,5,5,7,1942,0,0,0,F,0,6X66,WESTERN AV,INSTITUTE PL,0,,Y,A,-,N,,0,0,,,0,,,,N,4,0,1,2,A,-,5,21650,1,N,G,G,A,A,H,-,A,D,0,,Y,,,Y,,L,4,0,0,1,0,0,0,1,0,0,-,-,0,0,1800,8,LOS ANGELES,LOS ANGELES,CA,-118.30914,34.08543015,"N WESTERN AVE & INSTITUTE PL, LOS ANGELES, CA, 90029",N WESTERN AVE,INSTITUTE PL
-118.41984,34.0115395,142824,5963883,2012,11/13/2013 0:00,1942,8/3/2012,2010,36027,1436,5,5,7,1942,0,0,0,N,0,20T59,SAWTELLE BL,VENICE BL,0,,Y,A,-,N,,0,0,,,0,,,,N,3,0,1,2,A,-,12,21453,A,N,D,G,A,A,H,-,C,A,0,,Y,,,Y,,L,4,0,1,0,0,0,0,1,0,0,-,-,0,0,2100,8,LOS ANGELES,LOS ANGELES,CA,-118.41984,34.0115395,"SAWTELLE BLVD & VENICE BLVD, LOS ANGELES, CA, 90066",SAWTELLE BLVD,VENICE BLVD
-118.42144,34.19393158,128554,5789682,2012,11/21/2013 0:00,1942,8/4/2012,900,39217,1522,6,5,7,1942,0,0,0,O,0,15TL42,VANOWEN ST,LONGRIDGE AV,0,,Y,A,-,N,,0,0,,,0,,,,Y,2,0,2,2,A,-,9,21802,A,N,H,G,A,A,H,-,A,A,0,,Y,,,Y,,L,4,1,1,0,0,0,0,1,0,0,-,-,0,0,1200,8,LOS ANGELES,LOS ANGELES,CA,-118.42144,34.19393158,"VANOWEN ST & LONGRIDGE AVE, LOS ANGELES, CA, 91605",VANOWEN ST,LONGRIDGE AVE
-118.3248123,34.06895065,128994,5795458,2012,11/18/2013 0:00,1942,8/4/2012,2150,36027,739,6,5,7,1942,0,0,0,G,0,20T59,LUCERNE BL,3RD ST,2,N,N,A,-,N,,0,0,,,0,,,,N,4,0,1,2,A,-,5,21650,1,N,D,G,A,A,H,-,A,D,0,,Y,,,Y,,L,4,0,0,1,0,0,0,1,0,0,-,-,0,0,2400,8,LOS ANGELES,LOS ANGELES,CA,-118.3248123,34.06895065,"S LUCERNE BLVD & W 3RD ST, LOS ANGELES, CA, 90004",S LUCERNE BLVD,W 3RD ST