X,Y,FID,CASE_ID,ACCIDENT_YEAR,PROCDATE,JURIS,COLLISION_DATE,COLLISION_TIME,OFFICER_ID,REPORTING_DISTRICT,DAY_OF_WEEK,SHIFT,POPULATION,CNTY_CITY_LOC,SPECIAL_COND,BEAT_TYPE,CHP_BEAT_TYPE,CITY_DIVISION_LAPD,CHP_BEAT_CLASS,BEATNUMB,PRIMARY_RD,SECONDARY_RD,DISTANCE,DIRECTION,INTERSECTION,WEATHER_1,WEATHER_2,STATE_HWY_IND,CALTRANS_COUNTY,CALTRANS_DISTRICT,STATE_ROUTE,ROUTE_SUFFIX,POSTMILE_PREFIX,POSTMILE,LOCATION_TYPE,RAMP_INTERSECTION,SIDE_OF_HWY,TOW_AWAY,COLLISION_SEVERITY,NUMBER_KILLED,NUMBER_INJURED,PARTY_COUNT,PRIMARY_COLL_FACTOR,PCF_CODE_VIOL,PCF_VIOL_CATEGORY,PCF_VIOLATION,PCF_VIOL_SUBSECTION,HIT_AND_RUN,TYPE_OF_COLLISION,MVIW,PED_ACTION,ROAD_SURFACE,ROAD_COND_1,ROAD_COND_2,LIGHTING,CONTROL_DEVICE,CHP_ROAD_TYPE,PEDESTRIAN_ACCIDENT,BICYCLE_ACCIDENT,MOTORCYCLE_ACCIDENT,TRUCK_ACCIDENT,NOT_PRIVATE_PROPERTY,ALCOHOL_INVOLVED,STWD_VEHTYPE_AT_FAULT,CHP_VEHTYPE_AT_FAULT,COUNT_SEVERE_INJ,COUNT_VISIBLE_INJ,COUNT_COMPLAIN_PAIN,COUNT_PED_KILLED,COUNT_PED_INJURED,COUNT_BICYCLIST_KILLED,COUNT_BICYCLIST_INJURED,COUNT_MC_KILLED,COUNT_MC_INJURED,PRIMARY_RAMP,SECONDARY_RAMP,LATITUDE,LONGITUDE,TIMECAT,MONTH_,CITY,COUNTY,STATE,POINT_X,POINT_Y,Match_addr,m_primaryrd,m_secondrd
0,0,142535,5961619,2012,12/13/2013 0:00,1942,10/19/2012,1700,26703,1134,5,5,7,1942,0,0,0,K,0,11,EAGLE ROCK BL,CAZADOR ST,100,N,N,A,-,N,,0,0,,,0,,,,N,4,0,1,2,A,-,8,22107,,F,B,C,A,A,H,-,A,D,0,,Y,,,Y,,-,99,0,0,1,0,0,0,1,0,0,-,-,0,0,1800,10,LOS ANGELES,LOS ANGELES,CA,0,0,,,
-118.2741448,33.77892685,134705,5863044,2012,12/18/2013 0:00,1942,10/20/2012,1330,38444,524,6,5,7,1942,0,0,0,E,0,5TL21,WILMINGTON BL,ANAHEIM ST,150,S,N,A,-,N,,0,0,,,0,,,,N,3,0,1,2,A,-,9,21804,A,N,B,-,A,A,H,-,A,D,0,,Y,,,Y,,L,4,0,1,0,0,0,0,1,0,0,-,-,0,0,1500,10,LOS ANGELES,LOS ANGELES,CA,-118.2741448,33.77892685,"N WILMINGTON BLVD & W ANAHEIM ST, LOS ANGELES, CA, 90744",N WILMINGTON BLVD,W ANAHEIM ST
-118.4967,34.31996918,136068,5879783,2012,12/27/2013 0:00,1942,10/20/2012,1115,30830,1705,6,5,7,1942,0,0,0,Q,0,16TL23,SAN FERNANDO RD,BALBOA RD,0,,Y,B,C,N,,0,0,,,0,,,,N,3,0,1,1,A,-,3,22350,,N,H,-,A,B,H,-,A,D,0,,Y,,,Y,,L,4,0,1,0,0,0,0,1,0,0,-,-,0,0,1200,10,LOS ANGELES,LOS ANGELES,CA,-118.4967,34.31996918,"SAN FERNANDO RD & BALBOA BLVD, LOS ANGELES, CA, 91342",SAN FERNANDO RD,BALBOA BLVD
-118.3998572,34.16863632,136388,5885828,2012,12/23/2013 0:00,1942,10/20/2012,1015,27220,1543,6,5,7,1942,0,0,0,O,0,,CHANDLER,HERMITAGE ST,150,E,N,A,-,N,,0,0,,,0,,,,N,4,0,1,2,A,-,-,0,,N,A,G,A,A,H,-,A,D,0,,Y,,,Y,,-,-,0,0,1,0,0,0,1,0,0,-,-,0,0,1200,10,LOS ANGELES,LOS ANGELES,CA,-118.3998572,34.16863632,"CHANDLER BLVD & HERMITAGE AVE, LOS ANGELES, CA, 91607",CHANDLER BLVD,HERMITAGE AVE
-118.33967,34.06212997,144067,5975186,2012,12/13/2013 0:00,1942,10/20/2012,1900,40947,738,6,5,7,1942,0,0,0,,0,7A22,S CITRUS AV,WILSHIRE BL,0,,Y,A,-,N,,0,0,,,0,,,,N,3,0,1,2,A,-,9,21801,A,N,D,G,A,A,H,-,A,D,0,,Y,,,Y,,-,-,0,1,0,0,0,0,1,0,0,-,-,0,0,2100,10,LOS ANGELES,LOS ANGELES,CA,-118.33967,34.06212997,"S CITRUS AVE & WILSHIRE BLVD, LOS ANGELES, CA, 90036",S CITRUS AVE,WILSHIRE BLVD
-118.2825601,34.09263229,134526,5861038,2012,12/18/2013 0:00,1942,10/21/2012,1600,36238,1162,7,5,7,1942,0,0,0,K,0,11TL32,MYRA AV,LEXINGTON AV,50,S,N,A,-,N,,0,0,,,0,,,,N,3,0,1,2,A,-,7,21658,A,N,B,G,A,A,H,-,A,D,0,,Y,,,Y,,L,4,0,1,0,0,0,0,1,0,0,-,-,0,0,1800,10,LOS ANGELES,LOS ANGELES,CA,-118.2825601,34.09263229,"MYRA AVE & LEXINGTON AVE, LOS ANGELES, CA, 90029",MYRA AVE,LEXINGTON AVE
-118.363006,34.05804062,135070,5864293,2012,12/23/2013 0:00,1942,10/21/2012,1145,32896,743,7,5,7,1942,0,0,0,G,0,20TL56,OLYMPIC BL,SAN VICENTE BL,5,E,N,A,-,N,,0,0,,,0,,,,N,4,0,1,2,A,-,8,22107,,F,B,G,A,A,H,-,A,A,0,,Y,,,Y,,-,99,0,0,1,0,0,0,1,0,0,-,-,0,0,1200,10,LOS ANGELES,LOS ANGELES,CA,-118.3630059,34.05804062,"W OLYMPIC BLVD & SAN VICENTE BLVD, LOS ANGELES, CA, 90019",W OLYMPIC BLVD,SAN VICENTE BLVD
-118.3444697,34.09904099,135538,5870823,2012,12/24/2013 0:00,1942,10/21/2012,1945,40855,RD064,7,5,7,1942,0,0,0,,0,6A49,LA BREA AV,LANEWOOD AV,54,S,N,A,-,N,,0,0,,,0,,,,Y,4,0,1,2,A,-,9,21801,A,N,D,G,A,A,A,-,C,D,0,,Y,,,Y,,D,22,0,0,1,0,0,0,1,0,0,-,-,0,0,2100,10,LOS ANGELES,LOS ANGELES,CA,-118.3444697,34.09904099,"N LA BREA AVE & LANEWOOD AVE, LOS ANGELES, CA, 90028",N LA BREA AVE,LANEWOOD AVE
-118.27022,34.0267601,135618,5872061,2012,12/21/2013 0:00,1942,10/21/2012,1730,37323,RD132,7,5,7,1942,0,0,0,,0,13X76,HILL ST,25TH ST,0,,Y,A,-,N,,0,0,,,0,,,,N,4,0,1,2,A,-,9,21802,A,N,D,G,A,A,H,-,A,A,0,,Y,,,Y,,A,1,0,0,1,0,0,0,1,0,0,-,-,0,0,1800,10,LOS ANGELES,LOS ANGELES,CA,-118.27022,34.0267601,"S HILL ST & W 25TH ST, LOS ANGELES, CA, 90007",S HILL ST,W 25TH ST
-118.4225499,34.18470764,135636,5872540,2012,12/28/2013 0:00,1942,10/21/2012,1115,30893,938,7,5,7,1942,0,0,0,I,0,DESK,FULTON AV,SYLVAN ST,50,S,N,A,-,N,,0,0,,,0,,,,N,3,0,1,2,A,-,-,0,,F,B,G,A,A,H,-,A,D,0,,Y,,,Y,,-,-,0,1,0,0,0,0,1,0,0,-,-,0,0,1200,10,LOS ANGELES,LOS ANGELES,CA,-118.4225499,34.18470764,"FULTON AVE & SYLVAN ST, LOS ANGELES, CA, 91401",FULTON AVE,SYLVAN ST
-118.3305164,34.09797669,142105,5956784,2012,12/14/2013 0:00,1942,10/21/2012,1600,25485,666,7,5,7,1942,0,0,0,F,0,6A67,SUNSET BL,COLE PL,65,W,N,A,-,N,,0,0,,,0,,,,N,3,0,1,2,A,-,7,21658,A,N,C,G,A,A,H,-,A,D,0,,Y,,,Y,,A,1,0,1,0,0,0,0,1,0,0,-,-,0,0,1800,10,LOS ANGELES,LOS ANGELES,CA,-118.3305164,34.09797668,"W SUNSET BLVD & COLE PL, LOS ANGELES, CA, 90028",W SUNSET BLVD,COLE PL
-118.2372712,33.94312668,130013,5806113,2012,12/19/2013 0:00,1942,10/22/2012,1245,37740,1827,1,5,7,1942,0,0,0,R,0,18T23,103RD ST,GRAPE ST,100,W,N,A,-,N,,0,0,,,0,,,,N,3,0,1,2,A,-,5,21202,A,N,B,G,A,A,H,-,A,D,0,,Y,,,Y,Y,L,4,0,1,0,0,0,0,1,0,0,-,-,0,0,1500,10,LOS ANGELES,LOS ANGELES,CA,-118.2372712,33.94312668,"E 103RD ST & GRAPE ST, LOS ANGELES, CA, 90002",E 103RD ST,GRAPE ST
-118.3270954,34.0109,130185,5808257,2012,12/20/2013 0:00,1942,10/22/2012,1510,37724,393,1,5,7,1942,0,0,0,C,0,3TL57,MARTIN LUTHER KING BL,9TH AV,1,W,N,A,-,N,,0,0,,,0,,,,N,3,0,1,2,A,-,12,21453,A,N,H,G,A,A,H,-,A,A,0,,Y,,,Y,,L,4,0,1,0,0,0,0,1,0,0,-,-,0,0,1800,10,LOS ANGELES,LOS ANGELES,CA,-118.3270954,34.0109,"W MARTIN LUTHER KING JR BLVD & 9TH AVE, LOS ANGELES, CA, 90008",W MARTIN LUTHER KING JR BLVD,9TH AVE
-118.4487387,34.1975441,130339,5808756,2012,12/19/2013 0:00,1942,10/22/2012,1725,30947,914,1,5,7,1942,0,0,0,I,0,35M121,HART ST,VAN NUYS BL,5,W,N,A,-,N,,0,0,,,0,,,,N,4,0,1,2,A,-,5,21202,A,N,D,G,A,A,H,-,A,A,0,,Y,,,Y,,L,4,0,0,1,0,0,0,1,0,0,-,-,0,0,1800,10,LOS ANGELES,LOS ANGELES,CA,-118.4487387,34.1975441,"HART ST & VAN NUYS BLVD, LOS ANGELES, CA, 91405",HART ST,VAN NUYS BLVD
-118.2879043,33.741375,134651,5862640,2012,12/19/2013 0:00,1942,10/22/2012,1000,36607,564,1,5,7,1942,0,0,0,E,0,12T41,PACIFIC AV,3RD ST,36,S,N,A,-,N,,0,0,,,0,,,,N,4,0,1,2,A,-,5,21650,1,N,D,G,A,A,H,-,A,D,0,,Y,,,Y,,L,4,0,0,1,0,0,0,1,0,0,-,-,0,0,1200,10,LOS ANGELES,LOS ANGELES,CA,-118.2879043,33.741375,"S PACIFIC AVE & W 3RD ST, LOS ANGELES, CA, 90731",S PACIFIC AVE,W 3RD ST
-118.4487251,34.15190888,134898,5863552,2012,12/20/2013 0:00,1942,10/22/2012,1230,33779,985,1,5,7,1942,0,0,0,I,0,15TL44,MOORPARK ST,VAN NUYS BL,4,W,N,A,-,N,,0,0,,,0,,,,Y,3,0,1,2,A,-,5,21650,1,N,D,G,A,A,H,-,A,A,0,,Y,,,Y,,L,4,0,1,0,0,0,0,1,0,0,-,-,0,0,1500,10,LOS ANGELES,LOS ANGELES,CA,-118.4487251,34.15190887,"MOORPARK ST & VAN NUYS BLVD, LOS ANGELES, CA, 91403",MOORPARK ST,VAN NUYS BLVD
-118.2635629,34.0384407,135603,5871955,2012,12/23/2013 0:00,1942,10/22/2012,1310,37482,192,1,5,7,1942,0,0,0,A,0,4TL43,PICO BL,OLIVE ST,100,W,N,A,-,N,,0,0,,,0,,,,N,3,0,1,2,A,-,17,22517,,N,D,G,A,A,H,-,A,D,0,,Y,,,Y,,A,1,0,1,0,0,0,0,1,0,0,-,-,0,0,1500,10,LOS ANGELES,LOS ANGELES,CA,-118.2635629,34.0384407,"W PICO BLVD & S OLIVE ST, LOS ANGELES, CA, 90015",W PICO BLVD,S OLIVE ST
-118.23011,34.02296066,135604,5871958,2012,12/23/2013 0:00,1942,10/22/2012,1145,30380,1309,1,5,7,1942,0,0,0,M,0,1TL11,SANTA FE AV,EAST 11TH ST,0,,Y,A,-,N,,0,0,,,0,,,,N,4,0,1,2,A,-,9,21801,B,N,D,G,A,A,H,-,A,D,0,,Y,,,Y,,A,7,0,0,1,0,0,0,1,0,0,-,-,0,0,1200,10,LOS ANGELES,LOS ANGELES,CA,-118.23011,34.02296066,"S SANTA FE AVE & E 11TH ST, LOS ANGELES, CA, 90021",S SANTA FE AVE,E 11TH ST
-118.4433,34.27362061,135881,5877862,2012,12/24/2013 0:00,1942,10/22/2012,1910,39479,1944,1,5,7,1942,0,0,0,,0,9TL54,FOX ST,OMELVENY AV,0,,Y,A,-,N,,0,0,,,0,,,,N,3,0,1,2,A,-,5,21650,1,N,A,G,A,A,H,-,C,A,0,,Y,,,Y,,L,4,0,1,0,0,0,0,1,0,0,-,-,0,0,2100,10,LOS ANGELES,LOS ANGELES,CA,-118.4433,34.27362061,"FOX ST & OMELVENY AVE, LOS ANGELES, CA, 91340",FOX ST,OMELVENY AVE
-118.405184,34.2011795,135916,5877918,2012,12/26/2013 0:00,1942,10/22/2012,950,30452,1513,1,5,7,1942,0,0,0,O,0,9TL53,WHITSETT AV,SHERMAN WY,2,S,N,A,-,N,,0,0,,,0,,,,N,3,0,1,2,A,-,9,21804,A,N,H,G,A,A,H,-,A,D,0,,Y,,,Y,,L,4,0,1,0,0,0,0,1,0,0,-,-,0,0,1200,10,LOS ANGELES,LOS ANGELES,CA,-118.405184,34.2011795,"WHITSETT AVE & SHERMAN WAY, LOS ANGELES, CA, 91605",WHITSETT AVE,SHERMAN WAY
-118.3306947,34.048172,134582,5861739,2012,12/16/2013 0:00,1942,10/23/2012,1510,37770,766,2,5,7,1942,0,0,0,,0,7TL72,PICO BL,PLYMOUTH BL,45,E,N,A,-,N,,0,0,,,0,,,,N,3,0,1,2,A,-,8,22107,,F,B,G,A,A,H,-,A,A,0,,Y,,,Y,,L,4,0,1,0,0,0,0,1,0,0,-,-,0,0,1800,10,LOS ANGELES,LOS ANGELES,CA,-118.3306947,34.048172,"W PICO BLVD & S PLYMOUTH BLVD, LOS ANGELES, CA, 90019",W PICO BLVD,S PLYMOUTH BLVD
-118.3618207,34.21834946,134732,5863097,2012,12/20/2013 0:00,1942,10/23/2012,1820,39479,1698,2,5,7,1942,0,0,0,P,0,9TL54,WHEATLAND AV,RAINIER ST,20,S,N,A,-,N,,0,0,,,0,,,,N,3,0,1,2,A,-,-,0,,N,A,G,A,A,H,-,C,D,0,,Y,,,Y,,L,4,0,1,0,0,0,0,1,0,0,-,-,0,0,2100,10,LOS ANGELES,LOS ANGELES,CA,-118.3618207,34.21834946,"WHEATLAND AVE & RAINIER ST, LOS ANGELES, CA, 91352",WHEATLAND AVE,RAINIER ST
-118.361455,34.06821823,138510,5913701,2012,12/16/2013 0:00,1942,10/23/2012,725,40784,732,2,5,7,1942,0,0,0,G,0,7A73,DREXEL AV,FAIRFAX AV,7,W,N,A,-,N,,0,0,,,0,,,,N,4,0,1,2,A,-,8,22107,,F,D,G,A,A,H,-,A,A,0,,Y,,,Y,,-,-,0,0,1,0,0,0,1,0,0,-,-,0,0,900,10,LOS ANGELES,LOS ANGELES,CA,-118.361455,34.06821823,"DREXEL AVE & S FAIRFAX AVE, LOS ANGELES, CA, 90036",DREXEL AVE,S FAIRFAX AVE
-118.2592466,34.10426331,142566,5961664,2012,4/24/2014 0:00,1942,10/23/2012,940,37794,1133,2,5,7,1942,0,0,0,K,0,11A25,GLENDALE BL,FLETCHER DR,102,N,N,B,-,N,,0,0,,,0,,,,N,3,0,1,2,A,-,3,22350,,N,C,G,A,A,H,-,A,D,0,,Y,,,Y,,L,4,0,1,0,0,0,0,1,0,0,-,-,0,0,1200,10,LOS ANGELES,LOS ANGELES,CA,-118.2592466,34.10426331,"GLENDALE BLVD & FLETCHER DR, LOS ANGELES, CA, 90039",GLENDALE BLVD,FLETCHER DR
-118.32186,34.05426025,144019,5974967,2012,12/14/2013 0:00,1942,10/23/2012,1815,36861,2041,2,5,7,1942,0,0,0,,0,7X52,OLYMPIC BL,BRONSON AV,0,,Y,A,-,N,,0,0,,,0,,,,N,2,0,1,2,A,-,9,21801,A,N,H,G,A,A,H,-,C,D,0,,Y,,,Y,,A,1,1,0,0,0,0,0,1,0,0,-,-,0,0,2100,10,LOS ANGELES,LOS ANGELES,CA,-118.32186,34.05426025,"W OLYMPIC BLVD & S BRONSON AVE, LOS ANGELES, CA, 90019",W OLYMPIC BLVD,S BRONSON AVE
-118.4690265,33.9836578,144093,5975245,2012,12/14/2013 0:00,1942,10/23/2012,745,40862,1441,2,5,7,1942,0,0,0,N,0,14A11,PACIFIC AV,23RD PL,3,S,N,B,F,N,,0,0,,,0,,,,N,3,0,1,2,A,-,4,21703,,N,H,G,A,B,H,-,A,D,0,,Y,,,Y,,L,4,0,1,0,0,0,0,1,0,0,-,-,0,0,900,10,LOS ANGELES,LOS ANGELES,CA,-118.4690265,33.9836578,"PACIFIC AVE & 23RD PL, LOS ANGELES, CA",PACIFIC AVE,23RD PL
-118.2830022,33.91869736,134489,5860920,2012,3/25/2014 0:00,1942,10/24/2012,845,36484,1831,3,5,7,1942,0,0,0,R,0,18A97,FIGUEROA,126TH ST,40,S,N,A,-,N,,0,0,,,0,,,,N,4,0,1,2,D,-,0,0,,N,D,G,A,A,-,-,A,D,0,,Y,,,Y,,-,-,0,0,1,0,0,0,1,0,0,-,-,0,0,900,10,LOS ANGELES,LOS ANGELES,CA,-118.2830022,33.91869736,"S FIGUEROA ST & W 126TH ST, LOS ANGELES, CA, 90061",S FIGUEROA ST,W 126TH ST
-118.3295237,34.09824753,134672,5862894,2012,12/19/2013 0:00,1942,10/24/2012,2000,31667,666,3,5,7,1942,0,0,0,F,0,6T7,CAHUENGA BL,SUNSET BL,100,N,N,A,-,N,,0,0,,,0,,,,N,3,0,1,2,A,-,3,22350,,N,C,G,A,A,H,-,C,D,0,,Y,,,Y,,A,1,0,1,0,0,0,0,1,0,0,-,-,0,0,2100,10,LOS ANGELES,LOS ANGELES,CA,-118.3295237,34.09824753,"N CAHUENGA BLVD & W SUNSET BLVD, LOS ANGELES, CA, 90028",N CAHUENGA BLVD,W SUNSET BLVD
-118.27295,34.03295898,135610,5872018,2012,12/21/2013 0:00,1942,10/24/2012,1850,40166,1311,3,5,7,1942,0,0,0,M,0,13X23,FIGUEROA ST,20TH ST,0,,Y,A,-,N,,0,0,,,0,,,,N,4,0,1,2,A,-,9,21801,A,N,D,G,A,A,H,-,C,D,0,,Y,,,Y,,A,1,0,0,1,0,0,0,1,0,0,-,-,0,0,2100,10,LOS ANGELES,LOS ANGELES,CA,-118.27295,34.03295898,"S FIGUEROA ST & W 20TH ST, LOS ANGELES, CA, 90007",S FIGUEROA ST,W 20TH ST
-118.2520405,34.04482651,143253,5966932,2012,12/17/2013 0:00,1942,10/24/2012,1235,38365,153,3,5,7,1942,0,0,0,A,0,2TL15,SPRING ST,7TH ST,135,N,N,A,-,N,,0,0,,,0,,,,N,3,0,1,2,A,-,8,22107,,N,D,G,A,A,H,-,A,D,0,,Y,,,Y,,A,1,0,1,0,0,0,0,1,0,0,-,-,0,0,1500,10,LOS ANGELES,LOS ANGELES,CA,-118.2520405,34.04482651,"S SPRING ST & W 7TH ST, LOS ANGELES, CA, 90014",S SPRING ST,W 7TH ST
-118.2842521,34.05582809,143260,5966988,2012,12/18/2013 0:00,1942,10/24/2012,900,37686,2049,3,5,7,1942,0,0,0,,0,8T28,HOOVER ST,JAMES M WOOD BL,10,S,N,A,-,N,,0,0,,,0,,,,N,3,0,1,2,D,-,0,0,,N,B,G,A,A,H,-,A,D,0,,Y,,,Y,,-,-,0,1,0,0,0,0,1,0,0,-,-,0,0,1200,10,LOS ANGELES,LOS ANGELES,CA,-118.2842521,34.05582809,"S HOOVER ST & JAMES M WOOD BLVD, LOS ANGELES, CA, 90006",S HOOVER ST,JAMES M WOOD BLVD
-118.37011,33.93080139,144090,5975237,2012,12/14/2013 0:00,1942,10/24/2012,1330,31573,1494,3,5,7,1942,0,0,0,N,0,34MQ09,IMPERIAL HWY,LA CIENEGA BL,0,,Y,A,-,N,,0,0,,,0,,,,N,4,0,1,2,A,-,5,21650,1,N,H,G,A,A,H,-,A,A,0,,Y,,,Y,,L,4,0,0,1,0,0,0,1,0,0,-,-,0,0,1500,10,LOS ANGELES,LOS ANGELES,CA,-118.37011,33.93080139,"W IMPERIAL HWY & S LA CIENEGA BLVD, LOS ANGELES, CA, 90045",W IMPERIAL HWY,S LA CIENEGA BLVD
-118.46611,34.04291916,134587,5861755,2012,12/16/2013 0:00,1942,10/25/2012,1700,38266,841,4,5,7,1942,0,0,0,H,0,8T28,BUNDY DR,TEXAS AV,0,,Y,A,-,N,,0,0,,,0,,,,Y,2,0,3,3,A,-,9,21801,A,N,D,C,A,A,H,-,A,A,0,,Y,,,Y,,A,1,1,1,1,0,0,0,1,0,0,-,-,0,0,1800,10,LOS ANGELES,LOS ANGELES,CA,-118.46611,34.04291916,"S BUNDY DR & TEXAS AVE, LOS ANGELES, CA, 90025",S BUNDY DR,TEXAS AVE
-118.31203,34.02645874,134715,5863067,2012,12/18/2013 0:00,1942,10/25/2012,1835,39291,336,4,5,7,1942,0,0,0,C,0,3TL57,31ST ST,SAINT ANDREWS PL,0,,Y,A,-,N,,0,0,,,0,,,,Y,4,0,1,2,A,-,9,21801,A,N,H,G,A,A,H,-,C,D,0,,Y,,,Y,,A,1,0,0,1,0,0,0,1,0,0,-,-,0,0,2100,10,LOS ANGELES,LOS ANGELES,CA,-118.31203,34.02645874,"W 31ST ST & S SAINT ANDREWS PL, LOS ANGELES, CA, 90018",W 31ST ST,S SAINT ANDREWS PL
-118.4125084,34.25699234,134728,5863093,2012,12/19/2013 0:00,1942,10/25/2012,1415,26315,1643,4,5,7,1942,0,0,0,P,0,19TL74,SAN FERNANDO RD,KAGEL CANYON ST,68,S,N,A,-,N,,0,0,,,0,,,,N,4,0,1,2,A,-,2,21654,A,N,H,G,A,A,H,-,A,D,0,,Y,,,Y,,L,4,0,0,1,0,0,0,1,0,0,-,-,0,0,1500,10,LOS ANGELES,LOS ANGELES,CA,-118.4125084,34.25699234,"SAN FERNANDO RD & KAGEL CANYON ST, LOS ANGELES, CA, 91331",SAN FERNANDO RD,KAGEL CANYON ST
-118.25598,34.02986145,135612,5872026,2012,12/21/2013 0:00,1942,10/25/2012,1528,34426,1313,4,5,7,1942,0,0,0,M,0,1TL24,SAN PEDRO ST,16TH ST,0,,Y,A,-,N,,0,0,,,0,,,,N,4,0,1,2,A,-,5,21650,1,N,A,G,A,A,H,-,A,A,0,,Y,,,Y,,A,1,0,0,1,0,0,0,1,0,0,-,-,0,0,1800,10,LOS ANGELES,LOS ANGELES,CA,-118.25598,34.02986145,"S SAN PEDRO ST & E 16TH ST, LOS ANGELES, CA, 90015",S SAN PEDRO ST,E 16TH ST
-118.25214,34.00389099,135614,5872034,2012,12/21/2013 0:00,1942,10/25/2012,1900,36326,1365,4,5,7,1942,0,0,0,M,0,1365,HOOPER AV,VERNON AV,0,,Y,A,-,N,,0,0,,,0,,,,N,4,0,1,2,A,-,5,21650,1,N,D,G,A,A,H,-,B,A,0,,Y,,,Y,,L,4,0,0,1,0,0,0,1,0,0,-,-,0,0,2100,10,LOS ANGELES,LOS ANGELES,CA,-118.25214,34.00389099,"HOOPER AVE & E VERNON AVE, LOS ANGELES, CA, 90011",HOOPER AVE,E VERNON AVE
-118.4836674,34.18675613,135892,5877879,2012,12/23/2013 0:00,1942,10/25/2012,1715,33779,1049,4,5,7,1942,0,0,0,J,0,15TL44,WOODLEY AV,VICTORY BL,48,N,N,A,-,N,,0,0,,,0,,,,N,3,0,1,2,A,-,5,21650,1,N,A,G,A,A,H,-,A,A,0,,Y,,,Y,,L,4,0,1,0,0,0,0,1,0,0,-,-,0,0,1800,10,LOS ANGELES,LOS ANGELES,CA,-118.4836674,34.18675613,"WOODLEY AVE & VICTORY BLVD, LOS ANGELES, CA, 91406",WOODLEY AVE,VICTORY BLVD
-118.4749422,34.20108414,135894,5877883,2012,12/23/2013 0:00,1942,10/25/2012,625,38687,1018,4,5,7,1942,0,0,0,J,0,10TL35,HASKELL AV,SHERMAN WY,15,S,N,A,-,N,,0,0,,,0,,,,N,3,0,1,2,A,-,5,21650,1,N,H,G,A,A,H,-,C,A,0,,Y,,,Y,,L,4,0,1,0,0,0,0,1,0,0,-,-,0,0,900,10,LOS ANGELES,LOS ANGELES,CA,-118.4749422,34.20108414,"HASKELL AVE & SHERMAN WAY, LOS ANGELES, CA, 91406",HASKELL AVE,SHERMAN WAY
-118.29922,33.83440018,136206,5883361,2012,1/6/2014 0:00,1942,10/25/2012,1055,36607,506,4,5,7,1942,0,0,0,E,0,12TL41,LEVINSON ST,NORMANDIE AV,0,,Y,A,-,N,,0,0,,,0,,,,N,4,0,1,2,A,-,9,21801,A,N,H,G,A,A,H,-,A,A,0,,Y,,,Y,,A,1,0,0,1,0,0,0,1,0,0,-,-,0,0,1200,10,LOS ANGELES,LOS ANGELES,CA,-118.29922,33.83440018,"LEVINSON ST & NORMANDIE AVE, WEST CARSON, CA, 90502",LEVINSON ST,NORMANDIE AVE
-118.3650001,34.05831528,138137,5908078,2012,12/17/2013 0:00,1942,10/25/2012,1450,31255,742,4,5,7,1942,0,0,0,,0,6TL2,OLYMPIC BL,HAYWORTH AV,30,W,N,A,-,N,,0,0,,,0,,,,N,3,0,1,2,A,-,9,21802,A,N,A,G,A,A,H,-,A,D,0,,Y,,,Y,,A,7,0,1,0,0,0,0,1,0,0,-,-,0,0,1500,10,LOS ANGELES,LOS ANGELES,CA,-118.3650001,34.05831528,"W OLYMPIC BLVD & S HAYWORTH AVE, LOS ANGELES, CA, 90048",W OLYMPIC BLVD,S HAYWORTH AVE
-118.33967,34.08345032,138192,5908257,2012,12/17/2013 0:00,1942,10/25/2012,1745,31573,706,4,5,7,1942,0,0,0,,0,34NQ09,MELROSE AV,CITRUS AV,0,,Y,A,-,N,,0,0,,,0,,,,Y,4,0,1,2,A,-,9,21802,A,N,D,G,A,A,H,-,A,A,0,,Y,,,Y,,A,1,0,0,1,0,0,0,1,0,0,-,-,0,0,1800,10,LOS ANGELES,LOS ANGELES,CA,-118.33967,34.08345032,"MELROSE AVE & N CITRUS AVE, LOS ANGELES, CA, 90038",MELROSE AVE,N CITRUS AVE
-118.3090331,34.04274368,142551,5961638,2012,12/12/2013 0:00,1942,10/25/2012,1040,38897,2083,4,5,7,1942,0,0,0,,0,6T7,WESTERN AV,VENICE BL,300,S,N,A,-,N,,0,0,,,0,,,,N,3,0,1,2,A,-,9,21801,A,N,D,G,A,A,H,-,A,D,0,,Y,,,Y,,A,1,0,1,0,0,0,0,1,0,0,-,-,0,0,1200,10,LOS ANGELES,LOS ANGELES,CA,-118.3090331,34.04274368,"S WESTERN AVE & VENICE BLVD, LOS ANGELES, CA, 90006",S WESTERN AVE,VENICE BLVD
-118.29942,34.07527161,143087,5965554,2012,12/16/2013 0:00,1942,10/25/2012,1840,36677,2015,4,5,7,1942,0,0,0,,0,20A71,COUNCIL ST,MARIPOSA AV,0,,Y,A,-,N,,0,0,,,0,,,,N,4,0,1,2,A,-,9,21802,A,N,D,G,A,A,H,-,C,A,0,,Y,,,Y,,L,4,0,0,1,0,0,0,1,0,0,-,-,0,0,2100,10,LOS ANGELES,LOS ANGELES,CA,-118.29942,34.07527161,"COUNCIL ST & N MARIPOSA AVE, LOS ANGELES, CA, 90004",COUNCIL ST,N MARIPOSA AVE