X,Y,FID,CASE_ID,ACCIDENT_YEAR,PROCDATE,JURIS,COLLISION_DATE,COLLISION_TIME,OFFICER_ID,REPORTING_DISTRICT,DAY_OF_WEEK,SHIFT,POPULATION,CNTY_CITY_LOC,SPECIAL_COND,BEAT_TYPE,CHP_BEAT_TYPE,CITY_DIVISION_LAPD,CHP_BEAT_CLASS,BEATNUMB,PRIMARY_RD,SECONDARY_RD,DISTANCE,DIRECTION,INTERSECTION,WEATHER_1,WEATHER_2,STATE_HWY_IND,CALTRANS_COUNTY,CALTRANS_DISTRICT,STATE_ROUTE,ROUTE_SUFFIX,POSTMILE_PREFIX,POSTMILE,LOCATION_TYPE,RAMP_INTERSECTION,SIDE_OF_HWY,TOW_AWAY,COLLISION_SEVERITY,NUMBER_KILLED,NUMBER_INJURED,PARTY_COUNT,PRIMARY_COLL_FACTOR,PCF_CODE_VIOL,PCF_VIOL_CATEGORY,PCF_VIOLATION,PCF_VIOL_SUBSECTION,HIT_AND_RUN,TYPE_OF_COLLISION,MVIW,PED_ACTION,ROAD_SURFACE,ROAD_COND_1,ROAD_COND_2,LIGHTING,CONTROL_DEVICE,CHP_ROAD_TYPE,PEDESTRIAN_ACCIDENT,BICYCLE_ACCIDENT,MOTORCYCLE_ACCIDENT,TRUCK_ACCIDENT,NOT_PRIVATE_PROPERTY,ALCOHOL_INVOLVED,STWD_VEHTYPE_AT_FAULT,CHP_VEHTYPE_AT_FAULT,COUNT_SEVERE_INJ,COUNT_VISIBLE_INJ,COUNT_COMPLAIN_PAIN,COUNT_PED_KILLED,COUNT_PED_INJURED,COUNT_BICYCLIST_KILLED,COUNT_BICYCLIST_INJURED,COUNT_MC_KILLED,COUNT_MC_INJURED,PRIMARY_RAMP,SECONDARY_RAMP,LATITUDE,LONGITUDE,TIMECAT,MONTH_,CITY,COUNTY,STATE,POINT_X,POINT_Y,Match_addr,m_primaryrd,m_secondrd
-118.23902,33.93244934,142604,5961909,2012,1/16/2014 0:00,1942,12/23/2012,1050,40515,1849,7,5,7,1942,0,0,0,R,0,12T41,WILMINGTON AV,113TH ST,0,,Y,A,-,N,,0,0,,,0,,,,N,4,0,1,2,A,-,5,21650,1,F,-,G,A,A,H,-,A,D,0,,Y,,,Y,,L,4,0,0,1,0,0,0,1,0,0,-,-,0,0,1200,12,LOS ANGELES,LOS ANGELES,CA,-118.23902,33.93244934,"WILMINGTON AVE & E 113TH ST, LOS ANGELES, CA, 90059",WILMINGTON AVE,E 113TH ST
-118.357099,34.02151489,139182,5925416,2012,1/11/2014 0:00,1942,12/24/2012,1700,27328,321,1,5,7,1942,0,0,0,C,0,3TL55,SYCAMORE AV,RODEO RD,4,S,N,B,-,N,,0,0,,,0,,,,N,4,0,1,2,A,-,5,21650,1,N,H,G,A,A,H,-,B,A,0,,Y,,,Y,,L,4,0,0,1,0,0,0,1,0,0,-,-,0,0,1800,12,LOS ANGELES,LOS ANGELES,CA,-118.357099,34.02151489,"S SYCAMORE AVE & RODEO RD, LOS ANGELES, CA, 90016",S SYCAMORE AVE,RODEO RD
-118.41286,34.00093079,141451,5952692,2012,1/15/2014 0:00,1942,12/24/2012,1700,41029,1942,1,5,7,1942,0,0,0,,0,14A49,CULVER BL,PURDUE AV,0,,Y,A,-,N,,0,0,,,0,,,,N,3,0,1,2,A,-,0,22650,,N,H,G,A,A,H,-,B,D,0,,Y,,,Y,,A,1,0,1,0,0,0,0,1,0,0,-,-,0,0,1800,12,LOS ANGELES,LOS ANGELES,CA,-118.41286,34.00093079,"CULVER BLVD & PURDUE AVE, LOS ANGELES, CA, 90230",CULVER BLVD,PURDUE AVE
-118.27401,34.00912094,139668,5934663,2012,1/14/2014 0:00,1942,12/25/2012,1820,37359,1351,2,5,7,1942,0,0,0,M,0,13X28,41ST ST,MAIN ST,0,,Y,A,-,N,,0,0,,,0,,,,N,4,0,1,2,A,-,10,21950,A,N,D,B,A,A,H,-,C,D,0,,Y,,,Y,,-,-,0,0,1,0,0,0,1,0,0,-,-,0,0,2100,12,LOS ANGELES,LOS ANGELES,CA,-118.27401,34.00912094,"W 41ST ST & S MAIN ST, LOS ANGELES, CA, 90037",W 41ST ST,S MAIN ST
-118.2413914,33.9378891,138336,5909902,2012,1/15/2014 0:00,1942,12/26/2012,1830,36874,1837,3,5,7,1942,0,0,0,R,0,,E 108TH ST,WILLOWBROOK AV,350,E,N,-,-,N,,0,0,,,0,,,,N,3,0,1,2,A,-,5,21650,,N,A,G,A,-,-,-,-,D,0,,Y,,,Y,,L,4,0,1,0,0,0,0,1,0,0,-,-,0,0,2100,12,LOS ANGELES,LOS ANGELES,CA,-118.2413914,33.9378891,"E 108TH ST & WILLOWBROOK AVE, LOS ANGELES, CA, 90059",E 108TH ST,WILLOWBROOK AVE
-118.24618,34.04724121,138847,5919264,2012,1/16/2014 0:00,1942,12/26/2012,1215,32974,135,3,5,7,1942,0,0,0,A,0,,4TH ST,LOS ANGELES ST,0,,Y,A,-,Y,,0,0,,,0,,,,N,3,0,1,2,A,-,-,0,,N,C,G,A,A,H,-,A,A,0,,Y,,,Y,,-,-,0,1,0,0,0,0,1,0,0,-,-,0,0,1500,12,LOS ANGELES,LOS ANGELES,CA,-118.24618,34.04724121,"E 4TH ST & S LOS ANGELES ST, LOS ANGELES, CA, 90013",E 4TH ST,S LOS ANGELES ST
0,0,139846,5937791,2012,1/11/2014 0:00,1942,12/26/2012,1710,36589,701,3,5,7,1942,0,0,0,G,0,230T56,N ALLEY S/O WILLOUGBY,FAIRFAX,135,W,N,A,-,N,,0,0,,,0,,,,N,3,0,1,2,A,-,5,21650,1,N,H,G,A,A,H,-,-,D,0,,Y,,,Y,,L,4,0,1,0,0,0,0,1,0,0,-,-,0,0,1800,12,LOS ANGELES,LOS ANGELES,CA,0,0,,,
-118.2783327,33.99333191,141407,5952526,2012,1/16/2014 0:00,1942,12/26/2012,1840,37952,1371,3,5,7,1942,0,0,0,M,0,4TL4,BROADWAY,54TH ST,10,N,N,B,-,N,,0,0,,,0,,,,N,4,0,1,2,A,-,12,21453,A,N,D,G,A,A,H,-,C,A,0,,Y,,,Y,,-,-,0,0,1,0,0,0,1,0,0,-,-,0,0,2100,12,LOS ANGELES,LOS ANGELES,CA,-118.2783327,33.99333191,"S BROADWAY & W 54TH ST, LOS ANGELES, CA, 90037",S BROADWAY,W 54TH ST
-118.38003,33.94541168,141448,5952687,2012,1/15/2014 0:00,1942,12/26/2012,1300,40164,1488,3,5,7,1942,0,0,0,N,0,8T26,BELLANCA AV,CENTURY BL,0,,Y,B,-,N,,0,0,,,0,,,,N,3,0,1,2,A,-,5,21650,1,N,D,G,A,A,H,-,A,A,0,,Y,,,Y,,L,4,0,1,0,0,0,0,1,0,0,-,-,0,0,1500,12,LOS ANGELES,LOS ANGELES,CA,-118.38003,33.94541168,"BELLANCA AVE & W CENTURY BLVD, LOS ANGELES, CA, 90045",BELLANCA AVE,W CENTURY BLVD
-118.2153652,34.0736351,141592,5953955,2012,1/21/2014 0:00,1942,12/26/2012,1815,37611,,3,5,7,1942,0,0,0,,0,,BROADWAY,DALY ST,81,E,N,B,-,N,,0,0,,,0,,,,N,3,0,1,2,A,-,5,21650,1,N,D,G,A,A,H,-,A,D,0,,Y,,,Y,,L,4,0,1,0,0,0,0,1,0,0,-,-,0,0,2100,12,LOS ANGELES,LOS ANGELES,CA,-118.2153652,34.0736351,"N BROADWAY & DALY ST, LOS ANGELES, CA, 90031",N BROADWAY,DALY ST
-118.3062465,34.05260468,141840,5955719,2012,4/4/2014 0:00,1942,12/26/2012,1035,32921,2053,3,5,7,1942,0,0,0,,0,8T35,OLYMPIC BL,SERRANO AV,26,E,N,A,-,N,,0,0,,,0,,,,N,3,0,1,2,A,-,8,22107,,F,B,G,A,B,H,-,A,D,0,,Y,,,Y,Y,-,-,0,1,0,0,0,0,1,0,0,-,-,0,0,1200,12,LOS ANGELES,LOS ANGELES,CA,-118.3062465,34.05260468,"W OLYMPIC BLVD & S SERRANO AVE, LOS ANGELES, CA, 90006",W OLYMPIC BLVD,S SERRANO AVE
0,0,141847,5955748,2012,1/10/2014 0:00,1942,12/26/2012,1450,37770,656,3,5,7,1942,0,0,0,F,0,8T26,CAHUENGA BL,ROMAINE ST,3,E,N,A,-,N,,0,0,,,0,,,,N,4,0,1,2,A,-,12,22450,A,F,D,G,A,A,H,-,A,A,0,,Y,,,Y,,-,99,0,0,1,0,0,0,1,0,0,-,-,0,0,1500,12,LOS ANGELES,LOS ANGELES,CA,0,0,,,
-118.2916521,34.05828476,142485,5961369,2012,1/14/2014 0:00,1942,12/26/2012,1830,40212,2036,3,5,7,1942,0,0,0,,0,20A16,VERMONT AV,LEEWARD AV,150,S,N,A,-,N,,0,0,,,0,,,,N,4,0,1,2,A,-,8,22107,,N,H,G,A,A,H,-,B,D,0,,Y,,,Y,,A,1,0,0,1,0,0,0,1,0,0,-,-,0,0,2100,12,LOS ANGELES,LOS ANGELES,CA,-118.2916521,34.05828476,"S VERMONT AVE & LEEWARD AVE, LOS ANGELES, CA, 90005",S VERMONT AVE,LEEWARD AVE
-118.28918,34.04726028,140034,5939835,2012,1/11/2014 0:00,1942,12/27/2012,1555,35643,2079,4,5,7,1942,0,0,0,,0,14T47,PICO BL,WESTMORELAND AV,0,,Y,A,-,N,,0,0,,,0,,,,N,3,0,1,2,A,-,5,21650,1,N,H,G,A,-,H,-,A,A,0,,Y,,,Y,,L,4,0,1,0,0,0,0,1,0,0,-,-,0,0,1800,12,LOS ANGELES,LOS ANGELES,CA,-118.28918,34.04726028,"W PICO BLVD & S WESTMORELAND AVE, LOS ANGELES, CA, 90006",W PICO BLVD,S WESTMORELAND AVE
-118.4480121,33.9905319,141440,5952671,2012,1/15/2014 0:00,1942,12/27/2012,1245,40164,1444,4,5,7,1942,0,0,0,N,0,14T52,LINCOLN BL,WASHINGTON BL,40,N,N,A,-,N,,0,0,,,0,,,,N,3,0,1,2,A,-,5,21650,1,N,D,G,A,A,H,-,A,A,0,,Y,,,Y,,L,4,0,1,0,0,0,0,1,0,0,-,-,0,0,1500,12,LOS ANGELES,LOS ANGELES,CA,-118.4480121,33.9905319,"SR 1 & WASHINGTON BLVD, LOS ANGELES, CA, 90291",SR 1,WASHINGTON BLVD
-118.43167,33.98880005,141456,5952699,2012,1/15/2014 0:00,1942,12/27/2012,950,40828,1454,4,5,7,1942,0,0,0,N,0,14A45,SHORT AV,BEETHOVEN ST,0,,Y,A,-,N,,0,0,,,0,,,,N,4,0,1,2,A,-,12,22450,A,N,G,G,A,A,H,-,A,A,0,,Y,,,Y,,L,4,0,0,1,0,0,0,1,0,0,-,-,0,0,1200,12,LOS ANGELES,LOS ANGELES,CA,-118.43167,33.98880005,"SHORT AVE & BEETHOVEN ST, LOS ANGELES, CA, 90066",SHORT AVE,BEETHOVEN ST
-118.3344748,34.0109,139199,5925686,2012,1/11/2014 0:00,1942,12/28/2012,1445,38817,373,5,5,7,1942,0,0,0,C,0,12TL73,MARTIN LUTHER KING BL,CRENSHAW BL,200,E,N,A,-,N,,0,0,,,0,,,,N,4,0,1,2,A,-,5,21650,1,N,H,G,A,A,H,-,A,D,0,,Y,,,Y,,L,4,0,0,1,0,0,0,1,0,0,-,-,0,0,1500,12,LOS ANGELES,LOS ANGELES,CA,-118.3344748,34.0109,"W MARTIN LUTHER KING JR BLVD & CRENSHAW BLVD, LOS ANGELES, CA, 90008",W MARTIN LUTHER KING JR BLVD,CRENSHAW BLVD
-118.2444707,34.11351045,139377,5929597,2012,1/15/2014 0:00,1942,12/28/2012,950,1,,5,5,7,1942,0,0,0,,0,,SAN FERNANDO RD,RT 2,0,,Y,A,-,Y,LA,7,2,-,-,15.925,R,3,W,N,4,0,1,2,A,-,17,21451,A,N,D,G,A,A,H,-,A,A,0,,Y,,,Y,,A,1,0,0,1,0,0,0,1,0,0,-,-,34.11359,-118.24454,1200,12,LOS ANGELES,LOS ANGELES,CA,-118.2444707,34.11351045,2/WB ON FR SAN FERNANDO RD,2/WB ON FR SAN FERNANDO RD,
-118.27586,34.06906891,139603,5934083,2012,1/11/2014 0:00,1942,12/28/2012,2050,30083,233,5,5,7,1942,0,0,0,B,0,11T21,BEVERLY BL,CORONADO TER,0,,Y,B,-,N,,0,0,,,0,,,,N,3,0,1,2,A,-,5,21650,,N,D,G,A,A,H,-,C,D,0,,Y,,,Y,,L,4,0,1,0,0,0,0,1,0,0,-,-,0,0,2100,12,LOS ANGELES,LOS ANGELES,CA,-118.27586,34.06906891,"BEVERLY BLVD & N CORONADO ST, LOS ANGELES, CA, 90057",BEVERLY BLVD,N CORONADO ST
-118.2680501,34.05653,139678,5934674,2012,1/14/2014 0:00,1942,12/28/2012,1545,40545,257,5,5,7,1942,0,0,0,B,0,1T24,6TH ST,LOMA DR,11,S,N,A,-,N,,0,0,,,0,,,,N,4,0,1,2,A,-,9,21802,A,N,D,G,A,A,H,-,A,A,0,,Y,,,Y,,L,4,0,0,1,0,0,0,1,0,0,-,-,0,0,1800,12,LOS ANGELES,LOS ANGELES,CA,-118.2680501,34.05653,"W 6TH ST & LOMA DR, LOS ANGELES, CA, 90017",W 6TH ST,LOMA DR
-118.21501,34.04544067,141586,5953943,2012,1/21/2014 0:00,1942,12/28/2012,1750,40042,,5,5,7,1942,0,0,0,,0,,N CUMMINGS ST,E 1ST ST,0,N,N,B,-,N,,0,0,,,0,,,,N,3,0,1,2,A,-,9,21804,A,N,B,G,A,A,E,-,C,D,0,,Y,,,Y,,A,7,0,1,0,0,0,0,1,0,0,-,-,0,0,1800,12,LOS ANGELES,LOS ANGELES,CA,-118.21501,34.04544067,"N CUMMINGS ST & E 1ST ST, LOS ANGELES, CA, 90033",N CUMMINGS ST,E 1ST ST
-118.45887,34.23545075,142069,5956628,2012,1/10/2014 0:00,1942,12/28/2012,1730,38812,1972,5,5,7,1942,0,0,0,,0,19X88,NORDHOFF ST,LEMONA AV,0,,Y,A,-,N,,0,0,,,0,,,,N,4,0,1,2,A,-,8,22107,,F,G,B,A,A,H,-,B,A,0,,Y,,,Y,,-,99,0,0,1,0,0,0,1,0,0,-,-,0,0,1800,12,LOS ANGELES,LOS ANGELES,CA,-118.45887,34.23545074,"NORDHOFF ST & LEMONA AVE, LOS ANGELES, CA, 91343",NORDHOFF ST,LEMONA AVE
-118.4333133,34.30476379,137636,5902208,2012,1/11/2014 0:00,1942,12/29/2012,2120,38980,1916,6,5,7,1942,0,0,0,,0,21T61,HUBBARD ST,DRONFIELD AV,10,W,N,B,-,N,,0,0,,,0,,,,N,3,0,1,2,A,-,8,22107,,F,D,G,A,A,H,-,C,A,0,,Y,,,Y,,-,99,0,1,0,0,0,0,1,0,0,-,-,0,0,2400,12,LOS ANGELES,LOS ANGELES,CA,-118.4333133,34.30476379,"HUBBARD ST & DRONFIELD AVE, LOS ANGELES, CA, 91342",HUBBARD ST,DRONFIELD AVE
-118.27833,33.99829865,139480,5932409,2012,1/11/2014 0:00,1942,12/29/2012,750,30710,1361,6,5,7,1942,0,0,0,M,0,13TL55,BROADWAY,49TH ST,0,,Y,C,-,N,,0,0,,,0,,,,N,3,0,1,2,A,-,5,21650,1,N,A,G,A,B,H,-,A,D,0,,Y,,,Y,,L,4,0,1,0,0,0,0,1,0,0,-,-,0,0,900,12,LOS ANGELES,LOS ANGELES,CA,-118.27833,33.99829865,"S BROADWAY & W 49TH ST, LOS ANGELES, CA, 90037",S BROADWAY,W 49TH ST
-118.30461,34.08353043,142693,5962206,2012,1/14/2014 0:00,1942,12/29/2012,1825,36212,2004,6,5,7,1942,0,0,0,,0,20A22,MELROSE AV,HARVARD BL,0,,Y,A,-,Y,,0,0,,,0,,,,N,4,0,1,2,A,-,9,21801,A,N,D,G,A,A,H,-,C,A,0,,Y,,,Y,,A,1,0,0,1,0,0,0,1,0,0,-,-,0,0,2100,12,LOS ANGELES,LOS ANGELES,CA,-118.30461,34.08353043,"MELROSE AVE & N HARVARD BLVD, LOS ANGELES, CA, 90029",MELROSE AVE,N HARVARD BLVD
-118.3138196,34.01848984,139235,5925757,2012,1/11/2014 0:00,1942,12/30/2012,1600,40686,376,7,5,7,1942,0,0,0,C,0,18T39,EXPOSITION BL,GRAMERCY PL,7,E,N,A,-,N,,0,0,,,0,,,,N,3,0,1,1,A,-,17,21658,B,N,H,G,A,A,H,-,A,A,0,,Y,,,Y,,L,4,0,1,0,0,0,0,1,0,0,-,-,0,0,1800,12,LOS ANGELES,LOS ANGELES,CA,-118.3138196,34.01848984,"EXPOSITION BLVD & S GRAMERCY PL, LOS ANGELES, CA, 90018",EXPOSITION BLVD,S GRAMERCY PL
-118.57539,34.20832062,137617,5902183,2012,1/11/2014 0:00,1942,12/31/2012,1955,40052,2128,1,5,7,1942,0,0,0,,0,,SATICOY ST,OSO AV,0,,Y,A,-,N,,0,0,,,0,,,,N,4,0,1,2,A,-,-,0,,F,D,G,A,A,H,-,C,D,0,,Y,,,Y,,-,-,0,0,1,0,0,0,1,0,0,-,-,0,0,2100,12,LOS ANGELES,LOS ANGELES,CA,-118.57539,34.20832062,"SATICOY ST & OSO AVE, LOS ANGELES, CA, 91306",SATICOY ST,OSO AVE
-118.25301,34.01366043,138908,5919902,2012,1/11/2014 0:00,1942,12/31/2012,1410,39889,1325,1,5,7,1942,0,0,0,M,0,13T44,33RD ST,BOAZ ST,0,,Y,A,-,N,,0,0,,,0,,,,N,3,0,1,2,A,-,8,22108,,N,H,G,A,A,H,-,A,D,0,,Y,,,Y,,D,23,0,1,0,0,0,0,1,0,0,-,-,0,0,1500,12,LOS ANGELES,LOS ANGELES,CA,-118.25301,34.01366043,"E 33RD ST & BOAZ ST, LOS ANGELES, CA, 90011",E 33RD ST,BOAZ ST
-118.26083,33.9892807,139601,5934081,2012,1/16/2014 0:00,1942,12/31/2012,1750,39506,1395,1,5,7,1942,0,0,0,M,0,13X12,SLAUSON AV,MCKINLEY AV,0,,Y,A,-,N,,0,0,,,0,,,,N,4,0,1,2,A,-,8,21717,,N,A,G,A,A,H,-,C,D,0,,Y,,,Y,,-,-,0,0,1,0,0,0,1,0,0,-,-,0,0,1800,12,LOS ANGELES,LOS ANGELES,CA,-118.26083,33.9892807,"E SLAUSON AVE & MCKINLEY AVE, LOS ANGELES, CA, 90011",E SLAUSON AVE,MCKINLEY AVE
-118.4681874,34.1721039,140951,5949718,2013,11/19/2014 0:00,1942,1/2/2013,2120,38469,1049,3,5,7,1942,0,0,0,J,0,10A39,BURBANK BL,RT 405,5,W,N,A,-,Y,LA,7,405,-,-,40.081,R,3,S,,4,0,1,2,A,-,8,22107,,F,B,G,A,A,H,-,C,A,0,,Y,,,Y,,-,99,0,0,1,0,0,0,1,0,0,-,-,,,2400,1,LOS ANGELES,LOS ANGELES,CA,-118.4681874,34.1721039,405/SB ON BURBANK BLVD,405/SB ON BURBANK BLVD,
-118.24879,34.0264015,140977,5949782,2013,3/27/2014 0:00,1942,1/2/2013,922,32996,1317,3,5,7,1942,0,0,0,M,0,13TL53,16TH ST,CENTRAL AV,0,W,N,A,-,N,,,,,,,,,,N,3,0,1,2,A,-,12,21453,A,N,D,G,A,A,H,-,A,A,0,,Y,,,Y,,-,-,0,1,0,0,0,0,1,0,0,-,-,,,1200,1,LOS ANGELES,LOS ANGELES,CA,-118.24879,34.0264015,"E 16TH ST & S CENTRAL AVE, LOS ANGELES, CA, 90021",E 16TH ST,S CENTRAL AVE
-118.46285,34.0040016,144312,5976632,2013,1/23/2014 0:00,1942,1/2/2013,1520,36589,1415,3,5,7,1942,0,0,0,N,0,20TL56,ROSE AV,SUNSET AV,0,,Y,A,-,N,,,,,,,,,,Y,2,0,1,2,A,-,9,21801,A,N,A,G,A,A,A,-,A,D,0,,Y,,,Y,,A,1,1,0,0,0,0,0,1,0,0,-,-,,,1800,1,LOS ANGELES,LOS ANGELES,CA,-118.46285,34.0040016,"ROSE AVE & SUNSET AVE, LOS ANGELES, CA, 90291",ROSE AVE,SUNSET AVE
-118.31359,34.0980492,144546,5978313,2013,1/23/2014 0:00,1942,1/2/2013,1500,31667,668,3,5,7,1942,0,0,0,F,0,8TL35,WILTON PL,SUNSET BL,0,,Y,A,-,N,,,,,,,,,,N,3,0,1,2,A,-,12,21453,A,N,D,G,A,A,H,-,A,A,0,,Y,,,Y,,L,4,0,1,0,0,0,0,1,0,0,-,-,,,1800,1,LOS ANGELES,LOS ANGELES,CA,-118.31359,34.0980492,"N WILTON PL & W SUNSET BLVD, LOS ANGELES, CA, 90028",N WILTON PL,W SUNSET BLVD
-118.2468489,34.0406456,136198,5882379,2013,1/16/2014 0:00,1942,1/3/2013,1920,34310,1259,4,5,7,1942,0,0,0,L,0,12X5,SAN PEDRO ST,7TH ST,30,S,N,A,-,N,,,,,,,,,,N,3,0,1,2,A,-,9,21802,A,N,G,G,A,A,H,-,C,D,0,,Y,,,Y,,L,4,0,1,0,0,0,0,1,0,0,-,-,,,2100,1,LOS ANGELES,LOS ANGELES,CA,-118.2468489,34.0406456,"S SAN PEDRO ST & E 7TH ST, LOS ANGELES, CA, 90014",S SAN PEDRO ST,E 7TH ST
-118.2782,33.9586105,140249,5942132,2013,1/22/2014 0:00,1942,1/3/2013,1250,39028,1802,4,5,7,1942,0,0,0,R,0,3T5,BROADWAY,87TH ST,0,,Y,A,-,N,,,,,,,,,,N,3,0,1,2,A,-,9,21801,A,F,D,G,A,A,H,-,A,A,0,,Y,,,Y,,-,99,0,1,0,0,0,0,1,0,0,-,-,,,1500,1,LOS ANGELES,LOS ANGELES,CA,-118.2782,33.9586105,"S BROADWAY & W 87TH ST, LOS ANGELES, CA, 90003",S BROADWAY,W 87TH ST
-118.30893,34.0000687,141032,5949919,2013,1/25/2014 0:00,1942,1/3/2013,1810,38817,1203,4,5,7,1942,0,0,0,L,0,12TL73,WESTERN AV,48TH ST,0,,N,A,-,N,,,,,,,,,,N,4,0,1,2,A,-,12,21453,A,N,C,G,A,A,H,-,C,A,0,,Y,,,Y,,L,4,0,0,1,0,0,0,1,0,0,-,-,,,2100,1,LOS ANGELES,LOS ANGELES,CA,-118.30893,34.0000687,"S WESTERN AVE & W 48TH ST, LOS ANGELES, CA, 90062",S WESTERN AVE,W 48TH ST
-118.4311423,34.2156563,143906,5974053,2013,1/23/2014 0:00,1942,1/3/2013,1915,39009,1999,4,5,7,1942,0,0,0,,0,16R24,WOODMAN AV,STRATHERN ST,4,N,N,A,-,N,,,,,,,,,,N,4,0,1,2,A,-,9,21804,A,N,B,G,A,A,H,-,C,D,0,,Y,,,Y,,L,4,0,0,1,0,0,0,1,0,0,-,-,,,2100,1,LOS ANGELES,LOS ANGELES,CA,-118.4311423,34.2156563,"WOODMAN AVE & STRATHERN ST, LOS ANGELES, CA, 91402",WOODMAN AVE,STRATHERN ST
,,144254,5976483,2013,1/23/2014 0:00,1942,1/3/2013,1810,40644,1513,4,5,7,1942,0,0,0,O,0,19T73,WHITSETT AV,GAULT ST,10,,N,A,-,N,,,,,,,,,,N,3,0,1,2,A,-,9,21804,A,F,D,G,A,A,H,-,D,D,0,,Y,,,Y,,-,99,0,1,0,0,0,0,1,0,0,-,-,,,2100,1,LOS ANGELES,LOS ANGELES,CA,,,,,
-118.43032,33.9719391,144542,5978266,2013,1/23/2014 0:00,1942,1/3/2013,2030,37575,1463,4,5,7,1942,0,0,0,N,0,14T47,JEFFERSON BL,LINCOLN BL,0,,Y,A,-,N,,,,,,,,,,N,3,0,1,2,A,-,3,22350,,F,D,G,A,A,H,-,C,D,0,,Y,,,Y,,-,99,0,1,0,0,0,0,1,0,0,-,-,,,2100,1,LOS ANGELES,LOS ANGELES,CA,-118.43032,33.9719391,"W JEFFERSON BLVD & SR 1, LOS ANGELES, CA, 90066",W JEFFERSON BLVD,SR 1
-118.3192602,34.0036469,140614,5946381,2013,1/23/2014 0:00,1942,1/4/2013,1510,39678,392,5,5,7,1942,0,0,0,C,0,3A19,2ND AV,VERNON,15,S,N,A,-,N,,,,,,,,,,N,4,0,1,2,A,-,5,21650,1,N,H,G,A,A,H,-,A,D,0,,Y,,,Y,,L,4,0,0,1,0,0,0,1,0,0,-,-,,,1800,1,LOS ANGELES,LOS ANGELES,CA,-118.3192602,34.0036469,"2ND AVE & W VERNON AVE, LOS ANGELES, CA, 90008",2ND AVE,W VERNON AVE
-118.5068014,34.2502785,143931,5974078,2013,1/23/2014 0:00,1942,1/4/2013,1035,30830,1768,5,5,7,1942,0,0,0,Q,0,16TL23,AMESTOY AV,LASSEN ST,3,S,N,A,-,N,,,,,,,,,,N,4,0,1,2,A,-,9,21804,A,N,H,G,A,A,H,-,A,D,0,,Y,,,Y,,L,4,0,0,1,0,0,0,1,0,0,-,-,,,1200,1,LOS ANGELES,LOS ANGELES,CA,-118.5068014,34.2502785,"AMESTOY AVE & LASSEN ST, LOS ANGELES, CA, 91325",AMESTOY AVE,LASSEN ST
-118.4986628,34.2574921,144532,5978136,2013,1/22/2014 0:00,1942,1/4/2013,1630,30851,1747,5,5,7,1942,0,0,0,Q,0,DESK,DEVONSHIRE,PETIT,200,W,N,A,-,N,,,,,,,,,,N,3,0,1,2,A,-,9,21804,A,N,H,G,A,A,H,-,B,A,0,,Y,,,Y,,L,4,0,1,0,0,0,0,1,0,0,-,-,,,1800,1,LOS ANGELES,LOS ANGELES,CA,-118.4986628,34.2574921,"DEVONSHIRE ST & PETIT AVE, LOS ANGELES, CA, 91344",DEVONSHIRE ST,PETIT AVE
-118.3103821,34.0692902,144800,5981377,2013,1/23/2014 0:00,1942,1/4/2013,1255,40774,2022,5,5,7,1942,0,0,0,,0,7A53,MANHATTAN PL,3RD ST,100,N,N,A,-,N,,,,,,,,,,N,3,0,1,2,A,-,-,,,N,D,G,A,A,H,-,A,D,0,,Y,,,Y,,L,4,0,1,0,0,0,0,1,0,0,-,-,,,1500,1,LOS ANGELES,LOS ANGELES,CA,-118.3103821,34.0692902,"S MANHATTAN PL & W 3RD ST, LOS ANGELES, CA, 90004",S MANHATTAN PL,W 3RD ST
-118.2564957,34.0066566,146245,5997118,2013,1/25/2014 0:00,1942,1/4/2013,1230,40042,1345,5,5,7,1942,0,0,0,M,0,1T24,42ND PL,CENTRAL AV,5,E,N,A,-,N,,,,,,,,,,N,3,0,1,2,A,-,9,21802,A,F,H,G,A,A,H,-,A,A,0,,Y,,,Y,,-,99,0,1,0,0,0,0,1,0,0,-,-,,,1500,1,LOS ANGELES,LOS ANGELES,CA,-118.2564957,34.0066566,"E 42ND PL & S CENTRAL AVE, LOS ANGELES, CA, 90011",E 42ND PL,S CENTRAL AVE
-118.43559,34.1939316,146530,6000306,2013,4/3/2014 0:00,1942,1/4/2013,30,39021,916,5,5,7,1942,0,0,0,,0,21T61,VANOWEN ST,RANCHITO AV,0,,Y,-,-,N,,,,,,,,,,N,3,0,1,2,A,-,9,21804,A,N,-,-,A,-,-,-,-,-,0,,Y,,,Y,,L,4,0,1,0,0,0,0,1,0,0,-,-,,,300,1,LOS ANGELES,LOS ANGELES,CA,-118.43559,34.1939316,"VANOWEN ST & RANCHITO AVE, LOS ANGELES, CA, 91405",VANOWEN ST,RANCHITO AVE
-118.27818,33.95644,140250,5942136,2013,2/24/2014 0:00,1942,1/5/2013,1250,40515,1802,6,5,7,1942,0,0,0,R,0,18T23,BROADWAY,88TH PL,0,,Y,-,-,N,,,,,,,,,,N,2,0,1,2,A,-,5,21650,,N,-,C,A,A,H,-,A,-,0,,Y,,,Y,,L,4,1,0,0,0,0,0,1,0,0,-,-,,,1500,1,LOS ANGELES,LOS ANGELES,CA,-118.27818,33.95644,"S BROADWAY & W 88TH PL, LOS ANGELES, CA, 90003",S BROADWAY,W 88TH PL