X,Y,FID,CASE_ID,ACCIDENT_YEAR,PROCDATE,JURIS,COLLISION_DATE,COLLISION_TIME,OFFICER_ID,REPORTING_DISTRICT,DAY_OF_WEEK,SHIFT,POPULATION,CNTY_CITY_LOC,SPECIAL_COND,BEAT_TYPE,CHP_BEAT_TYPE,CITY_DIVISION_LAPD,CHP_BEAT_CLASS,BEATNUMB,PRIMARY_RD,SECONDARY_RD,DISTANCE,DIRECTION,INTERSECTION,WEATHER_1,WEATHER_2,STATE_HWY_IND,CALTRANS_COUNTY,CALTRANS_DISTRICT,STATE_ROUTE,ROUTE_SUFFIX,POSTMILE_PREFIX,POSTMILE,LOCATION_TYPE,RAMP_INTERSECTION,SIDE_OF_HWY,TOW_AWAY,COLLISION_SEVERITY,NUMBER_KILLED,NUMBER_INJURED,PARTY_COUNT,PRIMARY_COLL_FACTOR,PCF_CODE_VIOL,PCF_VIOL_CATEGORY,PCF_VIOLATION,PCF_VIOL_SUBSECTION,HIT_AND_RUN,TYPE_OF_COLLISION,MVIW,PED_ACTION,ROAD_SURFACE,ROAD_COND_1,ROAD_COND_2,LIGHTING,CONTROL_DEVICE,CHP_ROAD_TYPE,PEDESTRIAN_ACCIDENT,BICYCLE_ACCIDENT,MOTORCYCLE_ACCIDENT,TRUCK_ACCIDENT,NOT_PRIVATE_PROPERTY,ALCOHOL_INVOLVED,STWD_VEHTYPE_AT_FAULT,CHP_VEHTYPE_AT_FAULT,COUNT_SEVERE_INJ,COUNT_VISIBLE_INJ,COUNT_COMPLAIN_PAIN,COUNT_PED_KILLED,COUNT_PED_INJURED,COUNT_BICYCLIST_KILLED,COUNT_BICYCLIST_INJURED,COUNT_MC_KILLED,COUNT_MC_INJURED,PRIMARY_RAMP,SECONDARY_RAMP,LATITUDE,LONGITUDE,TIMECAT,MONTH_,CITY,COUNTY,STATE,POINT_X,POINT_Y,Match_addr,m_primaryrd,m_secondrd
-118.2564919,33.9942932,140835,5948863,2013,1/23/2014 0:00,1942,1/15/2013,1720,37611,1373,2,5,7,1942,0,0,0,M,0,13TL22,53RD ST,CENTRAL AV,6,W,N,A,-,N,,,,,,,,,,N,4,0,1,2,A,-,5,21202,A,N,D,G,A,A,H,-,C,D,0,,Y,,,Y,,L,4,0,0,1,0,0,0,1,0,0,-,-,,,1800,1,LOS ANGELES,LOS ANGELES,CA,-118.2564919,33.9942932,"E 53RD ST & S CENTRAL AVE, LOS ANGELES, CA, 90011",E 53RD ST,S CENTRAL AVE
-118.4447805,34.0597191,144111,5975338,2013,1/22/2014 0:00,1942,1/15/2013,1755,31255,817,2,5,7,1942,0,0,0,H,0,20TL56,WESTWOOD BL,LINDBROOK DR,50,N,N,A,-,N,,,,,,,,,,N,3,0,1,2,A,-,17,22517,,F,B,G,A,A,H,-,B,D,0,,Y,,,Y,,-,99,0,1,0,0,0,0,1,0,0,-,-,,,1800,1,LOS ANGELES,LOS ANGELES,CA,-118.4447805,34.0597191,"WESTWOOD BLVD & LINDBROOK DR, LOS ANGELES, CA, 90024",WESTWOOD BLVD,LINDBROOK DR
-118.2813341,34.017498,146239,5997094,2013,1/25/2014 0:00,1942,1/15/2013,1120,36911,351,2,5,7,1942,0,0,0,C,0,5T21,FLOWER ST,37TH ST,135,S,N,A,-,N,,,,,,,,,,N,3,0,1,2,A,-,17,22517,,N,H,G,A,A,H,-,A,D,0,,Y,,,Y,,A,7,0,1,0,0,0,0,1,0,0,-,-,,,1200,1,LOS ANGELES,LOS ANGELES,CA,-118.2813341,34.017498,"S FLOWER ST & W 37TH ST, LOS ANGELES, CA, 90007",S FLOWER ST,W 37TH ST
-118.2512795,34.0630608,139469,5932204,2013,1/18/2014 0:00,1942,1/16/2013,1600,37611,239,3,5,7,1942,0,0,0,B,0,4TL4,TEMPLE ST,BEAUDRY AV,46,E,N,A,-,N,,,,,,,,,,N,4,0,1,2,A,-,5,21202,A,N,H,G,A,A,H,-,A,D,0,,Y,,,Y,,L,4,0,0,1,0,0,0,1,0,0,-,-,,,1800,1,LOS ANGELES,LOS ANGELES,CA,-118.2512795,34.0630608,"W TEMPLE ST & N BEAUDRY AVE, LOS ANGELES, CA, 90012",W TEMPLE ST,N BEAUDRY AVE
-118.2695372,33.969223,140590,5946334,2013,1/23/2014 0:00,1942,1/16/2013,805,4055,1259,3,5,7,1942,0,0,0,L,0,12T41,SAN PEDRO,77TH ST,150,S,N,A,-,N,,,,,,,,,,N,3,0,1,2,A,-,-,,,N,-,G,A,A,H,-,A,D,0,,Y,,,Y,,L,4,0,1,0,0,0,0,1,0,0,-,-,,,900,1,LOS ANGELES,LOS ANGELES,CA,-118.2695372,33.969223,"S SAN PEDRO ST & E 77TH ST, LOS ANGELES, CA, 90003",S SAN PEDRO ST,E 77TH ST
-118.5032777,34.1866112,144340,5976670,2013,1/23/2014 0:00,1942,1/16/2013,1610,26319,1037,3,5,7,1942,0,0,0,J,0,19TL74,VICTORY BL,BALBOA BL,650,W,N,A,-,N,,,,,,,,,,N,4,0,1,2,A,-,5,21650,1,N,B,G,A,A,H,-,A,D,0,,Y,,,Y,,L,4,0,0,1,0,0,0,1,0,0,-,-,,,1800,1,LOS ANGELES,LOS ANGELES,CA,-118.5032777,34.1866112,"VICTORY BLVD & BALBOA BLVD, LOS ANGELES, CA, 91316",VICTORY BLVD,BALBOA BLVD
-118.5946176,34.1792564,144433,5977385,2013,1/22/2014 0:00,1942,1/16/2013,1900,39021,2158,3,5,7,1942,0,0,0,,0,2142,OXNARD ST,VARIEL AV,550,W,N,A,-,N,,,,,,,,,,N,3,0,1,2,A,-,5,21650,1,N,D,G,A,A,H,-,C,D,0,,Y,,,Y,,L,4,0,1,0,0,0,0,1,0,0,-,-,,,2100,1,LOS ANGELES,LOS ANGELES,CA,-118.5946176,34.1792564,"OXNARD ST & VARIEL AVE, LOS ANGELES, CA, 91367",OXNARD ST,VARIEL AVE
-118.4167312,34.2442245,145646,5990629,2013,1/21/2014 0:00,1942,1/16/2013,1945,35916,1651,3,5,7,1942,0,0,0,P,0,16X82,LAUREL CANYON BL,MONTAGUE ST,165,N,N,A,-,N,,,,,,,,,,N,3,0,1,2,A,-,8,22107,,F,B,G,A,A,H,-,C,D,0,,Y,,,Y,Y,-,99,0,1,0,0,0,0,1,0,0,-,-,,,2100,1,LOS ANGELES,LOS ANGELES,CA,-118.4167312,34.2442245,"LAUREL CANYON BLVD & MONTAGUE ST, LOS ANGELES, CA, 91331",LAUREL CANYON BLVD,MONTAGUE ST
-118.257383,33.9730034,140588,5946330,2013,3/27/2014 0:00,1942,1/17/2013,1730,40476,1259,4,5,7,1942,0,0,0,L,0,12T23,74TH ST,CENTRAL,295,W,N,A,-,N,,,,,,,,,,N,4,0,1,2,A,-,3,22350,,F,A,G,A,A,H,-,A,D,0,,Y,,,Y,,-,99,0,0,1,0,0,0,1,0,0,-,-,,,1800,1,LOS ANGELES,LOS ANGELES,CA,-118.257383,33.9730034,"E 74TH ST & S CENTRAL AVE, LOS ANGELES, CA, 90001",E 74TH ST,S CENTRAL AVE
-118.25846,34.0415993,140827,5948835,2013,1/24/2014 0:00,1942,1/17/2013,1600,40923,185,4,5,7,1942,0,0,0,A,0,1FB52,HILL ST,OLYMPIC BL,0,,Y,A,-,N,,,,,,,,,,N,4,0,1,2,A,-,5,21650,1,N,D,G,A,A,H,-,A,A,0,,Y,,,Y,,L,4,0,0,1,0,0,0,1,0,0,-,-,,,1800,1,LOS ANGELES,LOS ANGELES,CA,-118.25846,34.0415993,"S HILL ST & W OLYMPIC BLVD, LOS ANGELES, CA, 90015",S HILL ST,W OLYMPIC BLVD
-118.23451,34.0346985,140988,5949794,2013,1/23/2014 0:00,1942,1/17/2013,1540,36238,1309,4,5,7,1942,0,0,0,M,0,13T22,7TH ST,MILL ST,0,,Y,A,-,N,,,,,,,,,,N,3,0,1,2,A,-,9,21802,A,N,D,G,A,A,H,-,A,D,0,,Y,,,Y,,L,4,0,1,0,0,0,0,1,0,0,-,-,,,1800,1,LOS ANGELES,LOS ANGELES,CA,-118.23451,34.0346985,"E 7TH ST & MILL ST, LOS ANGELES, CA, 90021",E 7TH ST,MILL ST
-118.3965422,34.1975861,144327,5976654,2013,1/23/2014 0:00,1942,1/17/2013,1920,38181,1503,4,5,7,1942,0,0,0,O,0,21T65,LAUREL CANYON BL,HART ST,8,N,N,A,-,N,,,,,,,,,,N,3,0,1,2,A,-,12,21453,A,N,D,G,A,A,H,-,C,A,0,,Y,,,Y,Y,L,4,0,1,0,0,0,0,1,0,0,-,-,,,2100,1,LOS ANGELES,LOS ANGELES,CA,-118.3965422,34.1975861,"LAUREL CANYON BLVD & HART ST, LOS ANGELES, CA, 91605",LAUREL CANYON BLVD,HART ST
-118.57102,34.2010002,144368,5976698,2013,1/23/2014 0:00,1942,1/17/2013,2016,39477,2149,4,5,7,1942,0,0,0,,0,19T73,SHERMAN WY,WINNETKA AV,0,,Y,A,-,N,,,,,,,,,,N,4,0,1,2,D,-,0,,,F,-,G,A,A,H,-,C,A,0,,Y,,,Y,,-,-,0,0,1,0,0,0,1,0,0,-,-,,,2100,1,LOS ANGELES,LOS ANGELES,CA,-118.57102,34.2010002,"SHERMAN WAY & WINNETKA AVE, LOS ANGELES, CA, 91306",SHERMAN WAY,WINNETKA AVE
-118.32484,34.0761986,144476,5977888,2013,1/27/2014 0:00,1942,1/17/2013,1545,38220,729,4,5,7,1942,0,0,0,,0,7U2,BEVERLY BL,LUCERNE BL,0,,Y,A,-,N,,,,,,,,,,N,3,0,1,2,A,-,8,22107,,N,D,G,A,A,H,-,A,D,0,,Y,,,Y,,A,1,0,1,0,0,0,0,1,0,0,-,-,,,1800,1,LOS ANGELES,LOS ANGELES,CA,-118.32484,34.0761986,"BEVERLY BLVD & N LUCERNE BLVD, LOS ANGELES, CA, 90004",BEVERLY BLVD,N LUCERNE BLVD
-118.3223319,34.0979996,144721,5980358,2013,1/27/2014 0:00,1942,1/17/2013,1320,32760,667,4,5,7,1942,0,0,0,F,0,6A67,GOWER ST,WEST SUNSET BL,5,S,N,A,-,N,,,,,,,,,,N,3,0,1,2,A,-,10,21950,A,N,D,G,A,A,H,-,A,A,0,,Y,,,Y,,A,1,0,1,0,0,0,0,1,0,0,-,-,,,1500,1,LOS ANGELES,LOS ANGELES,CA,-118.3223319,34.0979996,"N GOWER ST & W SUNSET BLVD, LOS ANGELES, CA, 90028",N GOWER ST,W SUNSET BLVD
-118.22,34.0746918,145576,5990396,2013,1/22/2014 0:00,1942,1/17/2013,1340,36969,411,4,5,7,1942,0,0,0,D,0,4A53,PASADENA,AVE 21,0,,Y,A,-,N,,,,,,,,,,N,4,0,1,2,A,-,5,21650,1,N,G,G,A,-,H,-,A,A,0,,Y,,,Y,,L,4,0,0,1,0,0,0,1,0,0,-,-,,,1500,1,LOS ANGELES,LOS ANGELES,CA,-118.22,34.0746918,"PASADENA AVE & N AVE 21, LOS ANGELES, CA, 90031",PASADENA AVE,N AVE 21
-118.2765203,34.1075935,140366,5942787,2013,1/17/2014 0:00,1942,1/18/2013,1535,40042,1143,5,5,7,1942,0,0,0,K,0,1T24,SAINT GEORGE ST,ALOHA ST,35,E,N,A,-,N,,,,,,,,,,N,3,0,1,2,A,-,9,21804,A,N,C,-,A,A,E,-,A,D,0,,Y,,,Y,,L,4,0,1,0,0,0,0,1,0,0,-,-,,,1800,1,LOS ANGELES,LOS ANGELES,CA,-118.2765203,34.1075935,"SAINT GEORGE ST & ALOHA ST, LOS ANGELES, CA, 90027",SAINT GEORGE ST,ALOHA ST
-118.3210635,34.1016579,144723,5980362,2013,5/22/2014 0:00,1942,1/18/2013,1610,38918,637,5,5,7,1942,0,0,0,F,0,6FB25,HOLLYWOOD,GOWER,400,E,N,A,-,N,,,,,,,,,,N,4,0,1,2,B,-,22,,,N,D,G,A,A,H,-,A,D,0,,Y,,,Y,,-,-,0,0,1,0,0,0,1,0,0,-,-,,,1800,1,LOS ANGELES,LOS ANGELES,CA,-118.3210635,34.1016579,"HOLLYWOOD BLVD & N GOWER ST, LOS ANGELES, CA, 90028",HOLLYWOOD BLVD,N GOWER ST
-118.2776902,33.9746666,140641,5946473,2013,1/23/2014 0:00,1942,1/19/2013,1240,39028,1258,6,5,7,1942,0,0,0,L,0,12T41,FLORENCE AV,BROADWAY,195,E,N,A,-,N,,,,,,,,,,N,3,0,1,2,A,-,7,21658,A,N,B,G,A,A,H,-,A,D,0,,Y,,,Y,,L,4,0,1,0,0,0,0,1,0,0,-,-,,,1500,1,LOS ANGELES,LOS ANGELES,CA,-118.2776902,33.9746666,"W FLORENCE AVE & S BROADWAY, LOS ANGELES, CA, 90003",W FLORENCE AVE,S BROADWAY
-118.2565221,34.0093765,140993,5949800,2013,1/23/2014 0:00,1942,1/19/2013,1200,30710,1345,6,5,7,1942,0,0,0,M,0,13TL55,CENTRAL AV,41ST ST,55,N,N,A,-,N,,,,,,,,,,N,3,0,1,2,A,-,17,22517,,N,A,G,A,A,H,-,A,D,0,,Y,,,Y,,A,8,0,1,0,0,0,0,1,0,0,-,-,,,1500,1,LOS ANGELES,LOS ANGELES,CA,-118.2565221,34.0093765,"S CENTRAL AVE & E 41ST ST, LOS ANGELES, CA, 90011",S CENTRAL AVE,E 41ST ST
,,166190,6250516,2013,1/16/2014 0:00,9530,1/19/2013,1720,20473,,6,2,7,1942,0,3,5,,2,1,70TH ST,WILSON AV,112,W,N,A,-,N,,,,,,,,,,N,2,0,1,2,A,-,8,22107,,N,H,G,A,A,H,-,C,D,0,,Y,,,Y,,L,4,1,0,0,0,0,0,1,0,0,-,-,33.97639,118.23776,1800,1,LOS ANGELES,LOS ANGELES,CA,,,,,
-118.40588,33.9844093,140305,5942268,2013,1/23/2014 0:00,1942,1/20/2013,835,31667,1465,7,5,7,1942,0,0,0,N,0,8T35,INGLEWOOD BL,JUNIETTE ST,0,,Y,A,-,N,,,,,,,,,,N,4,0,1,2,A,-,9,21801,A,F,B,G,A,A,H,-,A,D,0,,Y,,,Y,,A,7,0,0,1,0,0,0,1,0,0,-,-,,,900,1,LOS ANGELES,LOS ANGELES,CA,-118.40588,33.9844093,"INGLEWOOD BLVD & JUNIETTE ST, LOS ANGELES, CA, 90230",INGLEWOOD BLVD,JUNIETTE ST
-118.2807834,34.050251,140961,5949766,2013,1/22/2014 0:00,1942,1/20/2013,1505,37611,281,7,5,7,1942,0,0,0,B,0,2TI28,11TH ST,ALVARADO ST,3,E,N,A,-,N,,,,,,,,,,N,3,0,1,2,A,-,5,21202,A,N,D,G,A,A,H,-,A,A,0,,Y,,,Y,,L,4,0,1,0,0,0,0,1,0,0,-,-,,,1800,1,LOS ANGELES,LOS ANGELES,CA,-118.2807834,34.050251,"W 11TH ST & S ALVARADO ST, LOS ANGELES, CA, 90006",W 11TH ST,S ALVARADO ST
-118.5360653,34.2007408,144156,5975504,2013,1/24/2014 0:00,1942,1/20/2013,1055,30830,1025,7,5,7,1942,0,0,0,J,0,16TL23,RESEDA BL,SHERMAN WY,158,S,N,A,-,N,,,,,,,,,,N,4,0,1,2,A,-,3,22350,,N,H,G,A,A,H,-,A,D,0,,Y,,,Y,,L,4,0,0,1,0,0,0,1,0,0,-,-,,,1200,1,LOS ANGELES,LOS ANGELES,CA,-118.5360653,34.2007408,"RESEDA BLVD & SHERMAN WAY, LOS ANGELES, CA, 91335",RESEDA BLVD,SHERMAN WAY
-118.4394738,34.2340279,144438,5977405,2013,1/22/2014 0:00,1942,1/20/2013,1730,33779,1975,7,5,7,1942,0,0,0,,0,15TL44,WOODMAN AV,OSBORNE ST,471,N,N,A,-,N,,,,,,,,,,N,3,0,1,2,A,-,5,21650,1,F,D,G,A,A,H,-,A,A,0,,Y,,,Y,,L,4,0,1,0,0,0,0,1,0,0,-,-,,,1800,1,LOS ANGELES,LOS ANGELES,CA,-118.4394738,34.2340279,"WOODMAN AVE & OSBORNE ST, LOS ANGELES, CA, 91331",WOODMAN AVE,OSBORNE ST
-118.32009,34.0398903,144692,5980243,2013,1/22/2014 0:00,1942,1/20/2013,1250,38897,789,7,5,7,1942,0,0,0,G,0,6TL7,WASHINGTON BL,3RD AV,0,,Y,A,-,N,,,,,,,,,,N,3,0,1,2,A,-,9,21804,A,N,D,G,A,A,H,-,A,A,0,,Y,,,Y,,L,4,0,1,0,0,0,0,1,0,0,-,-,,,1500,1,LOS ANGELES,LOS ANGELES,CA,-118.32009,34.0398903,"W WASHINGTON BLVD & 3RD AVE, LOS ANGELES, CA, 90018",W WASHINGTON BLVD,3RD AVE
-118.3332992,33.9889641,145553,5990038,2013,1/22/2014 0:00,1942,1/20/2013,1450,36399,1211,7,5,7,1942,0,0,0,L,0,18TL23,SLAUSON AV,BRYNHURST AV,10,E,N,A,-,N,,,,,,,,,,,4,0,1,2,A,-,9,21801,A,N,D,G,A,A,H,-,A,D,0,,Y,,,Y,,A,8,0,0,1,0,0,0,1,0,0,-,-,,,1500,1,LOS ANGELES,LOS ANGELES,CA,-118.3332992,33.9889641,"W SLAUSON AVE & BRYNHURST AVE, LOS ANGELES, CA, 90043",W SLAUSON AVE,BRYNHURST AVE
-118.5022922,34.2644463,137748,5902694,2013,1/21/2014 0:00,1942,1/21/2013,1150,40587,1747,1,5,7,1942,0,0,0,Q,0,16T23,BALBOA AV,CHATSWORTH ST,123,S,N,A,-,N,,,,,,,,,,N,3,0,1,2,A,-,-,,,N,H,G,A,A,H,-,A,D,0,,Y,,,Y,,L,4,0,1,0,0,0,0,1,0,0,-,-,,,1200,1,LOS ANGELES,LOS ANGELES,CA,-118.5022922,34.2644463,"BALBOA BLVD & CHATSWORTH ST, LOS ANGELES, CA, 91344",BALBOA BLVD,CHATSWORTH ST
-118.2844561,34.0273819,140323,5942317,2013,1/25/2014 0:00,1942,1/21/2013,1715,36738,328,1,5,7,1942,0,0,0,C,0,18T39,30TH ST,HOOVER,150,W,N,A,-,N,,,,,,,,,,N,3,0,1,2,A,-,9,21804,A,N,H,G,A,A,H,-,B,D,0,,Y,,,Y,,L,4,0,1,0,0,0,0,1,0,0,-,-,,,1800,1,LOS ANGELES,LOS ANGELES,CA,-118.2844561,34.0273819,"W 30TH ST & S HOOVER ST, LOS ANGELES, CA, 90007",W 30TH ST,S HOOVER ST
-118.21715,34.1292114,144398,5976947,2013,7/30/2014 0:00,1942,1/21/2013,1740,31866,1117,1,5,7,1942,0,0,0,K,0,11A19,EAGLE ROCK,WESTDALE,0,,Y,A,-,N,,,,,,,,,,N,4,0,1,2,A,-,9,21801,A,N,H,G,A,A,H,-,B,A,0,,Y,,,Y,,A,7,0,0,1,0,0,0,1,0,0,-,-,,,1800,1,LOS ANGELES,LOS ANGELES,CA,-118.21715,34.1292114,"EAGLE ROCK BLVD & WESTDALE AVE, LOS ANGELES, CA, 90041",EAGLE ROCK BLVD,WESTDALE AVE
-118.3266303,34.0865631,145605,5990470,2013,1/24/2014 0:00,1942,1/21/2013,1755,39049,656,1,5,7,1942,0,0,0,,0,6X48,VINE AV,WILLOUGHBY,197,S,N,A,-,N,,,,,,,,,,N,4,0,1,2,A,-,8,22107,,N,D,G,A,A,H,-,C,D,0,,Y,,,Y,,A,1,0,0,1,0,0,0,1,0,0,-,-,,,1800,1,LOS ANGELES,LOS ANGELES,CA,-118.3266303,34.0865631,"VINE ST & WILLOUGHBY AVE, LOS ANGELES, CA, 90038",VINE ST,WILLOUGHBY AVE
-118.34279,34.0888901,145607,5990472,2013,1/21/2014 0:00,1942,1/21/2013,1720,40975,665,1,5,7,1942,0,0,0,F,0,6X44,SYCAMORE AV,ROMAINE ST,0,,Y,A,-,N,,,,,,,,,,N,4,0,1,2,A,-,4,21703,,N,C,G,A,A,H,-,B,D,0,,Y,,,Y,,A,1,0,0,1,0,0,0,1,0,0,-,-,,,1800,1,LOS ANGELES,LOS ANGELES,CA,-118.34279,34.0888901,"N SYCAMORE AVE & ROMAINE ST, LOS ANGELES, CA, 90038",N SYCAMORE AVE,ROMAINE ST
-118.3004806,34.0861549,145610,5990476,2013,1/21/2014 0:00,1942,1/21/2013,2000,37911,679,1,5,7,1942,0,0,0,F,0,6T7,NORMANDIE AV,LEMONGROVE PL,40,S,N,A,-,N,,,,,,,,,,N,4,0,1,2,A,-,9,21804,A,N,C,G,A,A,H,-,C,A,0,,Y,,,Y,,L,4,0,0,1,0,0,0,1,0,0,-,-,,,2100,1,LOS ANGELES,LOS ANGELES,CA,-118.3004806,34.0861549,"N NORMANDIE AVE & LEMON GROVE AVE, LOS ANGELES, CA, 90029",N NORMANDIE AVE,LEMON GROVE AVE
-118.29695,34.0763016,146422,5998881,2013,1/18/2014 0:00,1942,1/21/2013,2200,39507,2015,1,5,7,1942,0,0,0,,0,14T47,BEVERLY BL,KENMORE AV,0,,Y,A,-,N,,,,,,,,,,N,4,0,1,2,A,-,-,,,N,D,G,A,A,H,-,C,A,0,,Y,,,Y,,A,1,0,0,1,0,0,0,1,0,0,-,-,,,2400,1,LOS ANGELES,LOS ANGELES,CA,-118.29695,34.0763016,"BEVERLY BLVD & N KENMORE AVE, LOS ANGELES, CA, 90004",BEVERLY BLVD,N KENMORE AVE
-118.30538,34.0671616,146423,5998885,2013,1/18/2014 0:00,1942,1/21/2013,1010,34385,2023,1,5,7,1942,0,0,0,,0,20TL55,4TH ST,HOBART BL,0,,Y,A,-,N,,,,,,,,,,N,4,0,1,2,D,-,0,,,N,D,G,A,A,H,-,A,A,0,,Y,,,Y,,-,-,0,0,1,0,0,0,1,0,0,-,-,,,1200,1,LOS ANGELES,LOS ANGELES,CA,-118.30538,34.0671616,"W 4TH ST & S HOBART BLVD, LOS ANGELES, CA, 90020",W 4TH ST,S HOBART BLVD
-118.27491,34.0196609,140990,5949796,2013,1/23/2014 0:00,1942,1/22/2013,1705,39237,1341,2,5,7,1942,0,0,0,M,0,13X94,HILL ST,JEFFERSON BL,0,,Y,A,-,N,,,,,,,,,,N,4,0,1,2,A,-,5,21650,1,N,G,G,A,A,H,-,C,A,0,,Y,,,Y,,L,4,0,0,1,0,0,0,1,0,0,-,-,,,1800,1,LOS ANGELES,LOS ANGELES,CA,-118.27491,34.0196609,"S HILL ST & W JEFFERSON BLVD, LOS ANGELES, CA, 90007",S HILL ST,W JEFFERSON BLVD
-118.4749312,34.193367,144127,5975448,2013,1/24/2014 0:00,1942,1/22/2013,720,25465,1039,2,5,7,1942,0,0,0,J,0,35MQ3,HASKELL AV,VANOWEN ST,200,S,N,A,-,N,,,,,,,,,,N,4,0,1,2,A,-,6,21750,,N,B,G,A,A,E,-,A,D,0,,Y,,,Y,,A,1,0,0,1,0,0,0,1,0,0,-,-,,,900,1,LOS ANGELES,LOS ANGELES,CA,-118.4749312,34.193367,"HASKELL AVE & VANOWEN ST, LOS ANGELES, CA, 91406",HASKELL AVE,VANOWEN ST
-118.4502727,34.2279282,144140,5975472,2013,1/24/2014 0:00,1942,1/22/2013,2110,40163,1963,2,5,7,1942,0,0,0,,0,35EL16,VAN NUYS BL,VESPER AV,100,N,N,A,-,N,,,,,,,,,,N,4,0,1,2,A,-,5,21650,1,N,D,G,A,A,H,-,C,D,0,,Y,,,Y,,A,1,0,0,1,0,0,0,1,0,0,-,-,,,2400,1,LOS ANGELES,LOS ANGELES,CA,-118.4502727,34.2279282,"VAN NUYS BLVD & VESPER AVE, LOS ANGELES, CA, 91402",VAN NUYS BLVD,VESPER AVE
-118.3952602,34.1435318,144148,5975488,2013,1/24/2014 0:00,1942,1/22/2013,750,36663,1591,2,5,7,1942,0,0,0,O,0,35EL14,LAUREL CANYON BL,VENTURA BL,12,S,N,A,-,N,,,,,,,,,,Y,3,0,1,2,A,-,5,21650,1,N,D,G,A,A,H,-,A,D,0,,Y,,,Y,,L,4,0,1,0,0,0,0,1,0,0,-,-,,,900,1,LOS ANGELES,LOS ANGELES,CA,-118.3952602,34.1435318,"LAUREL CANYON BLVD & VENTURA BLVD, LOS ANGELES, CA, 91604",LAUREL CANYON BLVD,VENTURA BLVD
-118.2739021,33.9464378,144526,5978118,2013,4/5/2014 0:00,1942,1/22/2013,1820,37531,1822,2,5,7,1942,0,0,0,R,0,18A44,MAIN ST,99TH ST,10,S,N,A,-,N,,,,,,,,,,Y,2,0,1,2,A,-,12,22450,A,N,D,G,A,A,H,-,C,D,0,,Y,,,Y,Y,L,4,1,0,0,0,0,0,1,0,0,-,-,,,2100,1,LOS ANGELES,LOS ANGELES,CA,-118.2739021,33.9464378,"S MAIN ST & E 99TH ST, LOS ANGELES, CA, 90003",S MAIN ST,E 99TH ST
-118.50549,34.1974983,146087,5994974,2013,1/17/2014 0:00,1942,1/22/2013,1920,36542,1027,2,5,7,1942,0,0,0,J,0,10A1,AMESTOY AV,HART ST,0,,Y,A,-,N,,,,,,,,,,N,4,0,1,2,A,-,12,22450,A,N,A,G,A,A,H,-,C,A,0,,Y,,,Y,,A,1,0,0,1,0,0,0,1,0,0,-,-,,,2100,1,LOS ANGELES,LOS ANGELES,CA,-118.50549,34.1974983,"AMESTOY AVE & HART ST, LOS ANGELES, CA, 91406",AMESTOY AVE,HART ST
-118.52735,34.2286415,144693,5980244,2013,1/22/2014 0:00,1942,1/23/2013,1740,39479,1794,3,5,7,1942,0,0,0,Q,0,9TL54,PARTHENIA ST,LINDLEY AV,0,,Y,A,-,N,,,,,,,,,,N,4,0,1,2,A,-,7,21658,A,F,D,G,A,A,H,-,C,A,0,,Y,,,Y,,A,1,0,0,1,0,0,0,1,0,0,-,-,,,1800,1,LOS ANGELES,LOS ANGELES,CA,-118.52735,34.2286415,"PARTHENIA ST & LINDLEY AVE, LOS ANGELES, CA, 91325",PARTHENIA ST,LINDLEY AVE
-118.38777,34.1683807,144714,5980337,2013,1/24/2014 0:00,1942,1/23/2013,1505,39009,1545,3,5,7,1942,0,0,0,O,0,16TL26,COLFAX AV,CHANDLER BL,0,,Y,B,-,N,,,,,,,,,,N,4,0,1,2,A,-,5,21650,1,N,A,G,A,A,H,-,A,A,0,,Y,,,Y,,A,7,0,0,1,0,0,0,1,0,0,-,-,,,1800,1,LOS ANGELES,LOS ANGELES,CA,-118.38777,34.1683807,"COLFAX AVE & CHANDLER BLVD, LOS ANGELES, CA, 91601",COLFAX AVE,CHANDLER BLVD
-118.3313013,33.9745216,145556,5990050,2013,1/22/2014 0:00,1942,1/23/2013,1755,39839,1251,3,5,7,1942,0,0,0,L,0,3A74,FLORENCE AV,CRENSHAW BL,100,W,N,A,-,N,,,,,,,,,,N,4,0,1,2,A,-,5,21650,1,N,G,G,A,A,H,-,C,D,0,,Y,,,Y,,L,4,0,0,1,0,0,0,1,0,0,-,-,,,1800,1,LOS ANGELES,LOS ANGELES,CA,-118.3313013,33.9745216,"W FLORENCE AVE & CRENSHAW BLVD, LOS ANGELES, CA, 90043",W FLORENCE AVE,CRENSHAW BLVD
-118.44632,34.0244598,145566,5990283,2013,1/24/2014 0:00,1942,1/23/2013,2200,39993,1401,3,5,7,1942,0,0,0,N,0,8T35,OCEAN PARK BL,BUNDY DR,0,,Y,A,-,N,,,,,,,,,,N,4,0,1,2,D,-,0,,,N,G,A,A,A,H,-,C,D,0,,Y,,,Y,,-,-,0,0,1,0,0,0,1,0,0,-,-,,,2400,1,LOS ANGELES,LOS ANGELES,CA,-118.44632,34.0244598,"OCEAN PARK BLVD & S BUNDY DR, LOS ANGELES, CA, 90064",OCEAN PARK BLVD,S BUNDY DR
-118.211544,34.0907707,145569,5990359,2013,1/22/2014 0:00,1942,1/23/2013,1750,37549,1158,3,5,7,1942,0,0,0,K,0,11A58,FIGUEROA ST,MARMION WY,20,S,N,A,-,N,,,,,,,,,,N,4,0,1,2,A,-,8,22107,,N,D,G,A,A,-,-,C,A,0,,Y,,,Y,Y,A,1,0,0,1,0,0,0,1,0,0,-,-,,,1800,1,LOS ANGELES,LOS ANGELES,CA,-118.2115439,34.0907707,"N FIGUEROA ST & MARMION WAY, LOS ANGELES, CA, 90065",N FIGUEROA ST,MARMION WAY