X,Y,FID,CASE_ID,ACCIDENT_YEAR,PROCDATE,JURIS,COLLISION_DATE,COLLISION_TIME,OFFICER_ID,REPORTING_DISTRICT,DAY_OF_WEEK,SHIFT,POPULATION,CNTY_CITY_LOC,SPECIAL_COND,BEAT_TYPE,CHP_BEAT_TYPE,CITY_DIVISION_LAPD,CHP_BEAT_CLASS,BEATNUMB,PRIMARY_RD,SECONDARY_RD,DISTANCE,DIRECTION,INTERSECTION,WEATHER_1,WEATHER_2,STATE_HWY_IND,CALTRANS_COUNTY,CALTRANS_DISTRICT,STATE_ROUTE,ROUTE_SUFFIX,POSTMILE_PREFIX,POSTMILE,LOCATION_TYPE,RAMP_INTERSECTION,SIDE_OF_HWY,TOW_AWAY,COLLISION_SEVERITY,NUMBER_KILLED,NUMBER_INJURED,PARTY_COUNT,PRIMARY_COLL_FACTOR,PCF_CODE_VIOL,PCF_VIOL_CATEGORY,PCF_VIOLATION,PCF_VIOL_SUBSECTION,HIT_AND_RUN,TYPE_OF_COLLISION,MVIW,PED_ACTION,ROAD_SURFACE,ROAD_COND_1,ROAD_COND_2,LIGHTING,CONTROL_DEVICE,CHP_ROAD_TYPE,PEDESTRIAN_ACCIDENT,BICYCLE_ACCIDENT,MOTORCYCLE_ACCIDENT,TRUCK_ACCIDENT,NOT_PRIVATE_PROPERTY,ALCOHOL_INVOLVED,STWD_VEHTYPE_AT_FAULT,CHP_VEHTYPE_AT_FAULT,COUNT_SEVERE_INJ,COUNT_VISIBLE_INJ,COUNT_COMPLAIN_PAIN,COUNT_PED_KILLED,COUNT_PED_INJURED,COUNT_BICYCLIST_KILLED,COUNT_BICYCLIST_INJURED,COUNT_MC_KILLED,COUNT_MC_INJURED,PRIMARY_RAMP,SECONDARY_RAMP,LATITUDE,LONGITUDE,TIMECAT,MONTH_,CITY,COUNTY,STATE,POINT_X,POINT_Y,Match_addr,m_primaryrd,m_secondrd
-118.2776138,33.9641571,149087,6035585,2013,2/10/2014 0:00,1942,4/4/2013,1300,39236,1268,4,5,7,1942,0,0,0,L,0,12A3,83RD ST,BROADWAY ST,200,E,N,A,-,N,,,,,,,,,,N,4,0,1,2,A,-,3,22350,,N,C,G,A,A,G,-,A,D,0,,Y,,,Y,,A,1,0,0,1,0,0,0,1,0,0,-,-,,,1500,4,LOS ANGELES,LOS ANGELES,CA,-118.2776138,33.9641571,"W 83RD ST & S BROADWAY, LOS ANGELES, CA, 90003",W 83RD ST,S BROADWAY
-118.30563,33.7270088,149448,6041044,2013,2/15/2014 0:00,1942,4/4/2013,1100,25839,585,4,5,7,1942,0,0,0,,0,5EL1,19TH ST,PATTON,0,,Y,A,-,N,,,,,,,,,,N,3,0,1,2,A,-,12,22450,A,N,D,G,A,A,H,-,A,A,0,,Y,,,Y,,L,4,0,1,0,0,0,0,1,0,0,-,-,,,1200,4,LOS ANGELES,LOS ANGELES,CA,-118.30563,33.7270088,"W 19TH ST & S PATTON AVE, LOS ANGELES, CA, 90731",W 19TH ST,S PATTON AVE
-118.2915824,34.0381737,150147,6053455,2013,2/19/2014 0:00,1942,4/4/2013,1700,40964,2097,4,5,7,1942,0,0,0,,0,20A22,VERMONT AV,20TH ST,10,N,N,A,-,N,,,,,,,,,,N,3,0,1,2,A,-,9,21801,A,N,D,G,A,A,H,-,A,B,0,,Y,,,Y,,A,1,0,1,0,0,0,0,1,0,0,-,-,,,1800,4,LOS ANGELES,LOS ANGELES,CA,-118.2915824,34.0381737,"S VERMONT AVE & W 20TH ST, LOS ANGELES, CA, 90007",S VERMONT AVE,W 20TH ST
-118.2941621,34.0672073,150197,6053558,2013,2/15/2014 0:00,1942,4/4/2013,1750,40157,2026,4,5,7,1942,0,0,0,,0,20A16,BERENDO ST,4TH ST,54,S,N,A,-,N,,,,,,,,,,N,3,0,1,2,A,-,11,21954,A,N,B,G,A,A,H,-,A,D,0,,Y,,,Y,,L,4,0,1,0,0,0,0,1,0,0,-,-,,,1800,4,LOS ANGELES,LOS ANGELES,CA,-118.2941621,34.0672073,"S BERENDO ST & W 4TH ST, LOS ANGELES, CA, 90020",S BERENDO ST,W 4TH ST
-118.2601759,34.0361671,150439,6056187,2013,2/21/2014 0:00,1942,4/4/2013,1520,40726,195,4,5,7,1942,0,0,0,A,0,2T28,PICO BL,MAIN ST,85,E,N,A,-,N,,,,,,,,,,N,4,0,1,2,C,-,18,,,N,B,G,A,A,H,-,A,D,0,,Y,,Y,Y,,-,-,0,0,1,0,0,0,1,0,0,-,-,,,1800,4,LOS ANGELES,LOS ANGELES,CA,-118.2601759,34.0361671,"E PICO BLVD & S MAIN ST, LOS ANGELES, CA, 90015",E PICO BLVD,S MAIN ST
-118.24659,34.0543098,151128,6063520,2013,2/18/2014 0:00,1942,4/4/2013,855,41211,123,4,5,7,1942,0,0,0,A,0,1A1,HILL ST,1ST ST,0,,Y,A,-,N,,,,,,,,,,N,3,0,1,2,A,-,9,21801,A,N,D,G,A,A,H,-,A,A,0,,Y,,,Y,,A,1,0,1,0,0,0,0,1,0,0,-,-,,,900,4,LOS ANGELES,LOS ANGELES,CA,-118.24659,34.0543098,"S HILL ST & W 1ST ST, LOS ANGELES, CA, 90012",S HILL ST,W 1ST ST
-118.2727396,34.0485229,151152,6063582,2013,2/14/2014 0:00,1942,4/4/2013,1545,40726,279,4,5,7,1942,0,0,0,B,0,4T6,OLYMPIC BL,VALENCIA,106,W,N,A,-,N,,,,,,,,,,N,4,0,1,2,A,-,6,21750,,N,C,G,A,A,H,-,A,D,0,,Y,,,Y,,A,1,0,0,1,0,0,0,1,0,0,-,-,,,1800,4,LOS ANGELES,LOS ANGELES,CA,-118.2727396,34.0485229,"W OLYMPIC BLVD & VALENCIA ST, LOS ANGELES, CA, 90015",W OLYMPIC BLVD,VALENCIA ST
-118.26742,34.0203094,152918,6083544,2013,2/19/2014 0:00,1942,4/4/2013,1735,33977,1331,4,5,7,1942,0,0,0,M,0,11TL32,MAPLE AV,30TH ST,0,,Y,A,-,N,,,,,,,,,,N,4,0,1,2,A,-,8,22107,,N,D,G,A,A,H,-,A,D,0,,Y,,,Y,,A,1,0,0,1,0,0,0,1,0,0,-,-,,,1800,4,LOS ANGELES,LOS ANGELES,CA,-118.26742,34.0203094,"MAPLE AVE & E 30TH ST, LOS ANGELES, CA, 90011",MAPLE AVE,E 30TH ST
-118.33093,33.9931183,159584,6165204,2013,2/12/2014 0:00,1942,4/4/2013,1010,40935,1211,4,5,7,1942,0,0,0,L,0,2.50E+03,54TH ST,CRENSHAW BL,0,,Y,A,-,N,,,,,,,,,,N,4,0,1,2,A,-,12,21453,A,N,H,G,A,A,H,-,A,A,0,,Y,,,Y,,L,4,0,0,1,0,0,0,1,0,0,-,-,,,1200,4,LOS ANGELES,LOS ANGELES,CA,-118.33093,33.9931183,"W 54TH ST & CRENSHAW BLVD, LOS ANGELES, CA, 90043",W 54TH ST,CRENSHAW BLVD
-118.3604,34.0781898,149056,6035549,2013,2/10/2014 0:00,1942,4/5/2013,200,37613,713,5,5,7,1942,0,0,0,G,0,20T59,OAKWOOD AV,ORANGE GROVE AV,0,,Y,A,-,N,,,,,,,,,,N,4,0,1,2,A,-,12,22450,A,F,D,G,A,A,H,-,C,A,0,,Y,,,Y,Y,-,99,0,0,1,0,0,0,1,0,0,-,-,,,300,4,LOS ANGELES,LOS ANGELES,CA,-118.3604,34.0781898,"OAKWOOD AVE & N ORANGE GROVE AVE, LOS ANGELES, CA, 90036",OAKWOOD AVE,N ORANGE GROVE AVE
-118.601651,34.2177086,149083,6035579,2013,4/3/2014 0:00,1942,4/5/2013,1145,40068,2115,5,5,7,1942,0,0,0,,0,21X62,OWENSMOUTH AV,LANARK ST,45,N,N,A,-,N,,,,,,,,,,Y,3,0,1,2,A,-,9,21804,A,N,D,G,A,A,H,-,A,D,0,,Y,,,Y,,L,4,0,1,0,0,0,0,1,0,0,-,-,,,1200,4,LOS ANGELES,LOS ANGELES,CA,-118.601651,34.2177086,"OWENSMOUTH AVE & LANARK ST, LOS ANGELES, CA, 91304",OWENSMOUTH AVE,LANARK ST
-118.4237189,34.0211029,149930,6048667,2013,2/13/2014 0:00,1942,4/5/2013,2045,38303,1427,5,5,7,1942,0,0,0,N,0,14A25,SEPULVEDA BL,ROSE,35,S,N,A,-,N,,,,,,,,,,N,4,0,1,1,D,-,0,,,N,H,I,A,A,H,-,C,D,0,,Y,,,Y,,-,-,0,0,1,0,0,0,1,0,0,-,-,,,2100,4,LOS ANGELES,LOS ANGELES,CA,-118.4237189,34.0211029,"S SEPULVEDA BLVD & ROSE AVE, LOS ANGELES, CA, 90034",S SEPULVEDA BLVD,ROSE AVE
-118.23134,34.0648003,149988,6050181,2013,2/18/2014 0:00,1942,4/5/2013,935,35971,119,5,5,7,1942,0,0,0,K,0,1X11,NORTH MAIN ST,ANN ST,0,,Y,A,-,N,,,,,,,,,,N,4,0,1,2,A,-,12,21453,A,N,H,G,A,A,H,-,A,A,0,,Y,,Y,Y,,L,4,0,0,1,0,0,0,1,0,0,-,-,,,1200,4,LOS ANGELES,LOS ANGELES,CA,-118.23134,34.0648003,"N MAIN ST & E ANN ST, LOS ANGELES, CA, 90012",N MAIN ST,E ANN ST
-118.2744952,34.1151123,150293,6054096,2013,2/15/2014 0:00,1942,4/5/2013,1840,39062,1132,5,5,7,1942,0,0,0,K,0,1T11,LOS FELIZ BL,ARBOLADA RD,150,E,N,A,-,N,,,,,,,,,,N,3,0,1,2,A,-,3,22350,,F,C,G,A,A,H,-,A,D,0,,Y,,,Y,,-,99,0,1,0,0,0,0,1,0,0,-,-,,,2100,4,LOS ANGELES,LOS ANGELES,CA,-118.2744952,34.1151123,"LOS FELIZ BLVD & ARBOLADA RD, LOS ANGELES, CA, 90027",LOS FELIZ BLVD,ARBOLADA RD
-118.25219,34.0352287,152065,6072562,2013,2/20/2014 0:00,1942,4/5/2013,1545,34426,1303,5,5,7,1942,0,0,0,M,0,2T28,11TH ST,SAN PEDRO ST,0,,N,A,-,N,,,,,,,,,,N,4,0,1,2,A,-,8,22107,,N,D,G,A,A,H,-,A,D,0,,Y,,,Y,,D,22,0,0,1,0,0,0,1,0,0,-,-,,,1800,4,LOS ANGELES,LOS ANGELES,CA,-118.25219,34.0352287,"E 11TH ST & S SAN PEDRO ST, LOS ANGELES, CA, 90015",E 11TH ST,S SAN PEDRO ST
-118.28195,34.0957985,152907,6083485,2013,2/19/2014 0:00,1942,4/5/2013,1950,33278,1171,5,5,7,1942,0,0,0,K,0,11A62,FOUNTAIN AV,BATES AV,0,,Y,A,-,N,,,,,,,,,,,3,0,2,2,A,-,11,21954,A,N,D,B,D,A,H,-,C,D,0,Y,Y,,,Y,,L,4,0,2,0,0,1,0,1,0,0,-,-,,,2100,4,LOS ANGELES,LOS ANGELES,CA,-118.28195,34.0957985,"FOUNTAIN AVE & BATES AVE, LOS ANGELES, CA, 90029",FOUNTAIN AVE,BATES AVE
-118.5579122,34.2009583,148780,6032784,2013,2/27/2014 0:00,1942,4/6/2013,1520,36610,1021,6,5,7,1942,0,0,0,J,0,10X24,SHIRLEY,SHERMAN WAY,20,S,N,A,-,N,,,,,,,,,,N,3,0,1,2,A,-,8,22107,,N,B,G,A,A,H,-,A,D,0,,Y,,,Y,,L,4,0,1,0,0,0,0,1,0,0,-,-,,,1800,4,LOS ANGELES,LOS ANGELES,CA,-118.5579122,34.2009583,"SHIRLEY AVE & SHERMAN WAY, LOS ANGELES, CA, 91335",SHIRLEY AVE,SHERMAN WAY
-118.4917256,34.0485229,149230,6038675,2013,2/15/2014 0:00,1942,4/6/2013,1130,41062,831,6,5,7,1942,0,0,0,,0,8A36,SAN VICENTE BL,26TH ST,105,E,N,A,-,N,,,,,,,,,,N,3,0,1,2,A,-,8,21717,,N,H,G,A,A,H,-,A,D,0,,Y,,,Y,,A,1,0,1,0,0,0,0,1,0,0,-,-,,,1200,4,LOS ANGELES,LOS ANGELES,CA,-118.4917256,34.0485229,"SAN VICENTE BLVD & 26TH ST, LOS ANGELES, CA, 90049",SAN VICENTE BLVD,26TH ST
-118.29841,34.0727615,150158,6053468,2013,2/18/2014 0:00,1942,4/6/2013,1955,40944,2015,6,5,7,1942,0,0,0,,0,20A14,ALEXANDRIA AV,1ST ST,0,,Y,A,-,N,,,,,,,,,,N,4,0,1,2,A,-,12,22450,A,N,D,G,A,A,H,-,C,D,0,,Y,,,Y,,L,4,0,0,1,0,0,0,1,0,0,-,-,,,2100,4,LOS ANGELES,LOS ANGELES,CA,-118.29841,34.0727615,"N ALEXANDRIA AVE & W 1ST ST, LOS ANGELES, CA, 90004",N ALEXANDRIA AVE,W 1ST ST
-118.30906,34.0526199,150169,6053488,2013,2/18/2014 0:00,1942,4/6/2013,620,38310,2062,6,5,7,1942,0,0,0,,0,7TL23,OLYMPIC BL,WESTERN AV,0,,Y,A,-,N,,,,,,,,,,N,3,0,1,2,A,-,9,21801,A,N,D,G,A,A,H,-,A,A,0,,Y,,,Y,,A,1,0,1,0,0,0,0,1,0,0,-,-,,,900,4,LOS ANGELES,LOS ANGELES,CA,-118.30906,34.0526199,"W OLYMPIC BLVD & S WESTERN AVE, LOS ANGELES, CA, 90006",W OLYMPIC BLVD,S WESTERN AVE
-118.3772637,34.0382462,150990,6062242,2013,2/14/2014 0:00,1942,4/6/2013,1455,37911,782,6,5,7,1942,0,0,0,G,0,20TL56,LA CIENEGA BL,CADILLAC AV,3,S,N,A,-,N,,,,,,,,,,N,4,0,1,2,A,-,5,21650,1,N,-,G,A,A,H,-,A,A,0,,Y,,,Y,,L,4,0,0,1,0,0,0,1,0,0,-,-,,,1500,4,LOS ANGELES,LOS ANGELES,CA,-118.3772637,34.0382462,"S LA CIENEGA BLVD & CADILLAC AVE, LOS ANGELES, CA, 90034",S LA CIENEGA BLVD,CADILLAC AVE
-118.2786523,34.074173,151156,6063598,2013,2/18/2014 0:00,1942,4/6/2013,1600,40545,215,6,5,7,1942,0,0,0,B,0,1TL24,TEMPLE ST,PARKMAN AV,69,W,N,A,-,N,,,,,,,,,,N,3,0,1,2,A,-,9,21804,A,N,D,G,A,A,H,-,A,D,0,,Y,,,Y,,L,4,0,1,0,0,0,0,1,0,0,-,-,,,1800,4,LOS ANGELES,LOS ANGELES,CA,-118.2786523,34.074173,"W TEMPLE ST & PARKMAN AVE, LOS ANGELES, CA, 90026",W TEMPLE ST,PARKMAN AVE
-118.5623,34.2282219,148491,6028784,2013,2/11/2014 0:00,1942,4/7/2013,345,30983,1792,7,5,7,1942,0,0,0,Q,0,9T57,CORBIN AV,PARTHENIA ST,0,,Y,A,-,N,,,,,,,,,,N,4,0,1,2,A,-,12,21453,A,F,D,G,A,A,H,-,C,A,0,,Y,,,Y,,L,4,0,0,1,0,0,0,1,0,0,-,-,,,600,4,LOS ANGELES,LOS ANGELES,CA,-118.5623,34.2282219,"CORBIN AVE & PARTHENIA ST, LOS ANGELES, CA, 91306",CORBIN AVE,PARTHENIA ST
-118.3266,34.0834694,149223,6038540,2013,2/13/2014 0:00,1942,4/7/2013,930,35643,719,7,5,7,1942,0,0,0,G,0,14TL47,MELROSE AV,ROSSMORE AV,0,,Y,A,-,N,,,,,,,,,,N,2,0,1,2,A,-,5,21650,1,N,D,G,A,A,H,-,A,A,0,,Y,,,Y,,L,4,1,0,0,0,0,0,1,0,0,-,-,,,1200,4,LOS ANGELES,LOS ANGELES,CA,-118.3266,34.0834694,"MELROSE AVE & N ROSSMORE AVE, LOS ANGELES, CA, 90038",MELROSE AVE,N ROSSMORE AVE
-118.37035,34.1866798,149300,6039030,2013,2/11/2014 0:00,1942,4/7/2013,900,33829,1527,7,5,7,1942,0,0,0,O,0,10TL37,VICTORY BL,VINELAND AV,0,,Y,B,-,N,,,,,,,,,,N,4,0,1,2,A,-,9,21801,A,N,D,G,A,A,H,-,A,A,0,,Y,,,Y,,A,1,0,0,1,0,0,0,1,0,0,-,-,,,1200,4,LOS ANGELES,LOS ANGELES,CA,-118.37035,34.1866798,"VICTORY BLVD & VINELAND AVE, LOS ANGELES, CA, 91606",VICTORY BLVD,VINELAND AVE
-118.3706293,33.945385,149941,6048683,2013,2/12/2014 0:00,1942,4/7/2013,720,35945,1489,7,5,7,1942,0,0,0,N,0,,CENTURY BL,LA CIENEGA BL,145,W,N,A,-,N,,,,,,,,,,N,4,0,1,2,A,-,9,21804,A,N,H,G,A,A,H,-,A,D,0,,Y,,,Y,,A,1,0,0,1,0,0,0,1,0,0,-,-,,,900,4,LOS ANGELES,LOS ANGELES,CA,-118.3706293,33.945385,"CENTURY BLVD & S LA CIENEGA BLVD, INGLEWOOD, CA, 90301",CENTURY BLVD,S LA CIENEGA BLVD
-118.3439362,34.0834236,150620,6058408,2013,2/14/2014 0:00,1942,4/7/2013,1425,35945,706,7,5,7,1942,0,0,0,G,0,8TL35,MELROSE AV,LA BREA AV,20,E,N,A,-,N,,,,,,,,,,N,3,0,1,2,A,-,5,21650,1,N,D,G,A,A,H,-,A,A,0,,Y,,,Y,,L,4,0,1,0,0,0,0,1,0,0,-,-,,,1500,4,LOS ANGELES,LOS ANGELES,CA,-118.3439362,34.0834236,"MELROSE AVE & N LA BREA AVE, LOS ANGELES, CA, 90036",MELROSE AVE,N LA BREA AVE
-118.46765,34.22826,149054,6035547,2013,2/10/2014 0:00,1942,4/8/2013,1625,26736,1982,1,5,7,1942,0,0,0,,0,35M28,SEPULVEDA BL,PARTHENIA ST,0,,Y,A,G,N,,,,,,,,,,N,3,0,1,2,A,-,9,21801,A,N,D,G,A,A,H,-,A,A,0,,Y,,,Y,,A,1,0,1,0,0,0,0,1,0,0,-,-,,,1800,4,LOS ANGELES,LOS ANGELES,CA,-118.46765,34.22826,"SEPULVEDA BLVD & PARTHENIA ST, LOS ANGELES, CA, 91343",SEPULVEDA BLVD,PARTHENIA ST
-118.5882281,34.2082977,149065,6035559,2013,2/10/2014 0:00,1942,4/8/2013,1430,38185,2137,1,5,7,1942,0,0,0,,0,10TL34,SATICOY ST,DE SOTO AV,80,E,N,A,-,N,,,,,,,,,,N,4,0,1,2,A,-,5,21650,1,N,G,B,A,A,H,-,A,A,0,,Y,,,Y,,L,4,0,0,1,0,0,0,1,0,0,-,-,,,1500,4,LOS ANGELES,LOS ANGELES,CA,-118.5882281,34.2082977,"SATICOY ST & DE SOTO AVE, LOS ANGELES, CA, 91304",SATICOY ST,DE SOTO AVE
-118.5929022,34.219883,149108,6035621,2013,2/13/2014 0:00,1942,4/8/2013,1800,38185,2107,1,5,7,1942,0,0,0,,0,10TL34,VARIEL AV,ROSCOE BL,6,N,N,A,-,N,,,,,,,,,,N,3,0,1,3,A,-,9,21801,A,F,G,B,A,A,H,-,A,A,0,,Y,,,Y,,-,-,0,1,0,0,0,0,1,0,0,-,-,,,2100,4,LOS ANGELES,LOS ANGELES,CA,-118.5929022,34.219883,"VARIEL AVE & ROSCOE BLVD, LOS ANGELES, CA, 91304",VARIEL AVE,ROSCOE BLVD
-118.30898,33.9745598,149259,6038948,2013,2/12/2014 0:00,1942,4/8/2013,1811,40510,1243,1,5,7,1942,0,0,0,L,0,12X55,FLORENCE,WESTERN,0,,Y,A,-,N,,,,,,,,,,N,3,0,1,2,A,-,5,21650,1,N,G,B,A,A,H,-,A,D,0,,Y,,,Y,,L,4,0,1,0,0,0,0,1,0,0,-,-,,,2100,4,LOS ANGELES,LOS ANGELES,CA,-118.30898,33.9745598,"W FLORENCE AVE & S WESTERN AVE, LOS ANGELES, CA, 90047",W FLORENCE AVE,S WESTERN AVE
-118.27997,34.0439301,151132,6063531,2013,2/18/2014 0:00,1942,4/8/2013,740,40008,295,1,5,7,1942,0,0,0,B,0,13TL53,14TH ST,BURLINGTON,0,,Y,A,-,N,,,,,,,,,,N,3,0,1,2,A,-,12,22450,A,N,D,G,A,A,H,-,A,A,0,,Y,,,Y,,L,4,0,1,0,0,0,0,1,0,0,-,-,,,900,4,LOS ANGELES,LOS ANGELES,CA,-118.27997,34.0439301,"W 14TH ST & S BURLINGTON AVE, LOS ANGELES, CA, 90006",W 14TH ST,S BURLINGTON AVE
-118.26526,34.0110703,151273,6064187,2013,2/21/2014 0:00,1942,4/8/2013,1710,38614,1343,1,5,7,1942,0,0,0,M,0,13X28,MARTIN LUTHER KING JR,AVALON,0,,Y,A,-,N,,,,,,,,,,Y,3,0,1,2,A,-,9,21801,A,N,D,G,A,A,H,-,A,A,0,,Y,,,Y,,D,22,0,1,0,0,0,0,1,0,0,-,-,,,1800,4,LOS ANGELES,LOS ANGELES,CA,-118.26526,34.0110703,"E MARTIN LUTHER KING JR BLVD & AVALON BLVD, LOS ANGELES, CA, 90011",E MARTIN LUTHER KING JR BLVD,AVALON BLVD
-118.2650934,33.9747238,151706,6068958,2013,2/21/2014 0:00,1942,4/8/2013,1800,33329,1395,1,5,7,1942,0,0,0,M,0,13U40,FLORENCE AV,AVALON BL,30,E,N,A,-,N,,,,,,,,,,N,4,0,1,2,B,-,22,,,F,D,G,A,A,H,-,A,D,0,,Y,,,Y,,-,-,0,0,1,0,0,0,1,0,0,-,-,,,2100,4,LOS ANGELES,LOS ANGELES,CA,-118.2650934,33.9747238,"E FLORENCE AVE & AVALON BLVD, LOS ANGELES, CA, 90001",E FLORENCE AVE,AVALON BLVD
-118.3052507,33.9950638,152531,6075511,2013,4/3/2014 0:00,1942,4/8/2013,1850,40869,1309,1,5,7,1942,0,0,0,M,0,77DESK,52ND ST,DENKER,200,W,N,A,-,N,,,,,,,,,,N,4,0,1,2,A,-,-,,,N,G,G,A,A,H,-,A,D,0,,Y,,,Y,,L,4,0,0,1,0,0,0,1,0,0,-,-,,,2100,4,LOS ANGELES,LOS ANGELES,CA,-118.3052507,33.9950638,"W 52ND ST & DENKER AVE, LOS ANGELES, CA, 90062",W 52ND ST,DENKER AVE
-118.27429,34.0842514,152908,6083489,2013,2/19/2014 0:00,1942,4/8/2013,1650,34426,1172,1,5,7,1942,0,0,0,K,0,2TL28,SUNSET BL,VENDOME ST,0,,Y,A,-,N,,,,,,,,,,N,4,0,1,2,A,-,7,21658,A,N,B,G,A,A,H,-,A,D,0,,Y,,,Y,,-,-,0,0,1,0,0,0,1,0,0,-,-,,,1800,4,LOS ANGELES,LOS ANGELES,CA,-118.27429,34.0842514,"W SUNSET BLVD & N VENDOME ST, LOS ANGELES, CA, 90026",W SUNSET BLVD,N VENDOME ST
-118.5114926,34.186615,149299,6039027,2013,2/11/2014 0:00,1942,4/9/2013,1235,41070,1037,2,5,7,1942,0,0,0,J,0,10A17,VICTORY BL,LOUISE AV,500,W,N,A,-,N,,,,,,,,,,N,3,0,1,2,A,-,12,22450,,N,H,G,A,A,H,-,A,A,0,,Y,,,Y,,A,1,0,1,0,0,0,0,1,0,0,-,-,,,1500,4,LOS ANGELES,LOS ANGELES,CA,-118.5114926,34.186615,"VICTORY BLVD & LOUISE AVE, LOS ANGELES, CA, 91316",VICTORY BLVD,LOUISE AVE
-118.5709922,34.1932602,149337,6039144,2013,2/12/2014 0:00,1942,4/9/2013,1300,40175,2149,2,5,7,1942,0,0,0,,0,21XE6L,WINNETKA AV,VANOWEN ST,198,S,N,A,-,N,,,,,,,,,,N,3,0,1,2,A,-,5,21650,1,F,D,G,A,A,H,-,A,D,0,,Y,,,Y,Y,L,4,0,1,0,0,0,0,1,0,0,-,-,,,1500,4,LOS ANGELES,LOS ANGELES,CA,-118.5709922,34.1932602,"WINNETKA AVE & VANOWEN ST, LOS ANGELES, CA, 91306",WINNETKA AVE,VANOWEN ST
-118.3446389,34.0479164,150982,6062219,2013,2/14/2014 0:00,1942,4/9/2013,445,40491,765,2,5,7,1942,0,0,0,G,0,8T35,LA BREA AV,PICO BL,15,N,N,A,-,N,,,,,,,,,,N,4,0,1,2,A,-,5,21650,1,F,D,G,A,A,H,-,C,A,0,,Y,,,Y,,L,4,0,0,1,0,0,0,1,0,0,-,-,,,600,4,LOS ANGELES,LOS ANGELES,CA,-118.3446389,34.0479164,"S LA BREA AVE & W PICO BLVD, LOS ANGELES, CA, 90019",S LA BREA AVE,W PICO BLVD
-118.25304,34.0583992,151135,6063538,2013,2/14/2014 0:00,1942,4/9/2013,1120,31816,174,2,5,7,1942,0,0,0,Q,0,2TL15,1ST ST,FREMONT AV,0,,Y,A,-,N,,,,,,,,,,N,4,0,1,2,A,-,9,21801,A,F,D,G,A,A,H,-,A,D,0,,Y,,,Y,,-,99,0,0,1,0,0,0,1,0,0,-,-,,,1200,4,LOS ANGELES,LOS ANGELES,CA,-118.25304,34.0583992,"W 1ST ST & N FREMONT AVE, LOS ANGELES, CA, 90012",W 1ST ST,N FREMONT AVE
-118.29153,33.9333382,153803,6094877,2013,2/13/2014 0:00,1942,4/9/2013,810,380,,2,5,7,1942,0,0,0,,0,18A41,112TH ST,VERMONT,0,,Y,A,-,N,,,,,,,,,,N,4,0,1,2,A,-,5,21650,1,N,E,G,A,A,H,-,A,D,0,,Y,,,Y,,L,4,0,0,1,0,0,0,1,0,0,-,-,,,900,4,LOS ANGELES,LOS ANGELES,CA,-118.29153,33.9333382,"W 112TH ST & S VERMONT AVE, LOS ANGELES, CA, 90044",W 112TH ST,S VERMONT AVE
-118.58847,34.1973801,148866,6033896,2013,2/11/2014 0:00,1942,4/10/2013,1245,38017,2147,3,5,7,1942,0,0,0,,0,19TL72,HART ST,DESOTO AV,0,,Y,A,-,N,,,,,,,,,,N,4,0,1,2,A,-,9,21804,A,N,B,G,A,A,H,-,A,A,0,,Y,,,Y,,L,4,0,0,1,0,0,0,1,0,0,-,-,,,1500,4,LOS ANGELES,LOS ANGELES,CA,-118.58847,34.1973801,"HART ST & DE SOTO AVE, LOS ANGELES, CA, 91303",HART ST,DE SOTO AVE
-118.47751,34.155529,149281,6038991,2013,2/11/2014 0:00,1942,4/10/2013,1835,38017,1089,3,5,7,1942,0,0,0,J,0,19TL72,VENTURA BL,DENSMORE AV,0,,Y,A,-,N,,,,,,,,,,N,4,0,1,2,A,-,-,,,F,D,G,A,A,H,-,A,A,0,,Y,,,Y,,L,4,0,0,1,0,0,0,1,0,0,-,-,,,2100,4,LOS ANGELES,LOS ANGELES,CA,-118.47751,34.155529,"VENTURA BLVD & DENSMORE AVE, LOS ANGELES, CA, 91436",VENTURA BLVD,DENSMORE AVE
-118.23076,34.0403214,150317,6054151,2013,2/15/2014 0:00,1942,4/10/2013,2155,39062,159,3,5,7,1942,0,0,0,O,0,2T15,SANTA FE AV,PALMETTO ST,0,,Y,A,-,N,,,,,,,,,,N,4,0,1,2,A,-,9,21801,A,N,D,G,A,A,H,-,C,D,0,,Y,,,Y,,A,1,0,0,1,0,0,0,1,0,0,-,-,,,2400,4,LOS ANGELES,LOS ANGELES,CA,-118.23076,34.0403214,"S SANTA FE AVE & PALMETTO ST, LOS ANGELES, CA, 90013",S SANTA FE AVE,PALMETTO ST
-118.2724847,34.1009216,150902,6061854,2013,2/14/2014 0:00,1942,4/10/2013,2100,33554,1144,3,5,7,1942,0,0,0,K,0,11A1,GRIFFITH PARK BL,SCOTLAND ST,125,S,N,A,-,N,,,,,,,,,,N,3,0,1,2,B,-,22,,,N,D,G,A,A,H,-,B,D,0,,Y,,,Y,,-,-,0,1,0,0,0,0,1,0,0,-,-,,,2400,4,LOS ANGELES,LOS ANGELES,CA,-118.2724847,34.1009216,"GRIFFITH PARK BLVD & SCOTLAND ST, LOS ANGELES, CA, 90039",GRIFFITH PARK BLVD,SCOTLAND ST
-118.29703,34.0880013,151134,6063535,2013,2/18/2014 0:00,1942,4/10/2013,1455,37611,201,3,5,7,1942,0,0,0,B,0,4TL4,KENMORE AV,LILY CREST AV,0,,Y,A,-,N,,,,,,,,,,N,3,0,1,2,A,-,12,22450,A,N,D,G,A,A,H,-,A,A,0,,Y,,,Y,,L,4,0,1,0,0,0,0,1,0,0,-,-,,,1500,4,LOS ANGELES,LOS ANGELES,CA,-118.29703,34.0880013,"N KENMORE AVE & LILY CREST AVE, LOS ANGELES, CA, 90029",N KENMORE AVE,LILY CREST AVE