X,Y,FID,CASE_ID,ACCIDENT_YEAR,PROCDATE,JURIS,COLLISION_DATE,COLLISION_TIME,OFFICER_ID,REPORTING_DISTRICT,DAY_OF_WEEK,SHIFT,POPULATION,CNTY_CITY_LOC,SPECIAL_COND,BEAT_TYPE,CHP_BEAT_TYPE,CITY_DIVISION_LAPD,CHP_BEAT_CLASS,BEATNUMB,PRIMARY_RD,SECONDARY_RD,DISTANCE,DIRECTION,INTERSECTION,WEATHER_1,WEATHER_2,STATE_HWY_IND,CALTRANS_COUNTY,CALTRANS_DISTRICT,STATE_ROUTE,ROUTE_SUFFIX,POSTMILE_PREFIX,POSTMILE,LOCATION_TYPE,RAMP_INTERSECTION,SIDE_OF_HWY,TOW_AWAY,COLLISION_SEVERITY,NUMBER_KILLED,NUMBER_INJURED,PARTY_COUNT,PRIMARY_COLL_FACTOR,PCF_CODE_VIOL,PCF_VIOL_CATEGORY,PCF_VIOLATION,PCF_VIOL_SUBSECTION,HIT_AND_RUN,TYPE_OF_COLLISION,MVIW,PED_ACTION,ROAD_SURFACE,ROAD_COND_1,ROAD_COND_2,LIGHTING,CONTROL_DEVICE,CHP_ROAD_TYPE,PEDESTRIAN_ACCIDENT,BICYCLE_ACCIDENT,MOTORCYCLE_ACCIDENT,TRUCK_ACCIDENT,NOT_PRIVATE_PROPERTY,ALCOHOL_INVOLVED,STWD_VEHTYPE_AT_FAULT,CHP_VEHTYPE_AT_FAULT,COUNT_SEVERE_INJ,COUNT_VISIBLE_INJ,COUNT_COMPLAIN_PAIN,COUNT_PED_KILLED,COUNT_PED_INJURED,COUNT_BICYCLIST_KILLED,COUNT_BICYCLIST_INJURED,COUNT_MC_KILLED,COUNT_MC_INJURED,PRIMARY_RAMP,SECONDARY_RAMP,LATITUDE,LONGITUDE,TIMECAT,MONTH_,CITY,COUNTY,STATE,POINT_X,POINT_Y,Match_addr,m_primaryrd,m_secondrd
-118.25862,33.9747505,154883,6106934,2013,3/5/2014 0:00,1942,6/15/2013,1810,33599,1259,6,5,7,1942,0,0,0,L,0,3TL57,FLORENCE,WADSWORTH AV,0,,Y,A,-,N,,,,,,,,,,Y,4,0,1,2,A,-,-,,,N,H,G,A,A,H,-,A,D,0,,Y,,,Y,,L,4,0,0,1,0,0,0,1,0,0,-,-,,,2100,6,LOS ANGELES,LOS ANGELES,CA,-118.25862,33.9747505,"E FLORENCE AVE & WADSWORTH AVE, LOS ANGELES, CA, 90001",E FLORENCE AVE,WADSWORTH AVE
-118.2871155,33.9717064,154885,6106938,2013,3/6/2014 0:00,1942,6/15/2013,1355,40476,1256,6,5,7,1942,0,0,0,L,0,12R41,75TH ST,HOOVER,2,E,N,A,-,N,,,,,,,,,,N,4,0,1,2,A,-,5,21650,,N,D,G,A,A,H,-,A,A,0,,Y,,,Y,,L,4,0,0,1,0,0,0,1,0,0,-,-,,,1500,6,LOS ANGELES,LOS ANGELES,CA,-118.2871155,33.9717064,"W 75TH ST & S HOOVER ST, LOS ANGELES, CA, 90044",W 75TH ST,S HOOVER ST
-118.24779,34.0018196,155749,6118918,2013,3/1/2014 0:00,1942,6/15/2013,1545,34426,1367,6,5,7,1942,0,0,0,M,0,2TL28,46TH ST,COMPTON AV,0,,Y,A,-,N,,,,,,,,,,N,4,0,1,2,A,-,9,21802,A,N,D,G,A,A,H,-,A,A,0,,Y,,,Y,,A,1,0,0,1,0,0,0,1,0,0,-,-,,,1800,6,LOS ANGELES,LOS ANGELES,CA,-118.24779,34.0018196,"E 46TH ST & COMPTON AVE, LOS ANGELES, CA, 90011",E 46TH ST,COMPTON AVE
-118.27994,34.0110817,155945,6122189,2013,3/5/2014 0:00,1942,6/15/2013,1630,38111,1341,6,5,7,1942,0,0,0,M,0,DESK,MARTIN LUTHER KING JR BL,HILL ST,0,,Y,A,-,N,,,,,,,,,,N,4,0,1,2,A,-,12,22450,A,F,H,G,A,A,H,-,A,A,0,,Y,,,Y,,-,99,0,0,1,0,0,0,1,0,0,-,-,,,1800,6,LOS ANGELES,LOS ANGELES,CA,-118.27994,34.0110817,"W MARTIN LUTHER KING JR BLVD & S HILL ST, LOS ANGELES, CA, 90037",W MARTIN LUTHER KING JR BLVD,S HILL ST
-118.4213943,34.2993126,156533,6129844,2013,3/5/2014 0:00,1942,6/15/2013,2105,39444,1918,6,5,7,1942,0,0,0,,0,9T53,FOOTHILL BL,MACLAY ST,405,N,N,A,-,N,,,,,,,,,,N,3,0,1,2,A,-,5,21650,1,F,H,G,A,A,H,-,C,A,0,,Y,,,Y,,L,4,0,1,0,0,0,0,1,0,0,-,-,,,2400,6,LOS ANGELES,LOS ANGELES,CA,-118.4213943,34.2993126,"FOOTHILL BLVD & MACLAY ST, LOS ANGELES, CA, 91342",FOOTHILL BLVD,MACLAY ST
-118.26956,33.9747009,155709,6118742,2013,3/24/2014 0:00,1942,6/16/2013,1055,33452,1394,7,5,7,1942,0,0,0,M,0,2TL15,SAN PEDRO ST,FLORENCE AV,0,,Y,A,-,N,,,,,,,,,,N,3,0,1,2,A,-,12,21453,A,N,D,G,A,A,H,-,A,A,0,,Y,,,Y,,L,4,0,1,0,0,0,0,1,0,0,-,-,,,1200,6,LOS ANGELES,LOS ANGELES,CA,-118.26956,33.9747009,"S SAN PEDRO ST & E FLORENCE AVE, LOS ANGELES, CA, 90003",S SAN PEDRO ST,E FLORENCE AVE
-118.1958243,34.02948,155836,6119557,2013,3/4/2014 0:00,1942,6/16/2013,1445,33977,469,7,5,7,1942,0,0,0,D,0,4TL4,6TH ST,ESTUDILLO AV,13,E,N,A,-,N,,,,,,,,,,N,3,0,1,2,A,-,9,21802,A,N,A,G,A,A,H,-,A,A,0,,Y,,,Y,,L,4,0,1,0,0,0,0,1,0,0,-,-,,,1500,6,LOS ANGELES,LOS ANGELES,CA,-118.1958243,34.02948,"E 6TH ST & ESTUDILLO AVE, LOS ANGELES, CA, 90023",E 6TH ST,ESTUDILLO AVE
-118.272599,34.1181335,155937,6122170,2013,3/5/2014 0:00,1942,6/16/2013,1845,36238,1132,7,5,7,1942,0,0,0,K,0,11TL32,CRYSTAL SPRINGS DR,LOS FELIZ BL,470,N,N,A,-,N,,,,,,,,,,N,4,0,1,2,A,-,8,22107,,N,H,G,A,A,H,-,A,D,0,,Y,,,Y,,L,4,0,0,1,0,0,0,1,0,0,-,-,,,2100,6,LOS ANGELES,LOS ANGELES,CA,-118.272599,34.1181335,"CRYSTAL SPRINGS DR & LOS FELIZ BLVD, LOS ANGELES, CA, 90027",CRYSTAL SPRINGS DR,LOS FELIZ BLVD
-118.39212,34.1576118,156392,6128117,2013,3/3/2014 0:00,1942,6/16/2013,1030,32361,1553,7,5,7,1942,0,0,0,O,0,15A39,RIVERSIDE DR,RADFORD AV,0,,Y,A,-,N,,,,,,,,,,N,3,0,1,2,A,-,9,21804,A,N,D,G,A,A,H,-,A,D,0,,Y,,,Y,,A,7,0,1,0,0,0,0,1,0,0,-,-,,,1200,6,LOS ANGELES,LOS ANGELES,CA,-118.39212,34.1576118,"RIVERSIDE DR & RADFORD AVE, LOS ANGELES, CA, 91607",RIVERSIDE DR,RADFORD AVE
-118.4475261,34.0844002,156490,6129783,2013,3/28/2014 0:00,1942,6/16/2013,910,39624,806,7,5,7,1942,0,0,0,,0,6T42,CHALON RD,LAUSANNE RD,50,S,N,A,-,N,,,,,,,,,,N,3,0,1,2,D,-,0,,,N,A,G,A,A,H,-,A,D,0,,Y,,,Y,,-,-,0,1,0,0,0,0,1,0,0,-,-,,,1200,6,LOS ANGELES,LOS ANGELES,CA,-118.4475261,34.0844002,"CHALON RD & LAUSANNE RD, LOS ANGELES, CA, 90077",CHALON RD,LAUSANNE RD
-118.4475261,34.0844002,156493,6129787,2013,3/28/2014 0:00,1942,6/16/2013,911,39624,806,7,5,7,1942,0,0,0,H,0,6TL2,CHALON RD,LAUSANNE RD,50,S,N,A,-,N,,,,,,,,,,N,3,0,1,2,D,-,0,,,N,A,G,A,A,H,-,A,D,0,,Y,,,Y,,-,-,0,1,0,0,0,0,1,0,0,-,-,,,1200,6,LOS ANGELES,LOS ANGELES,CA,-118.4475261,34.0844002,"CHALON RD & LAUSANNE RD, LOS ANGELES, CA, 90077",CHALON RD,LAUSANNE RD
-118.3187332,34.0577774,157081,6137716,2013,3/5/2014 0:00,1942,6/16/2013,1335,R2138,2041,7,5,7,1942,0,0,0,,0,6TL2W4,NORTON ST,8TH ST,220,S,N,A,-,N,,,,,,,,,,N,4,0,1,2,A,-,21,22106,,N,B,G,A,A,H,-,A,D,0,,Y,,,Y,,A,1,0,0,1,0,0,0,1,0,0,-,-,,,1500,6,LOS ANGELES,LOS ANGELES,CA,-118.3187332,34.0577774,"S NORTON AVE & W 8TH ST, LOS ANGELES, CA, 90005",S NORTON AVE,W 8TH ST
-118.2367269,33.9324455,154878,6106915,2013,3/1/2014 0:00,1942,6/17/2013,1740,38039,1849,1,5,7,1942,0,0,0,R,0,18X36,113TH ST,GRAPE ST,120,W,N,A,-,N,,,,,,,,,,N,4,0,1,2,A,-,9,21804,A,N,D,G,A,A,H,-,A,D,0,,Y,,,Y,,L,4,0,0,1,0,0,0,1,0,0,-,-,,,1800,6,LOS ANGELES,LOS ANGELES,CA,-118.2367269,33.9324455,"E 113TH ST & GRAPE ST, LOS ANGELES, CA, 90059",E 113TH ST,GRAPE ST
-118.18651,34.10812,156065,6123576,2013,12/24/2014 0:00,1942,6/17/2013,2100,32973,1139,1,5,7,1942,0,0,0,K,0,11TL21,AVENUE 60,BENNER ST,0,,Y,A,-,N,,,,,,,,,,N,2,0,1,2,A,-,9,21800,A,N,D,G,A,A,H,-,C,A,0,,Y,,,Y,,L,4,1,0,0,0,0,0,1,0,0,-,-,,,2400,6,LOS ANGELES,LOS ANGELES,CA,-118.18651,34.10812,"S AVE 60 & BENNER ST, LOS ANGELES, CA, 90042",S AVE 60,BENNER ST
-118.4656511,34.000145,156553,6129883,2013,3/4/2014 0:00,1942,6/17/2013,2115,37416,1415,1,5,7,1942,0,0,0,N,0,8T35,SUNSET AV,LINCOLN AV,14,W,N,A,-,N,,,,,,,,,,N,4,0,1,2,A,-,9,21801,A,N,D,G,A,A,H,-,C,D,0,,Y,,,Y,,A,1,0,0,1,0,0,0,1,0,0,-,-,,,2400,6,LOS ANGELES,LOS ANGELES,CA,-118.4656511,34.000145,"SUNSET AVE & LINCOLN BLVD, LOS ANGELES, CA, 90291",SUNSET AVE,LINCOLN BLVD
-118.3614122,34.06464,156911,6136265,2013,3/5/2014 0:00,1942,6/17/2013,1545,31573,734,1,5,7,1942,0,0,0,,0,34MQ09,FAIRFAX AV,6TH ST,82,S,N,A,-,N,,,,,,,,,,N,2,0,1,2,D,-,0,,,F,B,G,A,A,H,-,A,D,0,,Y,,,Y,,-,-,1,0,0,0,0,0,1,0,0,-,-,,,1800,6,LOS ANGELES,LOS ANGELES,CA,-118.3614122,34.06464,"S FAIRFAX AVE & W 6TH ST, LOS ANGELES, CA, 90036",S FAIRFAX AVE,W 6TH ST
-118.3637748,34.0838966,156971,6136822,2013,3/5/2014 0:00,1942,6/17/2013,1900,40794,701,1,5,7,1942,0,0,0,,0,20A14,EDINBURGH AV,MELROSE,205,S,N,A,-,N,,,,,,,,,,N,3,0,1,2,A,-,8,22103,,N,G,G,A,A,H,-,A,D,0,,Y,,,Y,,A,1,0,1,0,0,0,0,1,0,0,-,-,,,2100,6,LOS ANGELES,LOS ANGELES,CA,-118.3637748,34.0838966,"N EDINBURGH AVE & MELROSE AVE, LOS ANGELES, CA, 90046",N EDINBURGH AVE,MELROSE AVE
-118.5623321,34.2319832,155673,6118631,2013,4/2/2014 0:00,1942,6/18/2013,1115,33694,1764,2,5,7,1942,0,0,0,Q,0,35M112,CORBIN ST,NORDHOFF AV,1,S,N,A,-,N,,,,,,,,,,N,3,0,1,2,A,-,8,22107,,N,D,G,A,A,H,-,A,A,0,,Y,,,Y,,A,1,0,1,0,0,0,0,1,0,0,-,-,,,1200,6,LOS ANGELES,LOS ANGELES,CA,-118.5623321,34.2319832,"CORBIN AVE & NORDHOFF WAY, LOS ANGELES, CA, 91324",CORBIN AVE,NORDHOFF WAY
-118.2763565,33.9964943,155720,6118782,2013,3/3/2014 0:00,1942,6/18/2013,1700,38357,1365,2,5,7,1942,0,0,0,M,0,11TL32,51ST ST,BROADWAY,600,E,N,A,-,N,,,,,,,,,,Y,3,0,1,2,A,-,5,21650,1,N,D,G,A,A,H,-,A,D,0,,Y,,,Y,,L,4,0,1,0,0,0,0,1,0,0,-,-,,,1800,6,LOS ANGELES,LOS ANGELES,CA,-118.2763565,33.9964943,"W 51ST ST & S BROADWAY, LOS ANGELES, CA, 90037",W 51ST ST,S BROADWAY
-118.4503132,34.2249451,156567,6129911,2013,3/24/2014 0:00,1942,6/18/2013,1300,39243,1985,2,5,7,1942,0,0,0,,0,35EL18,VESPER AV,CHASE ST,70,N,N,A,-,N,,,,,,,,,,N,4,0,1,2,A,-,9,21804,A,N,D,G,A,A,H,-,A,D,0,,Y,,,Y,,L,4,0,0,1,0,0,0,1,0,0,-,-,,,1500,6,LOS ANGELES,LOS ANGELES,CA,-118.4503132,34.2249451,"VESPER AVE & CHASE ST, LOS ANGELES, CA, 91402",VESPER AVE,CHASE ST
-118.48368,34.2066002,156568,6129912,2013,3/6/2014 0:00,1942,6/18/2013,2135,38181,1018,2,5,7,1942,0,0,0,J,0,21T65,WOODLEY AV,COHASSET ST,0,,Y,A,-,N,,,,,,,,,,N,4,0,1,2,A,-,5,21650,1,N,D,G,A,A,H,-,C,D,0,,Y,,,Y,,A,1,0,0,1,0,0,0,1,0,0,-,-,,,2400,6,LOS ANGELES,LOS ANGELES,CA,-118.48368,34.2066002,"WOODLEY AVE & COHASSET ST, LOS ANGELES, CA, 91406",WOODLEY AVE,COHASSET ST
-118.52735,34.2192612,156570,6129916,2013,4/7/2014 0:00,1942,6/18/2013,1945,34332,1004,2,5,7,1942,0,0,0,J,0,9T53,LINDLEY AV,CANTARA ST,0,,Y,A,-,N,,,,,,,,,,N,4,0,1,2,A,-,9,21804,A,N,H,G,A,-,H,-,B,A,0,,Y,,,Y,,L,4,0,0,1,0,0,0,1,0,0,-,-,,,2100,6,LOS ANGELES,LOS ANGELES,CA,-118.52735,34.2192612,"LINDLEY AVE & CANTARA ST, LOS ANGELES, CA, 91335",LINDLEY AVE,CANTARA ST
-118.44492,34.0199509,157073,6137701,2013,3/22/2014 0:00,1942,6/18/2013,1855,39784,RD140,2,5,7,1942,0,0,0,,0,14A12,NATIONA BL,BUNDY DR,0,,Y,A,-,N,,,,,,,,,,N,3,0,1,2,A,-,5,21650,1,N,G,G,A,A,H,-,A,A,0,,Y,,,Y,,L,4,0,1,0,0,0,0,1,0,0,-,-,,,2100,6,LOS ANGELES,LOS ANGELES,CA,-118.44492,34.0199509,"NATIONAL BLVD & S BUNDY DR, LOS ANGELES, CA, 90064",NATIONAL BLVD,S BUNDY DR
-118.4418186,34.0553703,157110,6137746,2013,3/7/2014 0:00,1942,6/18/2013,2110,40143,833,2,5,7,1942,0,0,0,,0,8A29,WESTWOOD BL,WILKINS AV,22,N,N,A,-,N,,,,,,,,,,N,4,0,1,2,C,-,18,,,N,H,G,A,A,H,-,C,A,0,,Y,,,Y,,-,-,0,0,1,0,0,0,1,0,0,-,-,,,2400,6,LOS ANGELES,LOS ANGELES,CA,-118.4418186,34.0553703,"WESTWOOD BLVD & WILKINS AVE, LOS ANGELES, CA, 90024",WESTWOOD BLVD,WILKINS AVE
-118.27103,34.0870705,155498,6117417,2013,3/10/2014 0:00,1942,6/19/2013,1805,33258,1172,3,5,7,1942,0,0,0,K,0,11A48,BERKELEY AV,WESTERLY TER,0,,Y,A,-,N,,,,,,,,,,N,3,0,1,2,A,-,12,22450,A,N,H,G,A,A,H,-,A,A,0,,Y,,,Y,,L,4,0,1,0,0,0,0,1,0,0,-,-,,,2100,6,LOS ANGELES,LOS ANGELES,CA,-118.27103,34.0870705,"BERKELEY AVE & WESTERLY TER, LOS ANGELES, CA, 90026",BERKELEY AVE,WESTERLY TER
-118.34414,34.0979614,156376,6128101,2013,3/4/2014 0:00,1942,6/19/2013,1610,37903,645,3,5,7,1942,0,0,0,F,0,20TL58,LA BREA AV,SUNSET BL,0,,Y,A,-,N,,,,,,,,,,,3,0,1,2,A,-,12,21453,A,N,D,G,A,A,H,-,A,A,0,,Y,,,Y,,L,4,0,1,0,0,0,0,1,0,0,-,-,,,1800,6,LOS ANGELES,LOS ANGELES,CA,-118.34414,34.0979614,"N LA BREA AVE & W SUNSET BLVD, LOS ANGELES, CA, 90028",N LA BREA AVE,W SUNSET BLVD
-118.33503,34.1015587,156963,6136814,2013,3/5/2014 0:00,1942,6/19/2013,1530,37911,646,3,5,7,1942,0,0,0,,0,20TL56,HOLLYWOOD BL,CHEROKEE AV,0,,Y,A,-,N,,,,,,,,,,N,4,0,1,2,A,-,21,22106,,F,C,G,A,A,H,-,A,A,0,,Y,,,Y,,-,99,0,0,1,0,0,0,1,0,0,-,-,,,1800,6,LOS ANGELES,LOS ANGELES,CA,-118.33503,34.1015587,"HOLLYWOOD BLVD & N CHEROKEE AVE, LOS ANGELES, CA, 90028",HOLLYWOOD BLVD,N CHEROKEE AVE
-118.29162,34.0525398,157079,6137714,2013,3/5/2014 0:00,1942,6/19/2013,2130,41281,2058,3,5,7,1942,0,0,0,,0,20A44,VERMONT AV,OLYMPIC BL,0,,Y,A,-,N,,,,,,,,,,N,3,0,1,2,A,-,9,21801,A,N,D,G,A,A,H,-,C,A,0,,Y,,,Y,,A,1,0,1,0,0,0,0,1,0,0,-,-,,,2400,6,LOS ANGELES,LOS ANGELES,CA,-118.29162,34.0525398,"S VERMONT AVE & W OLYMPIC BLVD, LOS ANGELES, CA, 90006",S VERMONT AVE,W OLYMPIC BLVD
-118.25214,34.003891,158115,6147668,2013,3/6/2014 0:00,1942,6/19/2013,900,30248,1346,3,5,7,1942,0,0,0,M,0,1TL11,VERNON AV,HOOPER AV,0,,Y,B,-,N,,,,,,,,,,N,3,0,1,2,A,-,5,21650,1,N,D,G,A,A,H,-,A,A,0,,Y,,,Y,,L,4,0,1,0,0,0,0,1,0,0,-,-,,,1200,6,LOS ANGELES,LOS ANGELES,CA,-118.25214,34.003891,"E VERNON AVE & HOOPER AVE, LOS ANGELES, CA, 90011",E VERNON AVE,HOOPER AVE
-118.28025,33.9678612,154889,6106948,2013,3/1/2014 0:00,1942,6/20/2013,1930,39282,1257,4,5,7,1942,0,0,0,L,0,12TL23,GRAND AV,79TH ST,0,,Y,A,-,N,,,,,,,,,,N,2,0,1,2,A,-,17,21657,,N,D,G,A,A,H,-,A,A,0,,Y,,,Y,,L,4,1,0,0,0,0,0,1,0,0,-,-,,,2100,6,LOS ANGELES,LOS ANGELES,CA,-118.28025,33.9678612,"S GRAND AVE & W 79TH ST, LOS ANGELES, CA, 90003",S GRAND AVE,W 79TH ST
-118.5323522,34.2292976,155239,6112707,2013,2/28/2014 0:00,1942,6/20/2013,1500,26319,1785,4,5,7,1942,0,0,0,Q,0,19T74,ETIWANDA AV,PARTHENIA ST,230,N,N,A,-,N,,,,,,,,,,Y,2,0,1,2,A,-,8,22107,,N,D,A,A,A,H,-,A,D,0,,Y,,,Y,,L,4,1,0,0,0,0,0,1,0,0,-,-,,,1800,6,LOS ANGELES,LOS ANGELES,CA,-118.5323522,34.2292976,"ETIWANDA AVE & PARTHENIA ST, LOS ANGELES, CA, 91325",ETIWANDA AVE,PARTHENIA ST
-118.45201,34.2093582,155635,6118560,2013,12/24/2014 0:00,1942,6/20/2013,1845,37644,905,4,5,7,1942,0,0,0,I,0,,TOBIAS,LULL,0,,Y,A,-,N,,,,,,,,,,N,4,0,1,2,A,-,9,21804,A,N,B,G,A,A,H,-,A,D,0,,Y,,,Y,,L,4,0,0,1,0,0,0,1,0,0,-,-,,,2100,6,LOS ANGELES,LOS ANGELES,CA,-118.45201,34.2093582,"TOBIAS AVE & LULL ST, LOS ANGELES, CA, 91405",TOBIAS AVE,LULL ST
-118.2786176,34.0702324,155975,6122245,2013,3/1/2014 0:00,1942,6/20/2013,1820,34458,233,4,5,7,1942,0,0,0,B,0,2T28,LAFAYETTE PARK PL,BEVERLY BL,10,S,N,A,-,N,,,,,,,,,,N,4,0,1,2,A,-,9,21801,A,N,D,G,A,A,H,-,A,D,0,,Y,,,Y,,A,1,0,0,1,0,0,0,1,0,0,-,-,,,2100,6,LOS ANGELES,LOS ANGELES,CA,-118.2786176,34.0702324,"S LA FAYETTE PARK PL & BEVERLY BLVD, LOS ANGELES, CA, 90057",S LA FAYETTE PARK PL,BEVERLY BLVD
-118.2579468,34.0458374,155986,6122273,2013,3/1/2014 0:00,1942,6/20/2013,1655,39889,162,4,5,7,1942,0,0,0,A,0,4TL6,GRAND AV,8TH ST,0,S,N,A,-,N,,,,,,,,,,N,4,0,1,2,A,-,9,21804,A,N,D,G,A,A,H,-,A,D,0,,Y,,,Y,,A,8,0,0,1,0,0,0,1,0,0,-,-,,,1800,6,LOS ANGELES,LOS ANGELES,CA,-118.2579468,34.0458374,"S GRAND AVE (CENTRAL) & W 8TH ST, LOS ANGELES, CA",S GRAND AVE (CENTRAL),W 8TH ST
-118.4162791,34.1866722,156328,6127583,2013,3/10/2014 0:00,1942,6/20/2013,745,39085,1522,4,5,7,1942,0,0,0,O,0,16T23,VICTORY BL,MORSE AV,93,W,N,A,-,N,,,,,,,,,,N,3,0,1,2,A,-,9,21801,A,N,H,G,A,A,H,-,A,D,0,,Y,,,Y,,A,1,0,1,0,0,0,0,1,0,0,-,-,,,900,6,LOS ANGELES,LOS ANGELES,CA,-118.4162791,34.1866722,"VICTORY BLVD & MORSE AVE, LOS ANGELES, CA, 91606",VICTORY BLVD,MORSE AVE
-118.58857,34.2499695,156345,6127600,2013,3/10/2014 0:00,1942,6/20/2013,1525,40567,1762,4,5,7,1942,0,0,0,Q,0,10T34,DESOTO AV,LASSEN ST,0,,Y,A,-,N,,,,,,,,,,N,3,0,3,3,A,-,12,21453,A,N,D,-,A,A,H,-,A,A,0,,Y,,,Y,,A,1,0,1,2,0,0,0,1,0,0,-,-,,,1800,6,LOS ANGELES,LOS ANGELES,CA,-118.58857,34.2499695,"DE SOTO AVE & LASSEN ST, LOS ANGELES, CA, 91311",DE SOTO AVE,LASSEN ST
-118.4443952,34.186657,156350,6127688,2013,3/12/2014 0:00,1942,6/20/2013,1930,38980,935,4,5,7,1942,0,0,0,I,0,15T43,VICTORY BL,TYRONE AV,10,W,N,A,-,N,,,,,,,,,,N,4,0,1,2,A,-,8,22107,,F,D,G,A,A,H,-,A,A,0,,Y,,,Y,,-,99,0,0,1,0,0,0,1,0,0,-,-,,,2100,6,LOS ANGELES,LOS ANGELES,CA,-118.4443952,34.186657,"VICTORY BLVD & TYRONE AVE, LOS ANGELES, CA, 91401",VICTORY BLVD,TYRONE AVE
-118.3247993,34.039875,156378,6128103,2013,3/4/2014 0:00,1942,6/20/2013,1100,32565,789,4,5,7,1942,0,0,0,G,0,20TL59,WASHINGTON BL,7TH AVE,13,E,N,A,-,N,,,,,,,,,,N,4,0,1,2,A,-,5,21650,1,N,D,G,A,A,H,-,A,A,0,,Y,,,Y,,L,4,0,0,1,0,0,0,1,0,0,-,-,,,1200,6,LOS ANGELES,LOS ANGELES,CA,-118.3247993,34.039875,"W WASHINGTON BLVD & 7TH AVE, LOS ANGELES, CA, 90018",W WASHINGTON BLVD,7TH AVE
-118.34182,34.0492096,156382,6128107,2013,3/7/2014 0:00,1942,6/20/2013,830,32565,765,4,5,7,1942,0,0,0,G,0,20TL59,SAN VICENTE BL,LONGWOOD AV,0,,Y,A,-,N,,,,,,,,,,N,3,0,1,2,A,-,9,21801,A,F,D,G,A,A,H,-,A,A,0,,Y,,,Y,,-,99,0,1,0,0,0,0,1,0,0,-,-,,,900,6,LOS ANGELES,LOS ANGELES,CA,-118.34182,34.0492096,"SAN VICENTE BLVD & S LONGWOOD AVE, LOS ANGELES, CA, 90019",SAN VICENTE BLVD,S LONGWOOD AVE
-118.5967969,34.2499809,155367,6115795,2013,3/3/2014 0:00,1942,6/21/2013,1625,40643,1752,5,5,7,1942,0,0,0,Q,0,19T74,LASSEN ST,CANOGA AV,156,E,N,A,-,N,,,,,,,,,,N,3,0,1,2,A,-,5,21650,1,N,D,G,A,A,H,-,A,D,0,,Y,,Y,Y,,L,4,0,1,0,0,0,0,1,0,0,-,-,,,1800,6,LOS ANGELES,LOS ANGELES,CA,-118.5967969,34.2499809,"LASSEN ST & CANOGA AVE, LOS ANGELES, CA, 91311",LASSEN ST,CANOGA AVE
-118.2827,33.9600601,155925,6122071,2013,3/1/2014 0:00,1942,6/21/2013,1655,37724,1802,5,5,7,1942,0,0,0,R,0,12T73,MANCHESTER AV,FIGUEROA ST,0,,Y,A,-,N,,,,,,,,,,N,4,0,1,2,A,-,9,21801,A,N,D,G,A,A,G,-,A,A,0,,Y,,,Y,,A,1,0,0,1,0,0,0,1,0,0,-,-,,,1800,6,LOS ANGELES,LOS ANGELES,CA,-118.2827,33.9600601,"SR 42 & S FIGUEROA ST, LOS ANGELES, CA, 90003",SR 42,S FIGUEROA ST
-118.3001325,34.0835342,157082,6137717,2013,3/5/2014 0:00,1942,6/21/2013,2050,31387,2005,5,5,7,1942,0,0,0,,0,8T35,MELROSE AV,NORMANDIE AV,100,E,N,A,-,N,,,,,,,,,,N,4,0,1,2,D,-,0,,,N,B,G,A,A,H,-,C,D,0,,Y,,,Y,,-,-,0,0,1,0,0,0,1,0,0,-,-,,,2100,6,LOS ANGELES,LOS ANGELES,CA,-118.3001325,34.0835342,"MELROSE AVE & N NORMANDIE AVE, LOS ANGELES, CA, 90029",MELROSE AVE,N NORMANDIE AVE
-118.25924,34.0171089,157159,6137808,2013,3/6/2014 0:00,1942,6/21/2013,1900,37225,1333,5,5,7,1942,0,0,0,M,0,13T22,GRIFFITH AV,29TH ST,0,,Y,A,-,N,,,,,,,,,,N,3,0,1,2,A,-,12,22450,A,N,D,G,A,A,H,-,A,A,0,,Y,,,Y,,-,-,0,1,0,0,0,0,1,0,0,-,-,,,2100,6,LOS ANGELES,LOS ANGELES,CA,-118.25924,34.0171089,"GRIFFITH AVE & E 29TH ST, LOS ANGELES, CA, 90011",GRIFFITH AVE,E 29TH ST
-118.42251,34.1721191,155625,6118536,2013,3/3/2014 0:00,1942,6/22/2013,2340,41193,939,6,5,7,1942,0,0,0,,0,9AS,FULTON AV,BURBANK BL,0,,Y,A,-,N,,,,,,,,,,N,3,0,1,2,A,-,12,21453,A,F,D,G,A,A,H,-,C,A,0,,Y,,,Y,,-,99,0,1,0,0,0,0,1,0,0,-,-,,,2400,6,LOS ANGELES,LOS ANGELES,CA,-118.42251,34.1721191,"FULTON AVE & BURBANK BLVD, LOS ANGELES, CA, 91401",FULTON AVE,BURBANK BLVD
-118.46609,34.0452194,157104,6137740,2013,3/7/2014 0:00,1942,6/22/2013,1315,R2138,841,6,5,7,1942,0,0,0,,0,34TF34,WILSHIRE BL,SALTAIR AV,0,,Y,A,-,N,,,,,,,,,,N,3,0,1,2,A,-,9,21801,A,N,D,G,A,A,H,-,A,D,0,,Y,,,Y,,A,1,0,1,0,0,0,0,1,0,0,-,-,,,1500,6,LOS ANGELES,LOS ANGELES,CA,-118.46609,34.0452194,"WILSHIRE BLVD & S SALTAIR AVE, LOS ANGELES, CA, 90025",WILSHIRE BLVD,S SALTAIR AVE