X,Y,FID,CASE_ID,ACCIDENT_YEAR,PROCDATE,JURIS,COLLISION_DATE,COLLISION_TIME,OFFICER_ID,REPORTING_DISTRICT,DAY_OF_WEEK,SHIFT,POPULATION,CNTY_CITY_LOC,SPECIAL_COND,BEAT_TYPE,CHP_BEAT_TYPE,CITY_DIVISION_LAPD,CHP_BEAT_CLASS,BEATNUMB,PRIMARY_RD,SECONDARY_RD,DISTANCE,DIRECTION,INTERSECTION,WEATHER_1,WEATHER_2,STATE_HWY_IND,CALTRANS_COUNTY,CALTRANS_DISTRICT,STATE_ROUTE,ROUTE_SUFFIX,POSTMILE_PREFIX,POSTMILE,LOCATION_TYPE,RAMP_INTERSECTION,SIDE_OF_HWY,TOW_AWAY,COLLISION_SEVERITY,NUMBER_KILLED,NUMBER_INJURED,PARTY_COUNT,PRIMARY_COLL_FACTOR,PCF_CODE_VIOL,PCF_VIOL_CATEGORY,PCF_VIOLATION,PCF_VIOL_SUBSECTION,HIT_AND_RUN,TYPE_OF_COLLISION,MVIW,PED_ACTION,ROAD_SURFACE,ROAD_COND_1,ROAD_COND_2,LIGHTING,CONTROL_DEVICE,CHP_ROAD_TYPE,PEDESTRIAN_ACCIDENT,BICYCLE_ACCIDENT,MOTORCYCLE_ACCIDENT,TRUCK_ACCIDENT,NOT_PRIVATE_PROPERTY,ALCOHOL_INVOLVED,STWD_VEHTYPE_AT_FAULT,CHP_VEHTYPE_AT_FAULT,COUNT_SEVERE_INJ,COUNT_VISIBLE_INJ,COUNT_COMPLAIN_PAIN,COUNT_PED_KILLED,COUNT_PED_INJURED,COUNT_BICYCLIST_KILLED,COUNT_BICYCLIST_INJURED,COUNT_MC_KILLED,COUNT_MC_INJURED,PRIMARY_RAMP,SECONDARY_RAMP,LATITUDE,LONGITUDE,TIMECAT,MONTH_,CITY,COUNTY,STATE,POINT_X,POINT_Y,Match_addr,m_primaryrd,m_secondrd
-118.45568,34.0449905,157659,6142044,2013,3/14/2014 0:00,1942,7/12/2013,1400,39544,852,5,5,7,1942,0,0,0,,0,825,BARRY AV,OHIO AV,0,,Y,A,-,N,,,,,,,,,,N,3,0,1,2,A,-,12,22450,A,N,H,G,A,A,H,-,A,A,0,,Y,,,Y,,L,4,0,1,0,0,0,0,1,0,0,-,-,,,1500,7,LOS ANGELES,LOS ANGELES,CA,-118.45568,34.0449905,"BARRY AVE & OHIO AVE, LOS ANGELES, CA, 90025",BARRY AVE,OHIO AVE
-118.39433,34.1866684,157684,6142129,2013,3/13/2014 0:00,1942,7/12/2013,1015,40527,1524,5,5,7,1942,0,0,0,O,0,21T65,VICTORY BL,BEN AV,0,,Y,A,-,N,,,,,,,,,,N,3,0,1,2,A,-,5,21650,1,F,H,G,A,A,H,-,A,A,0,,Y,,,Y,,L,4,0,1,0,0,0,0,1,0,0,-,-,,,1200,7,LOS ANGELES,LOS ANGELES,CA,-118.39433,34.1866684,"VICTORY BLVD & BEN AVE, LOS ANGELES, CA, 91606",VICTORY BLVD,BEN AVE
-118.3201091,34.259716,157808,6142778,2013,3/11/2014 0:00,1942,7/12/2013,1850,39372,1617,5,5,7,1942,0,0,0,P,0,16X24W,FOOTHILL,SHERMAN GROVE,10,E,N,A,-,N,,,,,,,,,,N,4,0,1,2,A,-,8,22107,,N,D,G,A,A,H,-,A,A,0,,Y,,,Y,,A,1,0,0,1,0,0,0,1,0,0,-,-,,,2100,7,LOS ANGELES,LOS ANGELES,CA,-118.3201091,34.259716,"FOOTHILL BLVD & SHERMAN GROVE AVE, LOS ANGELES, CA, 91040",FOOTHILL BLVD,SHERMAN GROVE AVE
-118.2157421,34.0764618,157901,6144378,2013,3/11/2014 0:00,1942,7/12/2013,705,40325,415,5,5,7,1942,0,0,0,D,0,13TL22,DALY ST,AVENUE 26,30,S,N,A,-,N,,,,,,,,,,N,4,0,1,2,A,-,6,21750,,F,B,G,A,A,H,-,A,A,0,,Y,,,Y,,-,99,0,0,1,0,0,0,1,0,0,-,-,,,900,7,LOS ANGELES,LOS ANGELES,CA,-118.2157421,34.0764618,"DALY ST & E AVE 26, LOS ANGELES, CA, 90031",DALY ST,E AVE 26
-118.3993,33.9877701,158201,6149554,2013,3/14/2014 0:00,1942,7/12/2013,1700,39784,1465,5,5,7,1942,0,0,0,N,0,14A28,JEFFERSON BL,RT 405,0,,Y,A,-,N,,,,,,,,,,N,4,0,1,2,A,-,10,21950,A,N,H,G,A,A,H,-,A,A,0,,Y,,,Y,,A,1,0,0,1,0,0,0,1,0,0,-,-,,,1800,7,LOS ANGELES,LOS ANGELES,CA,-118.3993,33.9877701,"JEFFERSON BLVD & I 405 S, CULVER CITY, CA, 90230",JEFFERSON BLVD,I 405 S
-118.3950027,33.9714088,158227,6149628,2013,3/17/2014 0:00,1942,7/12/2013,1145,37700,1467,5,5,7,1942,0,0,0,N,0,14TL52,SEPULVEDA BL,77TH ST,100,S,N,A,-,N,,,,,,,,,,N,3,0,1,2,A,-,8,22107,,F,C,G,A,A,H,-,A,D,0,,Y,,,Y,,-,99,0,1,0,0,0,0,1,0,0,-,-,,,1200,7,LOS ANGELES,LOS ANGELES,CA,-118.3950027,33.9714088,"S SEPULVEDA BLVD & W 77TH ST, LOS ANGELES, CA, 90045",S SEPULVEDA BLVD,W 77TH ST
-118.2134694,34.1195412,158636,6154569,2013,3/21/2014 0:00,1942,7/12/2013,1455,34458,1125,5,5,7,1942,0,0,0,K,0,1TL24,TOLAND WY,ARMADALE AV,50,N,N,A,-,N,,,,,,,,,,N,3,0,1,2,A,-,3,22350,,N,D,G,A,A,H,-,A,D,0,,Y,Y,,Y,,L,4,0,1,0,0,0,0,1,0,0,-,-,,,1500,7,LOS ANGELES,LOS ANGELES,CA,-118.2134694,34.1195412,"TOLAND WAY & ARMADALE AVE, LOS ANGELES, CA, 90042",TOLAND WAY,ARMADALE AVE
-118.4503911,34.2354012,158785,6156356,2013,10/1/2014 0:00,1942,7/12/2013,2040,36298,1974,5,5,7,1942,0,0,0,,0,19A85,NORDHOFF ST,VAN NUYS BL,30,W,N,A,-,N,,,,,,,,,,N,3,0,1,2,A,-,17,22517,,F,H,G,A,A,H,-,C,A,0,,Y,,,Y,,-,99,0,1,0,0,0,0,1,0,0,-,-,,,2100,7,LOS ANGELES,LOS ANGELES,CA,-118.4503911,34.2354012,"NORDHOFF ST & VAN NUYS BLVD, LOS ANGELES, CA, 91402",NORDHOFF ST,VAN NUYS BLVD
-118.3718021,34.0338364,163828,6218395,2013,4/12/2014 0:00,1942,7/12/2013,830,38897,782,5,5,7,1942,0,0,0,G,0,7TL23,ERNEST AV,WASHINGTON BL,75,N,N,A,-,N,,,,,,,,,,N,3,0,1,2,A,-,9,21804,A,N,D,G,A,A,H,-,A,D,0,,Y,,,Y,,L,4,0,1,0,0,0,0,1,0,0,-,-,,,900,7,LOS ANGELES,LOS ANGELES,CA,-118.3718021,34.0338364,"ERNEST AVE & WASHINGTON BLVD, CULVER CITY, CA, 90232",ERNEST AVE,WASHINGTON BLVD
-118.3069136,34.0800323,173492,6430080,2013,7/3/2014 0:00,1942,7/12/2013,1300,41220,2004,5,5,7,1942,0,0,0,,0,20A69,SERRANO AV,MAPLEWOOD AV,50,N,N,A,-,N,,,,,,,,,,N,3,0,1,2,D,-,0,,,F,G,G,A,A,H,-,A,D,0,,Y,,,Y,Y,-,-,0,1,0,0,0,0,1,0,0,-,-,,,1500,7,LOS ANGELES,LOS ANGELES,CA,-118.3069136,34.0800323,"N SERRANO AVE & MAPLEWOOD AVE, LOS ANGELES, CA, 90004",N SERRANO AVE,MAPLEWOOD AVE
-118.605244,34.2357864,157771,6142587,2013,3/12/2014 0:00,1942,7/13/2013,1145,38995,2104,6,5,7,1942,0,0,0,,0,17TL14,TOPANGA CANYON BL,NORDHOFF ST,140,N,N,A,-,N,,,,,,,,,,N,2,0,1,2,A,-,7,21658,A,N,C,G,A,A,H,-,A,A,0,,Y,,,Y,,L,4,1,0,0,0,0,0,1,0,0,-,-,,,1200,7,LOS ANGELES,LOS ANGELES,CA,-118.605244,34.2357864,"SR 27 & NORDHOFF ST, LOS ANGELES, CA, 91304",SR 27,NORDHOFF ST
-118.24308,33.9431992,157881,6144329,2013,3/11/2014 0:00,1942,7/13/2013,1145,40495,1844,6,5,7,1942,0,0,0,R,0,SOE,103RD ST,GRAHAM AV,0,,Y,-,-,N,,,,,,,,,,N,4,0,1,2,A,-,12,22450,A,F,H,G,A,A,H,-,A,A,0,,Y,,,Y,,-,99,0,0,1,0,0,0,1,0,0,-,-,,,1200,7,LOS ANGELES,LOS ANGELES,CA,-118.24308,33.9431992,"E 103RD ST & GRAHAM AVE, LOS ANGELES, CA, 90002",E 103RD ST,GRAHAM AVE
-118.4674342,34.1498985,158129,6148344,2013,3/12/2014 0:00,1942,7/13/2013,1050,38850,981,6,5,7,1942,0,0,0,I,0,10TL35,SEPULVEDA BL,SUTTON ST,25,S,N,A,-,N,,,,,,,,,,N,4,0,1,2,A,-,6,21750,,N,B,G,A,A,H,-,A,A,0,,Y,,Y,Y,,F,26,0,0,1,0,0,0,1,0,0,-,-,,,1200,7,LOS ANGELES,LOS ANGELES,CA,-118.4674342,34.1498985,"SEPULVEDA BLVD & SUTTON ST, LOS ANGELES, CA, 91403",SEPULVEDA BLVD,SUTTON ST
-118.299828,34.0576553,158209,6149570,2013,3/14/2014 0:00,1942,7/13/2013,302,41221,LOS A,6,5,7,1942,0,0,0,,0,20A1,NORMANDIE AV,8TH ST,15,S,N,F,-,N,,,,,,,,,,N,4,0,1,2,A,-,11,21461,5,F,G,G,A,A,H,-,C,A,0,,Y,,,Y,,-,-,0,0,1,0,0,0,1,0,0,-,-,,,600,7,LOS ANGELES,LOS ANGELES,CA,-118.299828,34.0576553,"S NORMANDIE AVE & W 8TH ST, LOS ANGELES, CA, 90005",S NORMANDIE AVE,W 8TH ST
-118.27835,34.0010414,158446,6152225,2013,5/12/2014 0:00,1942,7/13/2013,945,40693,1361,6,5,7,1942,0,0,0,M,0,13A43,BROADWAY AV,47TH ST,0,,Y,A,-,N,,,,,,,,,,N,4,0,1,2,A,-,12,21453,A,N,G,G,A,A,H,-,A,A,0,,Y,,,Y,,-,-,0,0,1,0,0,0,1,0,0,-,-,,,1200,7,LOS ANGELES,LOS ANGELES,CA,-118.27835,34.0010414,"S BROADWAY & W 47TH ST, LOS ANGELES, CA, 90037",S BROADWAY,W 47TH ST
-118.24776,33.9920616,158593,6154133,2013,3/12/2014 0:00,1942,7/13/2013,845,39876,1377,6,5,7,1942,0,0,0,M,0,4TL43,COMPTON AV,56TH ST,0,,Y,A,-,N,,,,,,,,,,N,4,0,1,2,A,-,5,21650,1,N,D,G,A,A,H,-,A,A,0,,Y,,,Y,,L,4,0,0,1,0,0,0,1,0,0,-,-,,,900,7,LOS ANGELES,LOS ANGELES,CA,-118.24776,33.9920616,"COMPTON AVE & E 56TH ST, LOS ANGELES, CA, 90011",COMPTON AVE,E 56TH ST
,,159045,6158366,2013,3/22/2014 0:00,1942,7/13/2013,1505,34458,128,6,5,7,1942,0,0,0,L,0,1TL24,N/S ALLEY E/O STANFORD,PICO BL,300,E,N,A,-,N,,,,,,,,,,N,3,0,1,2,A,-,5,21650,1,N,D,G,A,A,H,-,A,D,0,,Y,,,Y,,L,4,0,1,0,0,0,0,1,0,0,-,-,,,1800,7,LOS ANGELES,LOS ANGELES,CA,,,,,
-118.2479728,33.7891693,157885,6144345,2013,3/12/2014 0:00,1942,7/14/2013,1850,40933,528,7,5,7,1942,0,0,0,E,0,5A25,WATSON AV,M ST,50,S,N,A,-,N,,,,,,,,,,N,3,0,1,2,A,-,3,22350,,N,C,E,A,A,H,-,B,D,0,,Y,,,Y,,L,4,0,1,0,0,0,0,1,0,0,-,-,,,2100,7,LOS ANGELES,LOS ANGELES,CA,-118.2479728,33.7891693,"WATSON AVE & E M ST, LOS ANGELES, CA, 90744",WATSON AVE,E M ST
-118.2916686,34.0597839,158193,6149511,2013,3/14/2014 0:00,1942,7/14/2013,1830,40732,2038,7,5,7,1942,0,0,0,,0,20XL6,7TH ST,VERMONT,5,W,N,A,-,N,,,,,,,,,,N,3,0,1,2,A,-,-,,,N,H,G,A,A,H,-,A,A,0,,Y,,,Y,,L,4,0,1,0,0,0,0,1,0,0,-,-,,,2100,7,LOS ANGELES,LOS ANGELES,CA,-118.2916686,34.0597839,"W 7TH ST & S VERMONT AVE, LOS ANGELES, CA, 90005",W 7TH ST,S VERMONT AVE
-118.27394,33.9824104,158590,6154119,2013,3/12/2014 0:00,1942,7/14/2013,915,38365,1383,7,5,7,1942,0,0,0,M,0,2TL15,GAGE AV,MAIN ST,0,,Y,A,-,N,,,,,,,,,,N,3,0,1,2,A,-,5,21650,1,N,D,G,A,A,H,-,A,A,0,,Y,,,Y,,L,4,0,1,0,0,0,0,1,0,0,-,-,,,1200,7,LOS ANGELES,LOS ANGELES,CA,-118.27394,33.9824104,"E GAGE AVE & S MAIN ST, LOS ANGELES, CA, 90003",E GAGE AVE,S MAIN ST
-118.2932416,34.0617905,157759,6142570,2013,4/1/2014 0:00,1942,7/15/2013,1600,37903,2036,1,5,7,1942,0,0,0,,0,20TL58,WILSHIRE BL,NEW HAMPSHIRE AV,100,W,N,A,-,N,,,,,,,,,,N,3,0,1,2,A,-,17,22517,,N,H,G,A,A,H,-,A,D,0,,Y,,,Y,,-,-,0,1,0,0,0,0,1,0,0,-,-,,,1800,7,LOS ANGELES,LOS ANGELES,CA,-118.2932416,34.0617905,"WILSHIRE BLVD & S NEW HAMPSHIRE AVE, LOS ANGELES, CA, 90010",WILSHIRE BLVD,S NEW HAMPSHIRE AVE
-118.4487787,34.1993637,157807,6142774,2013,3/11/2014 0:00,1942,7/15/2013,1600,39243,914,1,5,7,1942,0,0,0,I,0,3.50E+49,GAULT ST,VAN NUYS BL,5,W,N,A,-,N,,,,,,,,,,N,4,0,1,2,A,-,5,21650,1,N,D,G,A,A,H,-,A,D,0,,Y,,,Y,,L,4,0,0,1,0,0,0,1,0,0,-,-,,,1800,7,LOS ANGELES,LOS ANGELES,CA,-118.4487787,34.1993637,"GAULT ST & VAN NUYS BLVD, LOS ANGELES, CA, 91405",GAULT ST,VAN NUYS BLVD
-118.2918,33.9600182,158079,6147459,2013,3/19/2014 0:00,1942,7/15/2013,820,39317,1265,1,5,7,1942,0,0,0,L,0,18T23,MANCHESTER AV,VERMONT AV,0,W,N,A,-,N,,,,,,,,,,N,3,0,1,2,A,-,5,21650,1,N,H,G,A,A,H,-,A,A,0,,Y,,,Y,,L,4,0,1,0,0,0,0,1,0,0,-,-,,,900,7,LOS ANGELES,LOS ANGELES,CA,-118.2918,33.9600182,"W MANCHESTER AVE & S VERMONT AVE, LOS ANGELES, CA, 90044",W MANCHESTER AVE,S VERMONT AVE
-118.42191,33.9917984,158183,6149484,2013,3/14/2014 0:00,1942,7/15/2013,1900,33757,1456,1,5,7,1942,0,0,0,N,0,20TL59,CENTINELA AV,GREENE AV,0,,Y,A,-,N,,,,,,,,,,N,3,0,1,2,A,-,9,21801,A,N,H,G,A,A,H,-,A,D,0,,Y,,,Y,,A,1,0,1,0,0,0,0,1,0,0,-,-,,,2100,7,LOS ANGELES,LOS ANGELES,CA,-118.42191,33.9917984,"S CENTINELA AVE & GREENE AVE, LOS ANGELES, CA, 90066",S CENTINELA AVE,GREENE AVE
-118.2107439,34.048111,158449,6152230,2013,3/12/2014 0:00,1942,7/15/2013,2050,37482,455,1,5,7,1942,0,0,0,D,0,11T21,CESAR E CHAVEZ AV,CHICAGO ST,42,W,N,A,-,N,,,,,,,,,,N,4,0,1,2,A,-,17,22517,,N,-,G,A,A,H,-,C,D,0,,Y,,,Y,,D,22,0,0,1,0,0,0,1,0,0,-,-,,,2100,7,LOS ANGELES,LOS ANGELES,CA,-118.2107439,34.048111,"E CESAR E CHAVEZ AVE & N CHICAGO ST, LOS ANGELES, CA, 90033",E CESAR E CHAVEZ AVE,N CHICAGO ST
-118.2972621,34.0981598,158581,6154110,2013,3/12/2014 0:00,1942,7/15/2013,1315,38365,1151,1,5,7,1942,0,0,0,K,0,2TL15,KENMORE AV,SUNSET BL,6,N,N,A,-,N,,,,,,,,,,N,4,0,1,2,A,-,5,21650,1,N,D,G,A,A,H,-,A,A,0,,Y,,,Y,,L,4,0,0,1,0,0,0,1,0,0,-,-,,,1500,7,LOS ANGELES,LOS ANGELES,CA,-118.2972621,34.0981598,"N KENMORE AVE & W SUNSET BLVD, LOS ANGELES, CA, 90027",N KENMORE AVE,W SUNSET BLVD
-118.27265,34.0186386,158588,6154117,2013,3/12/2014 0:00,1942,7/15/2013,850,37952,1331,1,5,7,1942,0,0,0,M,0,4TL43,JEFFERSON BL,MAIN ST,0,,Y,A,-,N,,,,,,,,,,N,3,0,1,2,A,-,7,21658,A,N,B,G,A,A,H,-,A,D,0,,Y,,,Y,,A,7,0,1,0,0,0,0,1,0,0,-,-,,,900,7,LOS ANGELES,LOS ANGELES,CA,-118.27265,34.0186386,"E JEFFERSON BLVD & S MAIN ST, LOS ANGELES, CA, 90007",E JEFFERSON BLVD,S MAIN ST
-118.41413,34.2718582,158706,6156175,2013,3/19/2014 0:00,1942,7/15/2013,1410,26065,1623,1,5,7,1942,0,0,0,P,0,35M46,VAN NUYS BL,DE FOE ST,0,,Y,A,-,N,,,,,,,,,,N,3,0,2,2,A,-,9,21804,A,N,D,G,A,A,H,-,A,D,0,,Y,,,Y,,L,4,0,1,1,0,0,0,2,0,0,-,-,,,1500,7,LOS ANGELES,LOS ANGELES,CA,-118.41413,34.2718582,"VAN NUYS BLVD & DE FOE AVE, LOS ANGELES, CA, 91331",VAN NUYS BLVD,DE FOE AVE
-118.4488041,34.2095795,159090,6158749,2013,3/18/2014 0:00,1942,7/15/2013,1200,33779,904,1,5,7,1942,0,0,0,I,0,15TL44,VAN NUYS BL,KESWICK ST,250,S,N,A,-,N,,,,,,,,,,N,3,0,1,2,A,-,9,21804,A,N,D,G,A,A,H,-,A,A,0,,Y,,,Y,,A,1,0,1,0,0,0,0,1,0,0,-,-,,,1500,7,LOS ANGELES,LOS ANGELES,CA,-118.4488041,34.2095795,"VAN NUYS BLVD & KESWICK ST, LOS ANGELES, CA, 91405",VAN NUYS BLVD,KESWICK ST
-118.32144,33.9931793,159163,6160998,2013,3/17/2014 0:00,1942,7/15/2013,1830,40778,1211,1,5,7,1942,0,0,0,L,0,12X55,54TH ST,4TH AV,0,,Y,A,-,N,,,,,,,,,,N,4,0,1,2,A,-,12,21453,A,N,H,G,A,A,H,-,A,A,0,,Y,,,Y,,L,4,0,0,1,0,0,0,1,0,0,-,-,,,2100,7,LOS ANGELES,LOS ANGELES,CA,-118.32144,33.9931793,"W 54TH ST & 4TH AVE, LOS ANGELES, CA, 90043",W 54TH ST,4TH AVE
-118.2565227,34.0119057,152335,6074126,2013,9/10/2013 0:00,1942,7/16/2013,1732,38357,1343,2,5,7,1942,0,0,0,M,0,11TL32,CENTRAL AV,35TH ST,7,S,N,A,-,N,,,,,,,,,,N,4,0,1,2,A,-,5,21202,A,N,D,G,A,A,H,-,A,D,0,,Y,,,Y,,L,4,0,0,1,0,0,0,1,0,0,-,-,,,1800,7,LOS ANGELES,LOS ANGELES,CA,-118.2565227,34.0119057,"S CENTRAL AVE & E 35TH ST, LOS ANGELES, CA, 90011",S CENTRAL AVE,E 35TH ST
,,158163,6149444,2013,3/14/2014 0:00,1942,7/16/2013,1935,38282,752,2,5,7,1942,0,0,0,G,0,7X52,PICO,HI POINT ST,21,,N,A,-,N,,,,,,,,,,N,3,0,2,3,A,-,10,21950,A,N,G,B,B,A,H,-,B,D,0,Y,Y,,,Y,,A,1,0,2,0,0,1,0,1,0,0,-,-,,,2100,7,LOS ANGELES,LOS ANGELES,CA,,,,,
-118.2562107,34.0156746,158585,6154114,2013,3/12/2014 0:00,1942,7/16/2013,800,32996,1333,2,5,7,1942,0,0,0,M,0,13TL53,CENTRAL AV,29TH ST,8,S,N,A,-,N,,,,,,,,,,Y,3,0,1,2,A,-,9,21801,A,N,D,G,A,A,H,-,A,A,0,,Y,,,Y,,A,1,0,1,0,0,0,0,1,0,0,-,-,,,900,7,LOS ANGELES,LOS ANGELES,CA,-118.2562107,34.0156746,"S CENTRAL AVE & E 29TH ST, LOS ANGELES, CA, 90011",S CENTRAL AVE,E 29TH ST
-118.5473555,34.208374,157767,6142580,2013,3/12/2014 0:00,1942,7/17/2013,2000,27792,1001,3,5,7,1942,0,0,0,J,0,10T35W,SATICOY ST,WYSTONE AV,107,W,N,A,-,N,,,,,,,,,,N,2,0,1,3,A,-,9,21804,A,N,D,G,A,A,H,-,B,D,0,,Y,,,Y,,L,4,1,0,0,0,0,0,1,0,0,-,-,,,2100,7,LOS ANGELES,LOS ANGELES,CA,-118.5473555,34.208374,"SATICOY ST & WYSTONE AVE, LOS ANGELES, CA, 91335",SATICOY ST,WYSTONE AVE
-118.2143037,34.0465546,158034,6146002,2013,3/18/2014 0:00,1942,7/17/2013,1810,37908,463,3,5,7,1942,0,0,0,D,0,4A59,CUMMINGS ST,PENNSYLVANIA AV,80,N,N,A,-,N,,,,,,,,,,N,2,0,1,2,A,-,17,22517,,N,B,G,A,A,H,-,A,D,0,,Y,,,Y,,A,7,1,0,0,0,0,0,1,0,0,-,-,,,2100,7,LOS ANGELES,LOS ANGELES,CA,-118.2143037,34.0465546,"N CUMMINGS ST & PENNSYLVANIA AVE, LOS ANGELES, CA, 90033",N CUMMINGS ST,PENNSYLVANIA AVE
-118.2917559,34.0981522,158576,6154105,2013,3/13/2014 0:00,1942,7/17/2013,2000,33260,1151,3,5,7,1942,0,0,0,K,0,2T15,SUNSET BL,VERMONT AV,8,E,N,A,-,N,,,,,,,,,,N,4,0,1,2,A,-,5,21650,1,N,D,G,A,A,H,-,C,A,0,,Y,,,Y,,L,4,0,0,1,0,0,0,1,0,0,-,-,,,2100,7,LOS ANGELES,LOS ANGELES,CA,-118.2917559,34.0981522,"W SUNSET BLVD & N VERMONT AVE, LOS ANGELES, CA, 90027",W SUNSET BLVD,N VERMONT AVE
-118.25924,34.0171089,158987,6156682,2013,3/22/2014 0:00,1942,7/17/2013,1805,39761,1333,3,5,7,1942,0,0,0,M,0,1X32,GRIFFITH AV,29TH ST,0,,Y,A,-,N,,,,,,,,,,N,4,0,1,2,A,-,12,22450,A,N,H,G,A,A,H,-,A,A,0,,Y,,,Y,,A,1,0,0,1,0,0,0,1,0,0,-,-,,,2100,7,LOS ANGELES,LOS ANGELES,CA,-118.25924,34.0171089,"GRIFFITH AVE & E 29TH ST, LOS ANGELES, CA, 90011",GRIFFITH AVE,E 29TH ST
-118.1780717,34.0810127,159001,6156706,2013,12/29/2014 0:00,1942,7/17/2013,1835,31659,427,3,5,7,1942,0,0,0,,0,HOBK,EASTERN AV,GAMBIER ST,5,S,N,A,-,N,,,,,,,,,,N,4,0,1,2,A,-,17,21200,,F,G,G,A,A,H,-,A,A,0,,Y,,,Y,,L,4,0,0,1,0,0,0,1,0,0,-,-,,,2100,7,LOS ANGELES,LOS ANGELES,CA,-118.1780717,34.0810127,"N EASTERN AVE & GAMBIER ST, LOS ANGELES, CA, 90032",N EASTERN AVE,GAMBIER ST
-118.3089321,34.0186539,159860,6167171,2013,3/26/2014 0:00,1942,7/17/2013,1750,39628,,3,5,7,1942,0,0,0,,0,,WESTERN BL,EXPOSITION BL,80,N,N,A,-,N,,,,,,,,,,N,3,0,1,2,A,-,7,21658,A,F,H,G,A,A,H,-,A,A,0,,Y,,,Y,,-,99,0,1,0,0,0,0,1,0,0,-,-,,,1800,7,LOS ANGELES,LOS ANGELES,CA,-118.3089321,34.0186539,"S WESTERN AVE & EXPOSITION BLVD, LOS ANGELES, CA, 90018",S WESTERN AVE,EXPOSITION BLVD
-118.2681077,34.0257301,157945,6145613,2013,3/17/2014 0:00,1942,7/18/2013,1529,32996,1321,4,5,7,1942,0,0,0,M,0,13T53,25TH ST,MAIN ST,5,E,N,A,-,N,,,,,,,,,,N,4,0,1,2,A,-,21,22106,,F,D,G,A,A,H,-,A,A,0,,Y,,,Y,,-,99,0,0,1,0,0,0,1,0,0,-,-,,,1800,7,LOS ANGELES,LOS ANGELES,CA,-118.2681077,34.0257301,"E 25TH ST & S MAIN ST, LOS ANGELES, CA, 90011",E 25TH ST,S MAIN ST
-118.31445,34.0399017,158188,6149495,2013,3/14/2014 0:00,1942,7/18/2013,840,41281,2081,4,5,7,1942,0,0,0,,0,20A71,WASHINGTON BL,WILTON PL,0,,Y,A,-,N,,,,,,,,,,N,4,0,1,2,A,-,9,21801,,N,H,G,A,A,H,-,A,D,0,,Y,,,Y,,A,1,0,0,1,0,0,0,1,0,0,-,-,,,900,7,LOS ANGELES,LOS ANGELES,CA,-118.31445,34.0399017,"W WASHINGTON BLVD & S WILTON PL, LOS ANGELES, CA, 90018",W WASHINGTON BLVD,S WILTON PL
-118.3068263,34.0526123,158190,6149499,2013,3/14/2014 0:00,1942,7/18/2013,1630,41089,2064,4,5,7,1942,0,0,0,,0,20A97,OLYMPIC BL,SERRANO AV,150,W,N,A,-,N,,,,,,,,,,N,4,0,1,2,A,-,21,22106,,N,H,G,A,A,H,-,A,D,0,,Y,,,Y,,A,1,0,0,1,0,0,0,1,0,0,-,-,,,1800,7,LOS ANGELES,LOS ANGELES,CA,-118.3068263,34.0526123,"W OLYMPIC BLVD & S SERRANO AVE, LOS ANGELES, CA, 90006",W OLYMPIC BLVD,S SERRANO AVE
-118.352551,34.0673218,158559,6154071,2013,3/12/2014 0:00,1942,7/18/2013,730,40235,,4,5,7,1942,0,0,0,,0,,FULLER AV,BURNSIDE,10,N,N,A,-,N,,,,,,,,,,N,4,0,1,2,A,-,12,22450,A,N,B,G,A,A,H,-,A,A,0,,Y,,,Y,,-,-,0,0,1,0,0,0,1,0,0,-,-,,,900,7,LOS ANGELES,LOS ANGELES,CA,-118.352551,34.0673218,"S FULLER AVE & S BURNSIDE AVE, LOS ANGELES, CA, 90036",S FULLER AVE,S BURNSIDE AVE
-118.2991119,34.0120773,157907,6144393,2013,3/11/2014 0:00,1942,7/19/2013,1910,40515,377,5,5,7,1942,0,0,0,C,0,18T23,BROWNING BL,NORMANDIE,328,E,N,A,-,N,,,,,,,,,,N,2,0,1,2,A,-,-,,,N,H,G,A,A,H,-,A,D,0,,Y,,,Y,,L,4,1,0,0,0,0,0,1,0,0,-,-,,,2100,7,LOS ANGELES,LOS ANGELES,CA,-118.2991119,34.0120773,"BROWNING BLVD & S NORMANDIE AVE, LOS ANGELES, CA, 90037",BROWNING BLVD,S NORMANDIE AVE
-118.2791726,34.0911865,157933,6145503,2013,3/14/2014 0:00,1942,7/19/2013,850,38365,213,5,5,7,1942,0,0,0,B,0,2TL15,SUNSET BL,LUCILE AV,145,W,N,A,-,N,,,,,,,,,,N,3,0,1,2,A,-,17,22517,,N,B,G,A,A,H,-,A,A,0,,Y,,Y,Y,,F,26,0,1,0,0,0,0,1,0,0,-,-,,,900,7,LOS ANGELES,LOS ANGELES,CA,-118.2791726,34.0911865,"W SUNSET BLVD & LUCILE AVE, LOS ANGELES, CA, 90026",W SUNSET BLVD,LUCILE AVE