X,Y,FID,CASE_ID,ACCIDENT_YEAR,PROCDATE,JURIS,COLLISION_DATE,COLLISION_TIME,OFFICER_ID,REPORTING_DISTRICT,DAY_OF_WEEK,SHIFT,POPULATION,CNTY_CITY_LOC,SPECIAL_COND,BEAT_TYPE,CHP_BEAT_TYPE,CITY_DIVISION_LAPD,CHP_BEAT_CLASS,BEATNUMB,PRIMARY_RD,SECONDARY_RD,DISTANCE,DIRECTION,INTERSECTION,WEATHER_1,WEATHER_2,STATE_HWY_IND,CALTRANS_COUNTY,CALTRANS_DISTRICT,STATE_ROUTE,ROUTE_SUFFIX,POSTMILE_PREFIX,POSTMILE,LOCATION_TYPE,RAMP_INTERSECTION,SIDE_OF_HWY,TOW_AWAY,COLLISION_SEVERITY,NUMBER_KILLED,NUMBER_INJURED,PARTY_COUNT,PRIMARY_COLL_FACTOR,PCF_CODE_VIOL,PCF_VIOL_CATEGORY,PCF_VIOLATION,PCF_VIOL_SUBSECTION,HIT_AND_RUN,TYPE_OF_COLLISION,MVIW,PED_ACTION,ROAD_SURFACE,ROAD_COND_1,ROAD_COND_2,LIGHTING,CONTROL_DEVICE,CHP_ROAD_TYPE,PEDESTRIAN_ACCIDENT,BICYCLE_ACCIDENT,MOTORCYCLE_ACCIDENT,TRUCK_ACCIDENT,NOT_PRIVATE_PROPERTY,ALCOHOL_INVOLVED,STWD_VEHTYPE_AT_FAULT,CHP_VEHTYPE_AT_FAULT,COUNT_SEVERE_INJ,COUNT_VISIBLE_INJ,COUNT_COMPLAIN_PAIN,COUNT_PED_KILLED,COUNT_PED_INJURED,COUNT_BICYCLIST_KILLED,COUNT_BICYCLIST_INJURED,COUNT_MC_KILLED,COUNT_MC_INJURED,PRIMARY_RAMP,SECONDARY_RAMP,LATITUDE,LONGITUDE,TIMECAT,MONTH_,CITY,COUNTY,STATE,POINT_X,POINT_Y,Match_addr,m_primaryrd,m_secondrd
-118.4060318,34.0211525,163319,6213168,2013,4/11/2014 0:00,1942,9/9/2013,1900,40102,1406,1,5,7,1942,0,0,0,N,0,14T47,MENTONE AV,VENICE BL,537,N,N,A,-,N,,,,,,,,,,N,3,0,1,2,A,-,21,22106,,N,H,G,A,A,H,-,C,D,0,,Y,,,Y,,-,99,0,1,0,0,0,0,1,0,0,-,-,,,2100,9,LOS ANGELES,LOS ANGELES,CA,-118.4060318,34.0211525,"MENTONE AVE & VENICE BLVD, LOS ANGELES, CA, 90034",MENTONE AVE,VENICE BLVD
-118.2830381,33.9964828,163429,6214800,2013,4/14/2014 0:00,1942,9/9/2013,1900,41037,1209,1,5,7,1942,0,0,0,L,0,12A69,W 51ST ST,S FIGUEROA ST,99,W,N,A,-,N,,,,,,,,,,N,4,0,1,2,A,-,8,22107,,N,D,G,A,A,H,-,C,D,0,,Y,,,Y,,A,7,0,0,1,0,0,0,1,0,0,-,-,,,2100,9,LOS ANGELES,LOS ANGELES,CA,-118.2830381,33.9964828,"W 51ST ST & S FIGUEROA ST, LOS ANGELES, CA, 90037",W 51ST ST,S FIGUEROA ST
-118.2683668,34.0326462,163492,6215952,2013,4/10/2014 0:00,1942,9/9/2013,1430,33977,192,1,5,7,1942,0,0,0,A,0,1T24,GRAND AV,WASHINGTON BL,3,S,N,A,-,N,,,,,,,,,,N,4,0,1,2,A,-,5,21202,A,N,A,G,A,A,H,-,A,D,0,,Y,,,Y,,L,4,0,0,1,0,0,0,1,0,0,-,-,,,1500,9,LOS ANGELES,LOS ANGELES,CA,-118.2683668,34.0326462,"S GRAND AVE & W WASHINGTON BLVD, LOS ANGELES, CA, 90015",S GRAND AVE,W WASHINGTON BLVD
-118.259978,34.0699768,163530,6216029,2013,4/9/2014 0:00,1942,9/9/2013,1620,39889,218,1,5,7,1942,0,0,0,B,0,4TL6,BELLEVUE AV,ECHO PARK AV,120,W,N,A,-,N,,,,,,,,,,N,4,0,1,2,A,-,3,22350,,N,H,G,A,A,H,-,A,A,0,,Y,,,Y,,A,7,0,0,1,0,0,0,1,0,0,-,-,,,1800,9,LOS ANGELES,LOS ANGELES,CA,-118.259978,34.0699768,"BELLEVUE AVE & ECHO PARK AVE, LOS ANGELES, CA, 90026",BELLEVUE AVE,ECHO PARK AVE
-118.2998225,34.0558434,163708,6217607,2013,4/11/2014 0:00,1942,9/9/2013,900,35439,2044,1,5,7,1942,0,0,0,,0,20A69,NORMANDIE,JAMES S WOOD,15,S,N,A,-,N,,,,,,,,,,N,4,0,1,2,A,-,9,21804,A,N,D,G,A,A,H,-,A,A,0,,Y,,,Y,,A,7,0,0,1,0,0,0,1,0,0,-,-,,,1200,9,LOS ANGELES,LOS ANGELES,CA,-118.2998225,34.0558434,"S NORMANDIE AVE & JAMES M WOOD BLVD, LOS ANGELES, CA, 90005",S NORMANDIE AVE,JAMES M WOOD BLVD
-118.27752,34.0257912,164644,6229600,2013,4/12/2014 0:00,1942,9/9/2013,1005,38688,328,1,5,7,1942,0,0,0,C,0,12T41,29TH ST,FIGUEROA ST,0,,Y,A,-,N,,,,,,,,,,N,4,0,1,2,A,-,12,22450,A,N,H,G,A,A,H,-,A,D,0,,Y,,,Y,,A,1,0,0,1,0,0,0,1,0,0,-,-,,,1200,9,LOS ANGELES,LOS ANGELES,CA,-118.27752,34.0257912,"W 29TH ST & S FIGUEROA ST, LOS ANGELES, CA, 90007",W 29TH ST,S FIGUEROA ST
-118.28563,34.0817604,165155,6237431,2013,4/11/2014 0:00,9590,9/9/2013,740,15120,,1,1,7,1942,1,4,S,,2,901,CLINTON ST,COMMONWEALTH AV,0,,Y,A,-,N,,,,,,,,,,N,4,0,1,2,A,-,9,21801,A,N,A,G,A,A,H,-,A,A,0,,Y,,,Y,,H,14,0,0,1,0,0,0,1,0,0,-,-,34.08182,118.28572,900,9,LOS ANGELES,LOS ANGELES,CA,-118.28563,34.0817604,"CLINTON ST & N COMMONWEALTH AVE, LOS ANGELES, CA, 90004",CLINTON ST,N COMMONWEALTH AVE
-118.4857344,34.2574196,162082,6197106,2013,4/4/2014 0:00,1942,9/10/2013,1945,40567,1758,2,5,7,1942,0,0,0,Q,0,16T25,DEVONSHIRE ST,WOODLEY AV,261,W,N,A,-,N,,,,,,,,,,N,3,0,1,2,A,-,5,21650,,N,D,G,A,A,H,-,C,D,0,,Y,,,Y,,L,4,0,1,0,0,0,0,1,0,0,-,-,,,2100,9,LOS ANGELES,LOS ANGELES,CA,-118.4857344,34.2574196,"DEVONSHIRE ST & WOODLEY AVE, LOS ANGELES, CA, 91344",DEVONSHIRE ST,WOODLEY AVE
-118.39654,34.2084694,162530,6202553,2013,4/4/2014 0:00,1942,9/10/2013,825,30825,1504,2,5,7,1942,0,0,0,O,0,15TL47,SATICOY ST,LAUREL CANYON BL,0,,Y,A,-,N,,,,,,,,,,N,3,0,1,2,A,-,5,21650,1,N,H,G,A,A,H,-,A,A,0,,Y,,,Y,,A,7,0,1,0,0,0,0,1,0,0,-,-,,,900,9,LOS ANGELES,LOS ANGELES,CA,-118.39654,34.2084694,"SATICOY ST & LAUREL CANYON BLVD, LOS ANGELES, CA, 91605",SATICOY ST,LAUREL CANYON BLVD
-118.2929321,34.0635757,163204,6212408,2013,4/7/2014 0:00,1942,9/10/2013,2045,37613,2027,2,5,7,1942,0,0,0,,0,20T59,NEW HAMPSHIRE BL,6TH ST,3,S,N,A,-,N,,,,,,,,,,N,4,0,1,2,A,-,5,21650,,N,D,G,A,A,H,-,C,A,0,,Y,,,Y,,L,4,0,0,1,0,0,0,1,0,0,-,-,,,2100,9,LOS ANGELES,LOS ANGELES,CA,-118.2929321,34.0635757,"S NEW HAMPSHIRE AVE & W 6TH ST, LOS ANGELES, CA, 90005",S NEW HAMPSHIRE AVE,W 6TH ST
-118.32484,34.0761986,163823,6218379,2013,4/12/2014 0:00,1942,9/10/2013,710,38897,724,2,5,7,1942,0,0,0,G,0,7TL23,BEVERLY AV,LUCERNE BL,0,,Y,B,-,N,,,,,,,,,,N,4,0,1,2,A,-,5,21650,1,N,D,G,A,A,H,-,A,A,0,,Y,,,Y,,L,4,0,0,1,0,0,0,1,0,0,-,-,,,900,9,LOS ANGELES,LOS ANGELES,CA,-118.32484,34.0761986,"BEVERLY BLVD & N LUCERNE BLVD, LOS ANGELES, CA, 90004",BEVERLY BLVD,N LUCERNE BLVD
-118.3055228,34.0472031,165486,6239716,2013,4/16/2014 0:00,1942,9/10/2013,1705,41102,2074,2,5,7,1942,0,0,0,,0,2063,PICO BL,HOBART,70,W,N,A,-,N,,,,,,,,,,N,3,0,1,2,A,-,8,22107,,N,G,G,A,A,H,-,A,A,0,,Y,,,Y,,L,4,0,1,0,0,0,0,1,0,0,-,-,,,1800,9,LOS ANGELES,LOS ANGELES,CA,-118.3055228,34.0472031,"W PICO BLVD & S HOBART BLVD, LOS ANGELES, CA, 90006",W PICO BLVD,S HOBART BLVD
,,162737,6207491,2013,4/12/2014 0:00,1942,9/11/2013,1720,37700,2088,3,5,7,1942,0,0,0,,0,OTL23,BECHARD AV,VENICE BL,93,S,N,A,-,N,,,,,,,,,,N,4,0,1,2,A,-,12,22450,,N,H,G,A,A,H,-,A,A,0,,Y,,,Y,,D,22,0,0,1,0,0,0,1,0,0,-,-,,,1800,9,LOS ANGELES,LOS ANGELES,CA,,,,,
-118.2739187,33.965065,162955,6209658,2013,4/11/2014 0:00,1942,9/11/2013,1420,37731,1268,3,5,7,1942,0,0,0,L,0,5TL25,82ND ST,MAIN ST,2,W,N,A,-,N,,,,,,,,,,N,4,0,1,2,A,-,5,21650,,N,D,G,A,A,H,-,A,A,0,,Y,,,Y,,A,1,0,0,1,0,0,0,1,0,0,-,-,,,1500,9,LOS ANGELES,LOS ANGELES,CA,-118.2739187,33.965065,"W 82ND ST & S MAIN ST, LOS ANGELES, CA, 90003",W 82ND ST,S MAIN ST
-118.437945,34.0402565,163367,6213257,2013,4/14/2014 0:00,1942,9/11/2013,610,41280,884,3,5,7,1942,0,0,0,,0,8A35,SEPULVEDA BL,OLYMPIC BL,18,N,N,A,-,N,,,,,,,,,,N,3,0,1,2,A,-,8,22107,,N,H,G,A,A,H,-,B,A,0,,Y,,,Y,,A,1,0,1,0,0,0,0,1,0,0,-,-,,,900,9,LOS ANGELES,LOS ANGELES,CA,-118.437945,34.0402565,"S SEPULVEDA BLVD & W OLYMPIC BLVD, LOS ANGELES, CA, 90025",S SEPULVEDA BLVD,W OLYMPIC BLVD
-118.3057345,34.0596848,163724,6217641,2013,4/12/2014 0:00,1942,9/11/2013,1315,24517,2033,3,5,7,1942,0,0,0,,0,7TL38,7TH ST,HOBART BL,113,W,N,A,-,N,,,,,,,,,,N,3,0,1,1,C,-,18,,,N,F,-,A,A,A,-,A,D,0,,Y,,,Y,,-,-,0,1,0,0,0,0,1,0,0,-,-,,,1500,9,LOS ANGELES,LOS ANGELES,CA,-118.3057345,34.0596848,"W 7TH ST & S HOBART BLVD, LOS ANGELES, CA, 90005",W 7TH ST,S HOBART BLVD
-118.3056,34.0950317,163779,6218275,2013,5/20/2014 0:00,1942,9/11/2013,1800,41290,669,3,5,7,1942,0,0,0,F,0,6X68,FOUNTAIN AV,HOBART BL,0,,Y,A,-,N,,,,,,,,,,N,3,0,1,2,A,-,9,21801,A,N,D,G,A,A,H,-,A,D,0,,Y,,,Y,,A,1,0,1,0,0,0,0,1,0,0,-,-,,,2100,9,LOS ANGELES,LOS ANGELES,CA,-118.3056,34.0950317,"FOUNTAIN AVE & N HOBART BLVD, LOS ANGELES, CA, 90029",FOUNTAIN AVE,N HOBART BLVD
-118.3965222,34.1687775,162579,6203068,2013,4/3/2014 0:00,1942,9/12/2013,900,40023,1543,4,5,7,1942,0,0,0,O,0,15A33,LAUREL CANYON BL,CHANDLER BL,150,N,N,A,-,N,,,,,,,,,,,4,0,1,2,D,-,0,,,N,B,G,A,A,H,-,A,D,0,,Y,,,Y,,-,-,0,0,1,0,0,0,1,0,0,-,-,,,1200,9,LOS ANGELES,LOS ANGELES,CA,-118.3965222,34.1687775,"LAUREL CANYON BLVD & CHANDLER BLVD, LOS ANGELES, CA, 91607",LAUREL CANYON BLVD,CHANDLER BLVD
-118.19639,34.0467682,162889,6209281,2013,4/19/2014 0:00,1942,9/12/2013,2035,33589,459,4,5,7,1942,0,0,0,,0,459,BLADES ST,WINTER ST,0,,Y,A,-,N,,,,,,,,,,N,3,0,1,2,A,-,12,22450,A,N,B,G,A,A,-,-,C,A,0,,Y,,,Y,,-,-,0,1,0,0,0,0,1,0,0,-,-,,,2100,9,LOS ANGELES,LOS ANGELES,CA,-118.19639,34.0467682,"BLADES ST & WINTER ST, LOS ANGELES, CA, 90063",BLADES ST,WINTER ST
-118.2978621,34.0835724,162899,6209309,2013,4/8/2014 0:00,1942,9/12/2013,1705,38357,211,4,5,7,1942,0,0,0,B,0,11TL32,N ALEXANDRIA AV,MELROSE AV,3,N,N,A,-,N,,,,,,,,,,N,4,0,1,2,A,-,5,21650,1,N,D,G,A,A,H,-,A,D,0,,Y,,,Y,,L,4,0,0,1,0,0,0,1,0,0,-,-,,,1800,9,LOS ANGELES,LOS ANGELES,CA,-118.2978621,34.0835724,"N ALEXANDRIA AVE & MELROSE AVE, LOS ANGELES, CA, 90029",N ALEXANDRIA AVE,MELROSE AVE
-118.2748693,34.0854797,162903,6209317,2013,4/19/2014 0:00,1942,9/12/2013,1850,40606,205,4,5,7,1942,0,0,0,B,0,2V2,SUNSET BL,DESCANSO,30,W,N,A,-,N,,,,,,,,,,N,4,0,1,2,A,-,-,,,N,-,G,A,A,B,H,B,D,0,,Y,,,Y,,-,-,0,0,1,0,0,0,1,0,0,-,-,,,2100,9,LOS ANGELES,LOS ANGELES,CA,-118.2748693,34.0854797,"W SUNSET BLVD & DESCANSO DR, LOS ANGELES, CA, 90026",W SUNSET BLVD,DESCANSO DR
-118.3036697,33.9982338,163914,6219412,2013,4/9/2014 0:00,1942,9/12/2013,1920,34981,1203,4,5,7,1942,0,0,0,L,0,12A51,50TH ST,DALTON AV,60,W,N,A,-,N,,,,,,,,,,N,3,0,1,2,A,-,3,22350,,F,-,B,A,A,H,-,B,D,0,,Y,,,Y,,-,99,0,1,0,0,0,0,1,0,0,-,-,,,2100,9,LOS ANGELES,LOS ANGELES,CA,-118.3036697,33.9982338,"W 50TH ST & DALTON AVE, LOS ANGELES, CA, 90062",W 50TH ST,DALTON AVE
-118.26902,34.1334,164035,6221029,2013,4/12/2014 0:00,1942,9/12/2013,1810,36238,1102,4,5,7,1942,0,0,0,K,0,13TL22,CHEVY CHASE DR,BRUNSWICK AV,0,,Y,A,-,N,,,,,,,,,,N,2,0,1,2,A,-,9,21801,A,N,D,G,A,A,H,-,A,A,0,,Y,,,Y,,A,7,1,0,0,0,0,0,1,0,0,-,-,,,2100,9,LOS ANGELES,LOS ANGELES,CA,-118.26902,34.1334,"CHEVY CHASE DR & BRUNSWICK AVE, LOS ANGELES, CA, 90039",CHEVY CHASE DR,BRUNSWICK AVE
-118.3463306,34.0623055,164138,6223233,2013,4/8/2014 0:00,1942,9/12/2013,1420,39624,735,4,5,7,1942,0,0,0,G,0,14TL49,WILSHIRE BL,CLOVERDALE AV,42,W,N,A,-,N,,,,,,,,,,N,3,0,1,2,C,-,18,,,N,E,G,A,A,H,-,A,A,0,,Y,,,Y,,-,-,0,1,0,0,0,0,1,0,0,-,-,,,1500,9,LOS ANGELES,LOS ANGELES,CA,-118.3463306,34.0623055,"WILSHIRE BLVD & S CLOVERDALE AVE, LOS ANGELES, CA, 90036",WILSHIRE BLVD,S CLOVERDALE AVE
-118.3176821,34.0307655,165715,6245606,2013,4/14/2014 0:00,1942,9/12/2013,1530,38688,314,4,5,7,1942,0,0,0,C,0,12T41,ARLINGTON AV,27TH ST,51,N,N,A,-,N,,,,,,,,,,N,2,0,1,2,A,-,3,22350,,F,H,G,A,A,H,-,A,D,0,,Y,,,Y,,-,99,1,0,0,0,0,0,1,0,0,-,-,,,1800,9,LOS ANGELES,LOS ANGELES,CA,-118.3176821,34.0307655,"ARLINGTON AVE & W 27TH ST, LOS ANGELES, CA, 90018",ARLINGTON AVE,W 27TH ST
-118.2917019,34.0762825,162913,6209337,2013,4/8/2014 0:00,1942,9/13/2013,1240,39349,221,5,5,7,1942,0,0,0,B,0,13TL53,N VERMONT AV,BEVERLY BL,16,S,N,A,-,N,,,,,,,,,,N,3,0,1,2,A,-,3,22350,,N,D,G,A,A,H,-,A,A,0,,Y,,,Y,,L,4,0,1,0,0,0,0,1,0,0,-,-,,,1500,9,LOS ANGELES,LOS ANGELES,CA,-118.2917019,34.0762825,"N VERMONT AVE & BEVERLY BLVD, LOS ANGELES, CA, 90004",N VERMONT AVE,BEVERLY BLVD
-118.27337,34.0829391,162916,6209341,2013,4/8/2014 0:00,1942,9/13/2013,250,30083,205,5,5,7,1942,0,0,0,B,0,11T21,SUNSET BL,PARKMAN AV,0,,Y,A,-,N,,,,,,,,,,N,3,0,1,2,A,-,3,22350,,F,C,G,A,A,H,-,C,D,0,,Y,,,Y,,-,99,0,1,0,0,0,0,1,0,0,-,-,,,300,9,LOS ANGELES,LOS ANGELES,CA,-118.27337,34.0829391,"W SUNSET BLVD & PARKMAN AVE, LOS ANGELES, CA, 90026",W SUNSET BLVD,PARKMAN AVE
-118.4998111,34.1589317,163318,6213167,2013,4/11/2014 0:00,1942,9/13/2013,1445,40341,1088,5,5,7,1942,0,0,0,J,0,10X4,VENTURA BL,PARK ENCINO LN,125,W,N,A,-,N,,,,,,,,,,N,3,0,1,2,A,-,5,21650,1,N,H,G,A,A,H,-,A,D,0,,Y,,,Y,,L,4,0,1,0,0,0,0,1,0,0,-,-,,,1500,9,LOS ANGELES,LOS ANGELES,CA,-118.4998111,34.1589317,"VENTURA BLVD & PARK ENCINO LN, LOS ANGELES, CA, 91436",VENTURA BLVD,PARK ENCINO LN
,,163326,6213183,2013,4/11/2014 0:00,1942,9/13/2013,800,39493,2158,5,5,7,1942,0,0,0,,0,21AQ97,EWING ST,CANOGA AV,0,,Y,A,-,N,,,,,,,,,,N,4,0,1,2,A,-,5,21650,1,N,H,G,A,A,H,-,A,A,0,,Y,,,Y,,L,4,0,0,1,0,0,0,1,0,0,-,-,,,900,9,LOS ANGELES,LOS ANGELES,CA,,,,,
-118.3743501,33.9453773,163684,6217527,2013,4/12/2014 0:00,1942,9/13/2013,1540,31255,1497,5,5,7,1942,0,0,0,N,0,14TL52,CENTURY BL,CONCOURSE WY,199,E,N,A,-,N,,,,,,,,,,N,2,0,1,2,A,-,8,22107,,N,D,G,A,A,H,-,A,D,0,,Y,,,Y,,L,4,1,0,0,0,0,0,1,0,0,-,-,,,1800,9,LOS ANGELES,LOS ANGELES,CA,-118.3743501,33.9453773,"W CENTURY BLVD & CONCOURSE WAY, LOS ANGELES, CA",W CENTURY BLVD,CONCOURSE WAY
-118.4902122,34.1938782,163776,6218270,2013,4/14/2014 0:00,1942,9/13/2013,2010,27792,1008,5,5,7,1942,0,0,0,J,0,10T35,ODESSA AV,VANOWEN ST,6,S,N,A,-,N,,,,,,,,,,N,4,0,1,2,D,-,0,,,N,D,G,A,A,H,-,D,D,0,,Y,,,Y,,-,-,0,0,1,0,0,0,1,0,0,-,-,,,2100,9,LOS ANGELES,LOS ANGELES,CA,-118.4902122,34.1938782,"ODESSA AVE & VANOWEN ST, LOS ANGELES, CA, 91406",ODESSA AVE,VANOWEN ST
-118.26517,33.9455986,163848,6218675,2013,4/19/2014 0:00,1942,9/13/2013,810,41328,1834,5,5,7,1942,0,0,0,R,0,1.80E+16,CENTURY BL,AVALON BL,0,,Y,A,-,N,,,,,,,,,,N,4,0,1,2,A,-,8,22107,,F,D,G,A,A,H,-,A,A,0,,Y,,,Y,,-,99,0,0,1,0,0,0,1,0,0,-,-,,,900,9,LOS ANGELES,LOS ANGELES,CA,-118.26517,33.9455986,"E CENTURY BLVD & AVALON BLVD, LOS ANGELES, CA, 90002",E CENTURY BLVD,AVALON BLVD
-118.4554294,34.0599785,171534,6324310,2013,4/22/2014 0:00,1942,9/13/2013,1910,41330,9999,5,5,7,1942,0,0,0,,0,8A14,CONSTITUTION AV,SEPULVEDA BL,90,W,N,A,-,N,,,,,,,,,,N,4,0,1,2,A,-,6,21750,,N,H,G,A,A,H,-,B,D,0,,Y,,,Y,,A,1,0,0,1,0,0,0,1,0,0,-,-,,,2100,9,LOS ANGELES,LOS ANGELES,CA,-118.4554294,34.0599785,"CONSTITUTION AVE & S SEPULVEDA BLVD, LOS ANGELES, CA, 90049",CONSTITUTION AVE,S SEPULVEDA BLVD
-118.228121,34.0553551,138428,5911317,2013,1/13/2015 0:00,1942,9/14/2013,245,25115,119,6,5,7,1942,0,0,0,A,0,11T21,CESAR E CHAVEZ AV,MISSION RD,793,W,N,A,-,N,,,,,,,,,,Y,1,1,2,4,A,-,1,23152,A,F,H,G,A,A,H,-,C,D,0,,Y,,,Y,Y,A,1,0,1,1,0,0,1,2,0,0,-,-,,,300,9,LOS ANGELES,LOS ANGELES,CA,-118.228121,34.0553551,"E CESAR E CHAVEZ AVE & N MISSION RD, LOS ANGELES, CA, 90031",E CESAR E CHAVEZ AVE,N MISSION RD
-118.430592,34.193943,163104,6211337,2013,4/3/2014 0:00,1942,9/14/2013,1235,30825,919,6,5,7,1942,0,0,0,I,0,15TL47,VANOWEN ST,WOODMAN AV,200,E,N,A,-,N,,,,,,,,,,N,4,0,1,2,B,-,22,,,N,H,G,A,A,H,-,A,D,0,,Y,,,Y,,A,1,0,0,1,0,0,0,1,0,0,-,-,,,1500,9,LOS ANGELES,LOS ANGELES,CA,-118.430592,34.193943,"VANOWEN ST & WOODMAN AVE, LOS ANGELES, CA, 91405",VANOWEN ST,WOODMAN AVE
-118.56231,34.2203217,163484,6215938,2013,4/8/2014 0:00,1942,9/14/2013,1700,37404,1792,6,5,7,1942,0,0,0,Q,0,,ROSCOE BL,CORBIN AV,0,,Y,A,-,N,,,,,,,,,,N,3,0,1,2,A,-,-,,,F,D,G,A,A,H,-,A,A,0,,Y,,,Y,,-,99,0,1,0,0,0,0,1,0,0,-,-,,,1800,9,LOS ANGELES,LOS ANGELES,CA,-118.56231,34.2203217,"ROSCOE BLVD & CORBIN AVE, LOS ANGELES, CA, 91306",ROSCOE BLVD,CORBIN AVE
-118.3090856,34.0580444,163701,6217598,2013,4/11/2014 0:00,1942,9/14/2013,1250,37903,2033,6,5,7,1942,0,0,0,,0,20TL58,8TH ST,WESTERN AV,2,E,N,A,-,N,,,,,,,,,,N,4,0,1,3,A,-,12,21453,A,N,D,G,A,A,H,-,A,A,0,,Y,,,Y,,-,99,0,0,1,0,0,0,1,0,0,-,-,,,1500,9,LOS ANGELES,LOS ANGELES,CA,-118.3090856,34.0580444,"W 8TH ST & S WESTERN AVE, LOS ANGELES, CA, 90005",W 8TH ST,S WESTERN AVE
-118.26515,33.9446602,163854,6218707,2013,4/19/2014 0:00,1942,9/14/2013,1025,39254,1823,6,5,7,1942,0,0,0,R,0,18A1,101ST ST,AVALON BL,0,,Y,A,-,N,,,,,,,,,,Y,3,0,1,2,A,-,5,21650,1,N,G,G,A,A,H,-,A,A,0,,Y,,,Y,,L,4,0,1,0,0,0,0,1,0,0,-,-,,,1200,9,LOS ANGELES,LOS ANGELES,CA,-118.26515,33.9446602,"E 101ST ST & AVALON BLVD, LOS ANGELES, CA, 90003",E 101ST ST,AVALON BLVD
-118.2510986,34.0458183,164952,6235543,2013,4/15/2014 0:00,1942,9/14/2013,2140,36814,164,6,5,7,1942,0,0,0,A,0,1T11,SPRING ST,6TH ST,60,S,N,A,-,N,,,,,,,,,,N,4,0,1,2,A,-,7,21658,A,N,C,G,A,A,H,-,C,D,0,,Y,,,Y,,A,1,0,0,1,0,0,0,1,0,0,-,-,,,2400,9,LOS ANGELES,LOS ANGELES,CA,-118.2510986,34.0458183,"S SPRING ST & W 6TH ST, LOS ANGELES, CA, 90013",S SPRING ST,W 6TH ST
-118.4081012,34.0181808,165461,6239681,2013,4/15/2014 0:00,1942,9/14/2013,1105,36083,1438,6,5,7,1942,0,0,0,N,0,7TL23,VENICE BL,SELBY AV,30,E,N,A,-,N,,,,,,,,,,N,3,0,1,2,A,-,17,22517,,N,B,G,A,A,H,-,A,A,0,,Y,,,Y,,A,7,0,1,0,0,0,0,1,0,0,-,-,,,1200,9,LOS ANGELES,LOS ANGELES,CA,-118.4081012,34.0181808,"VENICE BLVD & SELBY AVE, LOS ANGELES, CA, 90034",VENICE BLVD,SELBY AVE
-118.27766,33.7913208,165727,6245642,2013,5/1/2014 0:00,1942,9/14/2013,1330,40700,514,6,5,7,1942,0,0,0,E,0,5T21,FRIGATE AV,CRUCES ST,0,,Y,A,-,N,,,,,,,,,,N,3,0,1,2,A,-,5,21650,1,N,H,G,A,A,H,-,A,A,0,,Y,,,Y,,L,4,0,1,0,0,0,0,1,0,0,-,-,,,1500,9,LOS ANGELES,LOS ANGELES,CA,-118.27766,33.7913208,"FRIGATE AVE & W CRUCES ST, LOS ANGELES, CA, 90744",FRIGATE AVE,W CRUCES ST
,,162577,6203060,2013,4/3/2014 0:00,1942,9/15/2013,1830,40639,1937,7,5,7,1942,0,0,0,,0,21T65,WAKEFIELD AV,CHASE ST,72,,N,A,-,N,,,,,,,,,,N,3,0,1,2,A,-,9,21804,A,N,D,G,A,A,H,-,A,D,0,,Y,,,Y,,L,4,0,1,0,0,0,0,1,0,0,-,-,,,2100,9,LOS ANGELES,LOS ANGELES,CA,,,,,
,,162584,6203092,2013,4/3/2014 0:00,1942,9/15/2013,1320,38603,1015,7,5,7,1942,0,0,0,J,0,17TL12,ALLEY,SATICOY ST,45,N,N,A,-,N,,,,,,,,,,N,3,0,1,2,A,-,5,21650,1,N,D,G,A,A,H,-,A,D,0,,Y,,,Y,,L,4,0,1,0,0,0,0,1,0,0,-,-,,,1500,9,LOS ANGELES,LOS ANGELES,CA,,,,,
-118.4746677,33.9941444,163696,6217586,2013,4/11/2014 0:00,1942,9/15/2013,1330,36027,1413,7,5,7,1942,0,0,0,N,0,20L59,HAMPTON DR,VERNON AV,65,S,N,A,-,N,,,,,,,,,,N,4,0,1,2,D,-,0,,,N,B,G,A,A,H,-,A,D,0,,Y,,,Y,,-,-,0,0,1,0,0,0,1,0,0,-,-,,,1500,9,LOS ANGELES,LOS ANGELES,CA,-118.4746677,33.9941444,"HAMPTON DR & VERNON AVE, LOS ANGELES, CA, 90291",HAMPTON DR,VERNON AVE
-118.2151811,34.050087,164021,6221015,2013,4/12/2014 0:00,1942,9/15/2013,1925,37611,453,7,5,7,1942,0,0,0,D,0,2TL28,STATE ST,CESAR E CHAVEZ AV,13,N,N,A,-,N,,,,,,,,,,,4,0,1,2,A,-,5,21202,A,N,D,G,A,A,H,-,C,A,0,,Y,,,Y,,L,4,0,0,1,0,0,0,1,0,0,-,-,,,2100,9,LOS ANGELES,LOS ANGELES,CA,-118.2151811,34.050087,"N STATE ST & E CESAR E CHAVEZ AVE, LOS ANGELES, CA, 90033",N STATE ST,E CESAR E CHAVEZ AVE
-118.213714,34.1294441,164039,6221033,2013,4/12/2014 0:00,1942,9/15/2013,2045,39130,1117,7,5,7,1942,0,0,0,K,0,11A17,CAMPUS RD,WESTDALE AV,75,E,N,A,-,N,,,,,,,,,,N,3,0,1,2,A,-,3,22350,,N,C,G,A,A,H,-,C,-,0,,Y,,,Y,,L,4,0,1,0,0,0,0,1,0,0,-,-,,,2100,9,LOS ANGELES,LOS ANGELES,CA,-118.213714,34.1294441,"CAMPUS RD & WESTDALE AVE, LOS ANGELES, CA, 90041",CAMPUS RD,WESTDALE AVE