X,Y,FID,CASE_ID,ACCIDENT_YEAR,PROCDATE,JURIS,COLLISION_DATE,COLLISION_TIME,OFFICER_ID,REPORTING_DISTRICT,DAY_OF_WEEK,SHIFT,POPULATION,CNTY_CITY_LOC,SPECIAL_COND,BEAT_TYPE,CHP_BEAT_TYPE,CITY_DIVISION_LAPD,CHP_BEAT_CLASS,BEATNUMB,PRIMARY_RD,SECONDARY_RD,DISTANCE,DIRECTION,INTERSECTION,WEATHER_1,WEATHER_2,STATE_HWY_IND,CALTRANS_COUNTY,CALTRANS_DISTRICT,STATE_ROUTE,ROUTE_SUFFIX,POSTMILE_PREFIX,POSTMILE,LOCATION_TYPE,RAMP_INTERSECTION,SIDE_OF_HWY,TOW_AWAY,COLLISION_SEVERITY,NUMBER_KILLED,NUMBER_INJURED,PARTY_COUNT,PRIMARY_COLL_FACTOR,PCF_CODE_VIOL,PCF_VIOL_CATEGORY,PCF_VIOLATION,PCF_VIOL_SUBSECTION,HIT_AND_RUN,TYPE_OF_COLLISION,MVIW,PED_ACTION,ROAD_SURFACE,ROAD_COND_1,ROAD_COND_2,LIGHTING,CONTROL_DEVICE,CHP_ROAD_TYPE,PEDESTRIAN_ACCIDENT,BICYCLE_ACCIDENT,MOTORCYCLE_ACCIDENT,TRUCK_ACCIDENT,NOT_PRIVATE_PROPERTY,ALCOHOL_INVOLVED,STWD_VEHTYPE_AT_FAULT,CHP_VEHTYPE_AT_FAULT,COUNT_SEVERE_INJ,COUNT_VISIBLE_INJ,COUNT_COMPLAIN_PAIN,COUNT_PED_KILLED,COUNT_PED_INJURED,COUNT_BICYCLIST_KILLED,COUNT_BICYCLIST_INJURED,COUNT_MC_KILLED,COUNT_MC_INJURED,PRIMARY_RAMP,SECONDARY_RAMP,LATITUDE,LONGITUDE,TIMECAT,MONTH_,CITY,COUNTY,STATE,POINT_X,POINT_Y,Match_addr,m_primaryrd,m_secondrd
-118.2826221,33.9410286,171234,6319950,2013,5/28/2014 0:00,1942,12/6/2013,1200,40059,1842,5,5,7,1942,0,0,0,R,0,12TL41,FIGUEROA ST,105TH ST,100,N,N,A,-,N,,,,,,,,,,N,4,0,1,2,A,-,3,22350,,F,C,G,A,A,H,-,A,D,0,,Y,,,Y,,-,99,0,0,1,0,0,0,1,0,0,-,-,,,1500,12,LOS ANGELES,LOS ANGELES,CA,-118.2826221,33.9410286,"S FIGUEROA ST & W 105TH ST, LOS ANGELES, CA, 90003",S FIGUEROA ST,W 105TH ST
-118.45098,34.2011414,169402,6295706,2013,5/20/2014 0:00,1942,12/7/2013,1805,38857,915,6,5,7,1942,0,0,0,I,0,16T23,SHERMAN WY,SHERMAN CIR,0,,Y,B,-,N,,,,,,,,,,N,4,0,1,2,A,-,5,21650,1,F,D,G,A,A,H,-,C,A,0,,Y,,,Y,,L,4,0,0,1,0,0,0,1,0,0,-,-,,,2100,12,LOS ANGELES,LOS ANGELES,CA,-118.45098,34.2011414,"SHERMAN WAY & SHERMAN CIR, LOS ANGELES, CA, 91405",SHERMAN WAY,SHERMAN CIR
-118.39652,34.1921196,169940,6303904,2013,5/27/2014 0:00,1942,12/7/2013,1250,39473,1503,6,5,7,1942,0,0,0,O,0,17T44,ARCHWOOD ST,LAUREL CANYON BL,0,,Y,B,-,N,,,,,,,,,,N,4,0,1,2,A,-,5,21650,,N,D,G,A,B,H,-,A,A,0,,Y,,,Y,,L,4,0,0,1,0,0,0,1,0,0,-,-,,,1500,12,LOS ANGELES,LOS ANGELES,CA,-118.39652,34.1921196,"ARCHWOOD ST & LAUREL CANYON BLVD, LOS ANGELES, CA, 91606",ARCHWOOD ST,LAUREL CANYON BLVD
-118.2915521,34.0003471,170651,6313625,2013,5/23/2014 0:00,1942,12/7/2013,1205,39177,1207,6,5,7,1942,0,0,0,L,0,3TL5,VERMONT AV,47TH ST,69,S,N,B,-,N,,,,,,,,,,Y,3,0,1,2,A,-,5,21650,1,N,A,G,A,B,H,-,A,D,0,,Y,,,Y,,L,4,0,1,0,0,0,0,1,0,0,-,-,,,1500,12,LOS ANGELES,LOS ANGELES,CA,-118.2915521,34.0003471,"S VERMONT AVE & W 47TH ST, LOS ANGELES, CA, 90037",S VERMONT AVE,W 47TH ST
-118.2499577,34.050766,169646,6299065,2013,6/4/2014 0:00,1942,12/8/2013,135,30083,134,7,5,7,1942,0,0,0,A,0,11T21,HILL ST,4TH ST,250,N,N,A,-,N,,,,,,,,,,N,3,0,1,2,A,-,8,22107,,N,B,E,A,A,H,-,C,D,0,,Y,,,Y,,L,4,0,1,0,0,0,0,1,0,0,-,-,,,300,12,LOS ANGELES,LOS ANGELES,CA,-118.2499577,34.050766,"S HILL ST & W 4TH ST, LOS ANGELES, CA, 90013",S HILL ST,W 4TH ST
-118.3044733,34.0037155,173384,6394803,2013,5/30/2014 0:00,1942,12/8/2013,1410,39678,395,7,5,7,1942,0,0,0,C,0,3A99,VERNON AV,DENKER AV,30,E,N,A,-,N,,,,,,,,,,N,3,0,1,2,A,-,17,22517,,N,H,G,A,A,H,-,A,D,0,,Y,,,Y,,A,1,0,1,0,0,0,0,1,0,0,-,-,,,1500,12,LOS ANGELES,LOS ANGELES,CA,-118.3044733,34.0037155,"W VERNON AVE & DENKER AVE, LOS ANGELES, CA, 90062",W VERNON AVE,DENKER AVE
-118.44531,34.2426414,170789,6314995,2013,5/22/2014 0:00,1942,12/9/2013,1745,40735,1963,1,5,7,1942,0,0,0,,0,21TL62,WOODMAN AV,PLUMMER ST,0,,Y,A,G,N,,,,,,,,,,N,3,0,1,2,A,-,8,22107,,F,H,G,A,A,H,-,C,A,0,,Y,,,Y,,-,99,0,1,0,0,0,0,1,0,0,-,-,,,1800,12,LOS ANGELES,LOS ANGELES,CA,-118.44531,34.2426414,"WOODMAN AVE & PLUMMER ST, LOS ANGELES, CA, 91331",WOODMAN AVE,PLUMMER ST
-118.2842321,34.0467529,171004,6318830,2013,6/2/2014 0:00,1942,12/9/2013,745,31000,2079,1,5,7,1942,0,0,0,,0,7TL23,HOOVER ST,PICO BL,190,S,N,A,-,N,,,,,,,,,,N,4,0,1,2,A,-,9,21804,A,N,H,G,A,A,H,-,A,D,0,,Y,,,Y,,A,1,0,0,1,0,0,0,1,0,0,-,-,,,900,12,LOS ANGELES,LOS ANGELES,CA,-118.2842321,34.0467529,"S HOOVER ST & W PICO BLVD, LOS ANGELES, CA, 90006",S HOOVER ST,W PICO BLVD
-118.4680384,34.0574646,171620,6325479,2013,5/30/2014 0:00,1942,12/10/2013,1840,39624,827,2,5,7,1942,0,0,0,H,0,8T35,BARRINGTON AV,TERRYHILL PL,76,S,N,A,-,N,,,,,,,,,,N,2,0,1,2,C,-,18,,,N,H,G,A,A,H,-,C,D,0,,Y,,,Y,,-,-,1,0,0,0,0,0,1,0,0,-,-,,,2100,12,LOS ANGELES,LOS ANGELES,CA,-118.4680384,34.0574646,"S BARRINGTON AVE & TERRYHILL PL, LOS ANGELES, CA, 90049",S BARRINGTON AVE,TERRYHILL PL
-118.5023,34.2611389,171659,6325550,2013,5/31/2014 0:00,1942,12/10/2013,1645,30825,1745,2,5,7,1942,0,0,0,Q,0,9TL54,BALBOA BL,SAN JOSE ST,0,,Y,A,-,N,,,,,,,,,,N,3,0,1,2,A,-,12,21453,A,N,-,G,A,A,H,-,A,A,0,,Y,,,Y,,A,1,0,1,0,0,0,0,1,0,0,-,-,,,1800,12,LOS ANGELES,LOS ANGELES,CA,-118.5023,34.2611389,"BALBOA BLVD & SAN JOSE ST, LOS ANGELES, CA, 91344",BALBOA BLVD,SAN JOSE ST
-118.29791,34.0617599,171768,6326550,2013,5/23/2014 0:00,1942,12/10/2013,1715,37167,2035,2,5,7,1942,0,0,0,,0,50A34,WILSHIRE BL,ALEXANDRIA AV,0,,Y,A,-,N,,,,,,,,,,N,4,0,1,2,A,-,9,21801,A,N,G,G,A,A,H,-,C,A,0,,Y,,,Y,,A,8,0,0,1,0,0,0,1,0,0,-,-,,,1800,12,LOS ANGELES,LOS ANGELES,CA,-118.29791,34.0617599,"WILSHIRE BLVD & S ALEXANDRIA AVE, LOS ANGELES, CA, 90010",WILSHIRE BLVD,S ALEXANDRIA AVE
-118.28711,33.9654999,169775,6300676,2013,5/20/2014 0:00,1942,12/11/2013,1745,36571,1266,3,5,7,1942,0,0,0,L,0,18TL39,81ST ST,HOOVER ST,0,,Y,A,-,N,,,,,,,,,,N,4,0,1,2,A,-,9,21802,A,N,D,G,A,-,-,-,C,A,0,,Y,,,Y,,L,4,0,0,1,0,0,0,1,0,0,-,-,,,1800,12,LOS ANGELES,LOS ANGELES,CA,-118.28711,33.9654999,"W 81ST ST & S HOOVER ST, LOS ANGELES, CA, 90044",W 81ST ST,S HOOVER ST
-118.29395,34.1548386,171141,6319292,2013,6/2/2014 0:00,1942,12/11/2013,1211,40004,1101,3,5,7,1942,0,0,0,K,0,11A1,ZOO DR,RIVERSIDE DR,0,,Y,A,-,N,,,,,,,,,,N,4,0,1,2,A,-,9,21802,A,N,D,G,A,A,H,-,A,A,0,,Y,,,Y,,A,1,0,0,1,0,0,0,1,0,0,-,-,,,1500,12,LOS ANGELES,LOS ANGELES,CA,-118.29395,34.1548386,"ZOO DR & RIVERSIDE DR, LOS ANGELES, CA, 90027",ZOO DR,RIVERSIDE DR
-118.2653183,34.0153465,171177,6319429,2013,5/30/2014 0:00,1942,12/11/2013,1750,37611,1343,3,5,7,1942,0,0,0,M,0,2T28,JEFFERSON BL,SAN PEDRO ST,12,W,N,A,-,N,,,,,,,,,,N,2,0,1,2,A,-,12,21453,A,N,D,G,A,A,H,-,C,A,0,,Y,,,Y,,L,4,1,0,0,0,0,0,1,0,0,-,-,,,1800,12,LOS ANGELES,LOS ANGELES,CA,-118.2653183,34.0153465,"E JEFFERSON BLVD & S SAN PEDRO ST, LOS ANGELES, CA, 90011",E JEFFERSON BLVD,S SAN PEDRO ST
-118.3720604,34.0525475,171635,6325506,2013,6/2/2014 0:00,1942,12/11/2013,815,37715,762,3,5,7,1942,0,0,0,G,0,14T49,PICO BL,CRESCENT HEIGHTS BL,13,E,N,A,-,N,,,,,,,,,,N,3,0,1,2,A,-,5,21650,1,N,D,G,A,A,H,-,A,A,0,,Y,,,Y,,L,4,0,1,0,0,0,0,1,0,0,-,-,,,900,12,LOS ANGELES,LOS ANGELES,CA,-118.3720604,34.0525475,"W PICO BLVD & S CRESCENT HEIGHTS BLVD, LOS ANGELES, CA, 90035",W PICO BLVD,S CRESCENT HEIGHTS BLVD
-118.5239641,34.2572517,171663,6325558,2013,5/31/2014 0:00,1942,12/11/2013,1615,26736,1756,3,5,7,1942,0,0,0,Q,0,35M27,DEVONSHIRE ST,ZELZAH AV,190,W,N,A,-,N,,,,,,,,,,Y,3,0,1,2,A,-,5,21650,,N,A,G,A,A,H,-,A,D,0,,Y,,,Y,,L,4,0,1,0,0,0,0,1,0,0,-,-,,,1800,12,LOS ANGELES,LOS ANGELES,CA,-118.5239641,34.2572517,"DEVONSHIRE ST & ZELZAH AVE, LOS ANGELES, CA, 91325",DEVONSHIRE ST,ZELZAH AVE
-118.287596,34.063694,172998,6361309,2013,5/27/2014 0:00,1942,12/11/2013,2340,36602,2029,3,5,7,1942,0,0,0,,0,20T59,6TH ST,VIRGIL AV,162,W,N,A,-,N,,,,,,,,,,N,4,0,1,2,A,-,5,21650,1,F,H,G,A,A,H,-,C,D,0,,Y,,,Y,,L,4,0,0,1,0,0,0,1,0,0,-,-,,,2400,12,LOS ANGELES,LOS ANGELES,CA,-118.287596,34.063694,"W 6TH ST & S VIRGIL AVE, LOS ANGELES, CA, 90010",W 6TH ST,S VIRGIL AVE
-118.4487408,34.1834869,170311,6309205,2013,5/29/2014 0:00,1942,12/12/2013,1545,36618,933,4,5,7,1942,0,0,0,,0,19TL72,VAN NUYS BL,ERWIN ST,50,S,N,A,-,N,,,,,,,,,,N,4,0,1,2,A,-,6,21750,,F,B,G,A,A,H,-,A,D,0,,Y,,,Y,,-,99,0,0,1,0,0,0,1,0,0,-,-,,,1800,12,LOS ANGELES,LOS ANGELES,CA,-118.4487408,34.1834869,"VAN NUYS BLVD & ERWIN ST, LOS ANGELES, CA, 91401",VAN NUYS BLVD,ERWIN ST
-118.309148,34.0846596,171042,6318877,2013,6/11/2014 0:00,1942,12/12/2013,1535,37966,678,4,5,7,1942,0,0,0,F,0,6TL2,WESTERN AV,MARATHON ST,60,N,N,A,-,N,,,,,,,,,,N,4,0,1,2,A,-,7,21658,A,N,H,G,A,A,H,-,A,D,0,,Y,,,Y,,-,-,0,0,1,0,0,0,1,0,0,-,-,,,1800,12,LOS ANGELES,LOS ANGELES,CA,-118.309148,34.0846596,"N WESTERN AVE & MARATHON ST, LOS ANGELES, CA, 90029",N WESTERN AVE,MARATHON ST
-118.2612281,34.0092049,171161,6319362,2013,5/30/2014 0:00,1942,12/12/2013,1540,40099,1344,4,5,7,1942,0,0,0,M,0,4TL4,41ST ST,MCKINLEY AV,17,W,N,A,-,N,,,,,,,,,,N,3,0,1,2,A,-,12,21453,A,F,H,G,A,A,H,-,A,A,0,,Y,,,Y,,-,99,0,1,0,0,0,0,1,0,0,-,-,,,1800,12,LOS ANGELES,LOS ANGELES,CA,-118.2612281,34.0092049,"E 41ST ST & MCKINLEY AVE, LOS ANGELES, CA, 90011",E 41ST ST,MCKINLEY AVE
-118.3160053,34.0255432,173231,6370617,2013,5/28/2014 0:00,1942,12/12/2013,1750,41047,RD033,4,5,7,1942,0,0,0,,0,3A32,JEFFERSON BL,ARLINGTON AV,500,E,N,A,-,N,,,,,,,,,,Y,3,0,1,2,A,-,8,22107,,N,H,G,A,A,H,-,C,D,0,,Y,,,Y,,L,4,0,1,0,0,0,0,1,0,0,-,-,,,1800,12,LOS ANGELES,LOS ANGELES,CA,-118.3160053,34.0255432,"W JEFFERSON BLVD & ARLINGTON AVE, LOS ANGELES, CA, 90018",W JEFFERSON BLVD,ARLINGTON AVE
-118.32009,34.043541,173400,6394870,2013,5/28/2014 0:00,1942,12/12/2013,1555,31670,779,4,5,7,1942,0,0,0,G,0,7A69,3RD AV,VENICE BL,0,,Y,A,-,N,,,,,,,,,,N,4,0,1,2,A,-,5,21650,1,N,H,G,A,A,-,-,A,D,0,,Y,,,Y,,L,4,0,0,1,0,0,0,1,0,0,-,-,,,1800,12,LOS ANGELES,LOS ANGELES,CA,-118.32009,34.043541,"3RD AVE & VENICE BLVD, LOS ANGELES, CA, 90019",3RD AVE,VENICE BLVD
-118.29177,34.0981483,170469,6311561,2013,5/27/2014 0:00,1942,12/13/2013,1900,41040,1151,5,5,7,1942,0,0,0,K,0,11A71,VERMONT AV,SUNSET BL,0,,Y,A,-,N,,,,,,,,,,N,4,0,1,2,A,-,9,21801,A,N,G,G,A,A,H,-,C,A,0,,Y,,,Y,,-,-,0,0,1,0,0,0,1,0,0,-,-,,,2100,12,LOS ANGELES,LOS ANGELES,CA,-118.29177,34.0981483,"N VERMONT AVE & W SUNSET BLVD, LOS ANGELES, CA, 90027",N VERMONT AVE,W SUNSET BLVD
-118.1929672,34.1096687,170698,6314541,2013,5/27/2014 0:00,1942,12/13/2013,1140,32996,1118,5,5,7,1942,0,0,0,K,0,2TL15,AVE 57,FIGUEROA ST,15,W,N,A,-,N,,,,,,,,,,N,4,0,1,2,A,-,8,22107,,F,D,G,A,A,H,-,A,A,0,,Y,,,Y,,-,99,0,0,1,0,0,0,1,0,0,-,-,,,1200,12,LOS ANGELES,LOS ANGELES,CA,-118.1929672,34.1096687,"N AVE 57 & N FIGUEROA ST, LOS ANGELES, CA, 90042",N AVE 57,N FIGUEROA ST
-118.33807,34.0979691,171040,6318873,2013,6/2/2014 0:00,1942,12/13/2013,1615,38202,646,5,5,7,1942,0,0,0,F,0,8TL26,MCCADDEN PL,SUNSET BL,0,,Y,A,-,N,,,,,,,,,,N,4,0,1,2,A,-,9,21801,A,N,H,G,A,A,H,-,A,A,0,,Y,,,Y,,A,1,0,0,1,0,0,0,1,0,0,-,-,,,1800,12,LOS ANGELES,LOS ANGELES,CA,-118.33807,34.0979691,"N MCCADDEN PL & W SUNSET BLVD, LOS ANGELES, CA, 90028",N MCCADDEN PL,W SUNSET BLVD
-118.2148341,34.0792999,171397,6322246,2013,5/30/2014 0:00,1942,12/13/2013,1840,37611,413,5,5,7,1942,0,0,0,D,0,4TL4,PASADENA AV,AVENUE 28,9,N,N,B,-,N,,,,,,,,,,N,4,0,1,2,A,-,9,21801,,N,D,G,A,B,H,-,C,A,0,,Y,,,Y,,A,1,0,0,1,0,0,0,1,0,0,-,-,,,2100,12,LOS ANGELES,LOS ANGELES,CA,-118.2148341,34.0792999,"PASADENA AVE & E AVE 28, LOS ANGELES, CA, 90031",PASADENA AVE,E AVE 28
-118.6341825,34.15588,171975,6328950,2013,5/27/2014 0:00,1942,12/13/2013,1550,35481,2183,5,5,7,1942,0,0,0,,0,21TL62,MULHOLLAND DR,SPIELBERG DR,150,S,N,A,-,N,,,,,,,,,,N,3,0,1,2,A,-,8,21717,,N,D,G,A,A,H,-,A,A,0,,Y,,,Y,,A,1,0,1,0,0,0,0,1,0,0,-,-,,,1800,12,LOS ANGELES,LOS ANGELES,CA,-118.6341825,34.15588,"MULHOLLAND DR & SPIELBERG DR, LOS ANGELES, CA",MULHOLLAND DR,SPIELBERG DR
-118.270569,33.9237061,172450,6343425,2013,12/30/2014 0:00,1942,12/13/2013,1725,40548,1863,5,5,7,1942,0,0,0,R,0,18X36,E 120TH ST,SAN PEDRO,300,W,N,A,-,N,,,,,,,,,,N,3,0,2,2,A,-,9,21801,,N,B,G,A,A,H,-,C,D,0,,Y,,,Y,,L,,0,1,1,0,0,0,1,0,0,-,-,,,1800,12,LOS ANGELES,LOS ANGELES,CA,-118.270569,33.9237061,"E 120TH ST & S SAN PEDRO ST, LOS ANGELES, CA, 90061",E 120TH ST,S SAN PEDRO ST
-118.2701299,34.0868149,170471,6311569,2013,5/27/2014 0:00,1942,12/14/2013,100,38323,1172,6,5,7,1942,0,0,0,K,0,11A48,SILVER LAKE BL,BERKELEY,44,N,N,A,-,N,,,,,,,,,,N,4,0,1,2,A,-,8,22103,,N,D,G,A,A,H,-,C,D,0,,Y,,,Y,,A,1,0,0,1,0,0,0,1,0,0,-,-,,,300,12,LOS ANGELES,LOS ANGELES,CA,-118.2701299,34.0868149,"SILVER LAKE BLVD & BERKELEY AVE, LOS ANGELES, CA, 90026",SILVER LAKE BLVD,BERKELEY AVE
-118.30801,34.0835114,170547,6312076,2013,5/23/2014 0:00,1942,12/14/2013,1630,37613,2004,6,5,7,1942,0,0,0,,0,20TI58,MELROSE AV,OXFORD ST,0,,Y,A,-,N,,,,,,,,,,N,4,0,1,2,A,-,9,21802,A,N,D,G,A,A,H,-,A,A,0,,Y,,,Y,,A,1,0,0,1,0,0,0,1,0,0,-,-,,,1800,12,LOS ANGELES,LOS ANGELES,CA,-118.30801,34.0835114,"MELROSE AVE & N OXFORD AVE, LOS ANGELES, CA, 90029",MELROSE AVE,N OXFORD AVE
-118.3022733,34.0108337,171588,6325253,2013,5/14/2014 0:00,1942,12/14/2013,1805,40463,376,6,5,7,1942,0,0,0,C,0,18T39,MLK BL,HALLDALE AV,30,E,N,A,-,N,,,,,,,,,,N,3,0,2,2,A,-,9,21804,A,N,H,G,A,A,H,-,C,D,0,,Y,,,Y,,L,4,0,1,1,0,0,0,2,0,0,-,-,,,2100,12,LOS ANGELES,LOS ANGELES,CA,-118.3022733,34.0108337,"W MARTIN LUTHER KING JR BLVD & HALLDALE AVE, LOS ANGELES, CA, 90062",W MARTIN LUTHER KING JR BLVD,HALLDALE AVE
-118.3822,34.179409,169786,6300691,2013,5/20/2014 0:00,1942,12/16/2013,1550,33294,1526,1,5,7,1942,0,0,0,O,0,35M81,OXNARD ST,BECK AV,0,,Y,A,-,N,,,,,,,,,,N,3,0,1,2,A,-,9,21804,A,N,D,G,A,A,A,-,A,A,0,,Y,,,Y,,L,4,0,1,0,0,0,0,1,0,0,-,-,,,1800,12,LOS ANGELES,LOS ANGELES,CA,-118.3822,34.179409,"OXNARD ST & BECK AVE, LOS ANGELES, CA, 91606",OXNARD ST,BECK AVE
-118.32844,34.0446815,170534,6312052,2013,5/21/2014 0:00,1942,12/16/2013,655,37538,777,1,5,7,1942,0,0,0,,0,7X52,CRENSHAW BL,VENICE BL,0,,Y,A,-,N,,,,,,,,,,N,4,0,1,2,-,-,-,,,F,C,G,A,A,H,-,A,A,0,,Y,,,Y,,-,-,0,0,1,0,0,0,1,0,0,-,-,,,900,12,LOS ANGELES,LOS ANGELES,CA,-118.32844,34.0446815,"CRENSHAW BLVD & VENICE BLVD, LOS ANGELES, CA, 90019",CRENSHAW BLVD,VENICE BLVD
-118.32036,33.9931908,172488,6345398,2013,5/16/2014 0:00,1942,12/16/2013,1655,40152,1211,1,5,7,1942,0,0,0,L,0,3TL57,54TH ST,3RD AV,0,,Y,A,-,N,,,,,,,,,,N,4,0,1,2,A,-,9,21801,A,N,D,G,A,A,H,-,C,A,0,,Y,,,Y,,A,7,0,0,1,0,0,0,1,0,0,-,-,,,1800,12,LOS ANGELES,LOS ANGELES,CA,-118.32036,33.9931908,"W 54TH ST & 3RD AVE, LOS ANGELES, CA, 90043",W 54TH ST,3RD AVE
,,171394,6322231,2013,1/12/2015 0:00,1942,12/17/2013,1200,32178,LOSAN,2,5,7,1942,0,0,0,,0,1395,MCKINLEY AV,GAGE AV,500,N,N,A,-,N,,,,,,,,,,N,4,0,1,2,A,-,-,,,F,D,G,A,B,H,-,A,D,0,,Y,,,Y,,-,-,0,0,1,0,0,0,1,0,0,-,-,,,1500,12,LOS ANGELES,LOS ANGELES,CA,,,,,
-118.2559953,34.0298615,170130,6306530,2013,5/29/2014 0:00,1942,12/18/2013,1355,31816,1313,3,5,7,1942,0,0,0,M,0,4TL43,SAN PEDRO ST,16TH ST,2,S,N,B,-,N,,,,,,,,,,N,4,0,1,2,A,-,5,21650,,N,A,G,A,A,H,-,A,A,0,,Y,,,Y,,L,4,0,0,1,0,0,0,1,0,0,-,-,,,1500,12,LOS ANGELES,LOS ANGELES,CA,-118.2559953,34.0298615,"S SAN PEDRO ST & E 16TH ST, LOS ANGELES, CA, 90015",S SAN PEDRO ST,E 16TH ST
-118.2816597,34.067482,170183,6308095,2013,5/30/2014 0:00,1942,12/18/2013,740,39349,241,3,5,7,1942,0,0,0,B,0,2TL15,W 3RD ST,S OCCIDENTAL BL,170,E,N,A,-,N,,,,,,,,,,N,4,0,1,2,A,-,9,21804,A,N,D,G,A,A,H,-,A,D,0,,Y,,,Y,,A,8,0,0,1,0,0,0,1,0,0,-,-,,,900,12,LOS ANGELES,LOS ANGELES,CA,-118.2816597,34.067482,"W 3RD ST & S OCCIDENTAL BLVD, LOS ANGELES, CA, 90057",W 3RD ST,S OCCIDENTAL BLVD
-118.2652009,33.9814377,170460,6311538,2013,5/27/2014 0:00,1942,12/18/2013,1820,39586,1385,3,5,7,1942,0,0,0,M,0,1T11,AVALON BL,GAGE AV,185,S,N,B,-,N,,,,,,,,,,N,3,0,1,2,A,-,5,21650,1,N,D,G,A,A,H,-,C,D,0,,Y,,,Y,,L,4,0,1,0,0,0,0,1,0,0,-,-,,,2100,12,LOS ANGELES,LOS ANGELES,CA,-118.2652009,33.9814377,"AVALON BLVD & E GAGE AVE, LOS ANGELES, CA, 90001",AVALON BLVD,E GAGE AVE
-118.47056,34.1938782,170946,6318349,2013,5/23/2014 0:00,1942,12/18/2013,1830,41050,911,3,5,7,1942,0,0,0,I,0,9A41W3,VANOWEN ST,ORION AV,0,,Y,B,-,N,,,,,,,,,,N,4,0,1,2,D,-,0,,,N,D,G,A,A,H,-,C,-,0,,Y,,,Y,,-,-,0,0,1,0,0,0,1,0,0,-,-,,,2100,12,LOS ANGELES,LOS ANGELES,CA,-118.47056,34.1938782,"VANOWEN ST & ORION AVE, LOS ANGELES, CA, 91406",VANOWEN ST,ORION AVE
-118.4327421,34.2214622,172052,6331963,2013,5/28/2014 0:00,1942,12/18/2013,1630,33620,1925,3,5,7,1942,0,0,0,,0,19A1,WOODMAN AV,ROSCOE BL,70,S,N,A,-,N,,,,,,,,,,N,4,0,1,2,A,-,3,22350,,N,D,G,A,A,H,-,B,A,0,,Y,,,Y,,L,4,0,0,1,0,0,0,1,0,0,-,-,,,1800,12,LOS ANGELES,LOS ANGELES,CA,-118.4327421,34.2214622,"WOODMAN AVE & ROSCOE BLVD, LOS ANGELES, CA, 91402",WOODMAN AVE,ROSCOE BLVD
-118.2818225,34.0266647,172620,6348784,2013,5/16/2014 0:00,1942,12/18/2013,1540,33599,328,3,5,7,1942,0,0,0,C,0,3TL57,30TH ST,UNIVERSITY,7,W,N,B,-,N,,,,,,,,,,N,4,0,1,2,A,-,9,21804,A,N,H,G,A,A,H,-,A,A,0,,Y,,,Y,,L,4,0,0,1,0,0,0,1,0,0,-,-,,,1800,12,LOS ANGELES,LOS ANGELES,CA,-118.2818225,34.0266647,"W 30TH ST & UNIVERSITY AVE, LOS ANGELES, CA, 90007",W 30TH ST,UNIVERSITY AVE
-118.63069,34.1525116,171445,6322672,2013,5/27/2014 0:00,1942,12/19/2013,1538,37887,2183,4,5,7,1942,0,0,0,,0,21A57,VALMAR,MULLHOLLAND,0,,Y,A,-,N,,,,,,,,,,N,3,0,1,2,A,-,8,22107,,N,C,G,A,D,H,-,A,A,0,,Y,,,Y,,L,4,0,1,0,0,0,0,1,0,0,-,-,,,1800,12,LOS ANGELES,LOS ANGELES,CA,-118.63069,34.1525116,"VALMAR RD & MULHOLLAND DR, LOS ANGELES, CA, 91302",VALMAR RD,MULHOLLAND DR
-118.2915621,34.0295525,172072,6332252,2013,5/15/2014 0:00,1942,12/19/2013,1520,36738,325,4,5,7,1942,0,0,0,C,0,3T57,VERMONT AV,28TH ST,8,S,N,B,-,N,,,,,,,,,,Y,4,0,1,2,A,-,9,21801,A,N,D,G,A,A,H,-,A,D,0,,Y,,,Y,,A,8,0,0,1,0,0,0,1,0,0,-,-,,,1800,12,LOS ANGELES,LOS ANGELES,CA,-118.2915621,34.0295525,"S VERMONT AVE & W 28TH ST, LOS ANGELES, CA, 90007",S VERMONT AVE,W 28TH ST
-118.2939376,33.7674751,172613,6348756,2013,6/2/2014 0:00,1942,12/19/2013,1750,33065,521,4,5,7,1942,0,0,0,E,0,12T73,GAFFEY ST,WESTMONT DR,1320,N,N,A,-,N,,,,,,,,,,N,3,0,1,2,A,-,3,22350,,F,H,G,A,A,H,-,D,D,0,,Y,,,Y,,-,99,0,1,0,0,0,0,1,0,0,-,-,,,1800,12,LOS ANGELES,LOS ANGELES,CA,-118.2939376,33.7674751,"N GAFFEY ST & WESTMONT DR, LOS ANGELES, CA, 90731",N GAFFEY ST,WESTMONT DR
-118.2692232,34.0530281,170185,6308103,2013,5/30/2014 0:00,1942,12/20/2013,1925,39876,269,5,5,7,1942,0,0,0,B,0,24EC3,7TH ST,VALENCIA ST,60,E,N,A,-,N,,,,,,,,,,N,3,0,1,2,C,-,18,,,N,B,G,A,A,H,-,C,D,0,,Y,,,Y,,-,-,0,1,0,0,0,0,1,0,0,-,-,,,2100,12,LOS ANGELES,LOS ANGELES,CA,-118.2692232,34.0530281,"W 7TH ST & VALENCIA ST, LOS ANGELES, CA, 90017",W 7TH ST,VALENCIA ST